case_id,patient,sequence,t1c_bytes,t1c_shape,t1c_min,t1c_max,t1c_mean,t1c_std,t1c_nonzero_pct,t1n_bytes,t1n_shape,t1n_min,t1n_max,t1n_mean,t1n_std,t1n_nonzero_pct,t2f_bytes,t2f_shape,t2f_min,t2f_max,t2f_mean,t2f_std,t2f_nonzero_pct,t2w_bytes,t2w_shape,t2w_min,t2w_max,t2w_mean,t2w_std,t2w_nonzero_pct,seg_bytes,seg_shape,seg_nunique,seg_non-enhancing core (NCR)_voxels,seg_non-enhancing core (NCR)_mm3,seg_whole tumor (WST)_voxels,seg_whole tumor (WST)_mm3,tumor_tumor_core_voxels,tumor_tumor_core_mm3,tumor_whole_tumor_voxels,tumor_whole_tumor_mm3,tumor_edema_only_voxels,tumor_edema_only_mm3,tumor_enhancing_only_voxels,tumor_enhancing_only_mm3,tumor_volume_fraction,seg_enhancing core (ET)_voxels,seg_enhancing core (ET)_mm3,seg_edema (ET)_voxels,seg_edema (ET)_mm3
BraTS-GLI-00005-100,00005,100,4443215,"182,218,182",0.0,8183.82373046875,357.1735534667969,825.2267456054688,17.158696984032197,4432342,"182,218,182",0.0,4300.9189453125,293.48004150390625,668.3679809570312,17.158696984032197,4516599,"182,218,182",0.0,1406.898681640625,80.0901870727539,189.46824645996094,17.15833692469442,4501751,"182,218,182",0.0,2519.352783203125,121.6628646850586,307.92449951171875,17.158696984032197,34996,"182,218,182",3,22960,22960.0,4246.0,4246.0,22960,22960.0,4246,4246.0,0,0.0,0,0.0,0.000588004595465025,,,,
BraTS-GLI-00005-101,00005,101,4223234,"182,218,182",0.0,7013.974609375,331.4726257324219,767.34033203125,16.514204617844097,4240126,"182,218,182",0.0,4595.9208984375,288.7283935546875,665.3130493164062,16.514204617844097,4323607,"182,218,182",0.0,1222.2093505859375,75.28929901123047,181.30825805664062,16.514204617844097,4235976,"182,218,182",0.0,2707.994384765625,129.9529571533203,328.25732421875,16.514204617844097,34626,"182,218,182",3,23658,23658.0,3641.0,3641.0,23658,23658.0,3641,3641.0,0,0.0,0,0.0,0.0005042215572510965,,,,
BraTS-GLI-00006-100,00006,100,5199615,"182,218,182",0.0,7779.4052734375,452.5072326660156,939.7010498046875,20.272046987189643,5218197,"182,218,182",0.0,3958.549560546875,494.7358703613281,1033.4791259765625,20.272046987189643,5235863,"182,218,182",0.0,985.1010131835938,76.3447494506836,163.61585998535156,20.271160687281263,5207565,"182,218,182",0.0,2482.30419921875,149.04150390625,331.0892028808594,20.272046987189643,37542,"182,218,182",3,17907,17907.0,22074.0,22074.0,17907,17907.0,22074,22074.0,0,0.0,0,0.0,0.003056903777742572,,,,
BraTS-GLI-00006-101,00006,101,5130891,"182,218,182",0.0,7927.17529296875,422.9576416015625,872.3861083984375,20.178293075006454,5195378,"182,218,182",0.0,4378.68359375,366.1366882324219,749.024169921875,20.178293075006454,5260020,"182,218,182",0.0,1207.9017333984375,93.1076431274414,196.96966552734375,20.178293075006454,5178498,"182,218,182",0.0,2635.57861328125,151.12892150878906,341.5119934082031,20.178293075006454,37628,"182,218,182",3,18747,18747.0,18491.0,18491.0,18747,18747.0,18491,18491.0,0,0.0,0,0.0,0.0025607143134111577,,,,
BraTS-GLI-00008-100,00008,100,5016402,"182,218,182",0.0,7829.083984375,405.8455810546875,861.8387451171875,19.517570341746165,5037021,"182,218,182",0.0,3785.478271484375,441.2749328613281,935.8543701171875,19.517570341746165,5074515,"182,218,182",0.0,1396.8680419921875,108.09768676757812,234.4747314453125,19.517251827716592,5096160,"182,218,182",0.0,2365.060302734375,129.92050170898438,298.76458740234375,19.517570341746165,32516,"182,218,182",4,6976,6976.0,1816.0,1816.0,7111,7111.0,1816,1816.0,0,0.0,135,135.0,0.0002514875990024695,135.0,135.0,,
BraTS-GLI-00008-101,00008,101,4785582,"182,218,182",0.0,7818.44677734375,436.453369140625,932.360595703125,18.909056212463817,4845142,"182,218,182",0.0,4086.9140625,442.2423095703125,938.9100341796875,18.909056212463817,4882688,"182,218,182",0.0,1451.2113037109375,111.10909271240234,243.36143493652344,18.909056212463817,4833218,"182,218,182",0.0,2682.56494140625,143.70724487304688,336.96954345703125,18.909056212463817,32716,"182,218,182",4,7771,7771.0,1903.0,1903.0,7837,7837.0,1903,1903.0,0,0.0,66,66.0,0.00026353573838199304,66.0,66.0,,
BraTS-GLI-00008-102,00008,102,5298943,"182,218,182",0.0,6494.75732421875,472.5458068847656,987.4266967773438,20.49136466920518,5339326,"182,218,182",0.0,3664.204345703125,429.96044921875,907.5805053710938,20.49136466920518,5260630,"182,218,182",0.0,2396.943359375,185.2871856689453,393.66461181640625,20.490769186454237,5325478,"182,218,182",0.0,5491.56640625,330.5443115234375,727.7755737304688,20.49136466920518,34419,"182,218,182",4,14891,14891.0,1891.0,1891.0,15428,15428.0,1891,1891.0,0,0.0,537,537.0,0.0002618739260537829,537.0,537.0,,
BraTS-GLI-00008-103,00008,103,4960317,"182,218,182",0.0,8919.361328125,598.0769653320312,1255.8758544921875,19.630490489448047,5069309,"182,218,182",0.0,3923.2724609375,443.29876708984375,948.1773681640625,19.630490489448047,5003226,"182,218,182",0.0,2332.466064453125,169.94007873535156,364.90472412109375,19.630490489448047,5046547,"182,218,182",0.0,5495.7421875,335.40130615234375,751.69189453125,19.630490489448047,33134,"182,218,182",4,9588,9588.0,1756.0,1756.0,9766,9766.0,1756,1756.0,0,0.0,178,178.0,0.0002431785373614187,178.0,178.0,,
BraTS-GLI-00009-100,00009,100,4902449,"182,218,182",0.0,8411.6337890625,436.635498046875,945.0016479492188,19.137084560766386,4944358,"182,218,182",0.0,4874.15185546875,442.0665283203125,949.73974609375,19.137084560766386,4975745,"182,218,182",0.0,2019.424560546875,119.24140930175781,266.39654541015625,19.136793743608944,5014082,"182,218,182",0.0,2509.149658203125,135.54727172851562,321.0091857910156,19.137084560766386,295569,"182,218,182",5,73175,73175.0,2984.0,2984.0,79486,79486.0,2984,2984.0,177,177.0,6311,6311.0,0.00041323733228159075,6311.0,6311.0,177.0,177.0
BraTS-GLI-00009-101,00009,101,4664517,"182,218,182",0.0,7714.23681640625,419.96942138671875,915.2122802734375,18.37129374305501,4725635,"182,218,182",0.0,5555.82373046875,432.1772766113281,936.31494140625,18.37129374305501,4734161,"182,218,182",0.0,2011.756591796875,112.32706451416016,253.4443817138672,18.37129374305501,4757121,"182,218,182",0.0,2579.12744140625,134.13832092285156,324.65789794921875,18.37129374305501,48645,"182,218,182",5,81545,81545.0,727.0,727.0,92879,92879.0,727,727.0,559,559.0,11334,11334.0,0.0001006781302173983,11334.0,11334.0,559.0,559.0
BraTS-GLI-00020-100,00020,100,6165634,"182,218,182",0.0,10128.0791015625,637.9967651367188,1254.3843994140625,23.905308825663703,6236979,"182,218,182",0.0,4045.1396484375,428.8197021484375,824.4110717773438,23.905308825663703,6187192,"182,218,182",0.0,3022.50634765625,239.0764923095703,480.0003967285156,23.907649211359264,6209843,"182,218,182",0.0,3934.225341796875,354.5888671875,716.868408203125,23.905308825663703,65500,"182,218,182",5,98437,98437.0,1660.0,1660.0,120358,120358.0,1660,1660.0,1449,1449.0,21921,21921.0,0.0002298840387357375,21921.0,21921.0,1449.0,1449.0
BraTS-GLI-00020-101,00020,101,5881349,"182,218,182",0.0,9968.00390625,715.9130859375,1404.0518798828125,23.08285020756036,5959298,"182,218,182",0.0,5160.24462890625,549.3372802734375,1059.958251953125,23.08285020756036,5948796,"182,218,182",0.0,2657.548095703125,230.82847595214844,468.4403076171875,23.08285020756036,5968897,"182,218,182",0.0,4657.32568359375,420.9906921386719,853.757568359375,23.08285020756036,68888,"182,218,182",5,103712,103712.0,1702.0,1702.0,132727,132727.0,1702,1702.0,1750,1750.0,29015,29015.0,0.00023570038188447303,29015.0,29015.0,1750.0,1750.0
BraTS-GLI-00027-100,00027,100,5819867,"182,218,182",0.0,10074.6640625,576.2096557617188,1125.4434814453125,22.825892476310866,5927251,"182,218,182",0.0,3767.62109375,403.2989196777344,782.4398803710938,22.825892476310866,5843676,"182,218,182",0.0,2671.44580078125,228.26487731933594,458.6557312011719,22.826487959061808,5851749,"182,218,182",0.0,2661.341552734375,173.83175659179688,363.0047912597656,22.825892476310866,40801,"182,218,182",4,35038,35038.0,3228.0,3228.0,39428,39428.0,3228,3228.0,0,0.0,4390,4390.0,0.0004470275162885305,4390.0,4390.0,,
BraTS-GLI-00027-101,00027,101,5519774,"182,218,182",0.0,9281.8291015625,483.7200927734375,958.29296875,21.74672539880726,5605441,"182,218,182",0.0,3939.6533203125,398.4835205078125,786.3373413085938,21.74672539880726,5536656,"182,218,182",0.0,2566.978515625,217.4672393798828,443.49639892578125,21.74672539880726,5511898,"182,218,182",0.0,2776.0009765625,171.77505493164062,369.24365234375,21.74672539880726,40993,"182,218,182",5,33102,33102.0,2566.0,2566.0,39720,39720.0,2566,2566.0,75,75.0,6618,6618.0,0.0003553508695156039,6618.0,6618.0,75.0,75.0
BraTS-GLI-00033-100,00033,100,5231641,"182,218,182",0.0,6963.68359375,423.8727111816406,881.5658569335938,20.293193549066117,5250318,"182,218,182",0.0,3618.11181640625,349.6697082519531,722.9330444335938,20.293193549066117,5318392,"182,218,182",0.0,1284.553466796875,101.4449691772461,217.63690185546875,20.292570369443037,5263893,"182,218,182",0.0,2777.308349609375,166.29588317871094,390.01922607421875,20.293193549066117,43369,"182,218,182",3,14262,14262.0,71532.0,71532.0,14262,14262.0,71532,71532.0,0,0.0,0,0.0,0.009906063288460708,,,,
BraTS-GLI-00033-101,00033,101,4943554,"182,218,182",0.0,8059.74853515625,468.048095703125,986.2395629882812,19.568504889605805,4967445,"182,218,182",0.0,3739.69970703125,326.0947570800781,677.4598388671875,19.568504889605805,5085977,"182,218,182",0.0,1411.441650390625,104.82427978515625,226.3530731201172,19.568504889605805,5025039,"182,218,182",0.0,2462.455322265625,151.38644409179688,350.43682861328125,19.568504889605805,42822,"182,218,182",3,12445,12445.0,67924.0,67924.0,12445,12445.0,67924,67924.0,0,0.0,0,0.0,0.009406411715112188,,,,
BraTS-GLI-00046-100,00046,100,4870300,"182,218,182",0.0,8523.6220703125,398.20263671875,890.634033203125,18.67575161001918,4890444,"182,218,182",0.0,3227.96240234375,315.3275451660156,705.4286499023438,18.67575161001918,4849056,"182,218,182",0.0,2126.99609375,152.3507843017578,349.9975280761719,18.675516186606014,4855757,"182,218,182",0.0,4958.97412109375,230.90914916992188,594.3661499023438,18.67575161001918,39446,"182,218,182",5,20851,20851.0,4290.0,4290.0,27038,27038.0,4290,4290.0,63,63.0,6187,6187.0,0.0005940979073351288,6187.0,6187.0,63.0,63.0
BraTS-GLI-00046-101,00046,101,4699262,"182,218,182",0.0,10594.953125,572.4405517578125,1270.9068603515625,18.489864052672804,4805359,"182,218,182",0.0,4318.5869140625,378.16064453125,838.1002197265625,18.489864052672804,4762058,"182,218,182",0.0,2635.573974609375,178.72975158691406,410.83447265625,18.489864052672804,4708678,"182,218,182",0.0,3269.9970703125,210.75262451171875,488.6329040527344,18.489864052672804,53954,"182,218,182",5,64644,64644.0,9469.0,9469.0,89950,89950.0,9469,9469.0,4912,4912.0,25306,25306.0,0.001311308411318493,25306.0,25306.0,4912.0,4912.0
BraTS-GLI-00060-100,00060,100,6313117,"182,218,182",0.0,6819.109375,471.3014221191406,884.3634643554688,24.343639524101267,6189926,"182,218,182",0.0,4056.98291015625,368.0610046386719,684.777587890625,24.343639524101267,6368616,"182,218,182",0.0,1389.87744140625,120.81033325195312,236.74099731445312,24.317895281450074,6315413,"182,218,182",0.0,3001.1083984375,265.6938781738281,569.8005981445312,24.343639524101267,53560,"182,218,182",5,65043,65043.0,1638.0,1638.0,74847,74847.0,1638,1638.0,165,165.0,9804,9804.0,0.00022683738280068554,9804.0,9804.0,165.0,165.0
BraTS-GLI-00060-101,00060,101,6160382,"182,218,182",0.0,7718.25,501.38751220703125,932.3892822265625,24.15880444789609,6192227,"182,218,182",0.0,4235.6455078125,401.18194580078125,744.2581787109375,24.15880444789609,6266279,"182,218,182",0.0,1593.2774658203125,132.76658630371094,259.5246887207031,24.15880444789609,6224979,"182,218,182",0.0,3086.101806640625,252.5091094970703,540.083984375,24.15880444789609,54808,"182,218,182",4,68065,68065.0,2309.0,2309.0,78952,78952.0,2309,2309.0,0,0.0,10887,10887.0,0.0003197603888197698,10887.0,10887.0,,
BraTS-GLI-00063-100,00063,100,6151518,"182,218,182",0.0,9994.451171875,556.6370849609375,1052.626220703125,23.95312747540795,6150326,"182,218,182",0.0,10014.3779296875,557.9039306640625,1055.20751953125,23.95312747540795,6137419,"182,218,182",0.0,2097.366455078125,188.19113159179688,360.7982482910156,23.953072081663674,6179595,"182,218,182",0.0,4811.27734375,378.5488586425781,739.4793090820312,23.95312747540795,32505,"182,218,182",4,9928,9928.0,,,10797,10797.0,0,0.0,108,108.0,869,869.0,0.0,869.0,869.0,108.0,108.0
BraTS-GLI-00063-101,00063,101,5832264,"182,218,182",0.0,13797.6123046875,869.400390625,1657.1536865234375,23.404757103970734,5977653,"182,218,182",0.0,4756.64697265625,660.202880859375,1245.279052734375,23.404757103970734,5948866,"182,218,182",0.0,2325.8203125,212.63197326660156,409.63165283203125,23.404757103970734,5940778,"182,218,182",0.0,4095.06884765625,306.28228759765625,601.8997192382812,23.404757103970734,44515,"182,218,182",4,67172,67172.0,,,77044,77044.0,0,0.0,283,283.0,9872,9872.0,0.0,9872.0,9872.0,283.0,283.0
BraTS-GLI-00078-100,00078,100,5968768,"182,218,182",0.0,8138.31103515625,562.7989501953125,1093.94189453125,23.13627747391232,6040418,"182,218,182",0.0,3220.518310546875,384.7371826171875,758.369140625,23.13627747391232,6010910,"182,218,182",0.0,2001.458984375,151.66665649414062,304.7453918457031,23.13744074254206,6060338,"182,218,182",0.0,5803.92919921875,517.4093627929688,1041.5228271484375,23.13627747391232,53824,"182,218,182",3,67561,67561.0,4770.0,4770.0,67561,67561.0,4770,4770.0,0,0.0,0,0.0,0.0006605704004635348,,,,
BraTS-GLI-00078-101,00078,101,5654012,"182,218,182",0.0,6262.20947265625,418.32354736328125,837.9959106445312,21.96619541361955,5694570,"182,218,182",0.0,3628.91845703125,372.310546875,747.664306640625,21.96619541361955,5667362,"182,218,182",0.0,2151.461669921875,141.82106018066406,295.0032958984375,21.96619541361955,5696378,"182,218,182",0.0,5975.77978515625,488.5550842285156,999.2747802734375,21.96619541361955,54113,"182,218,182",3,71869,71869.0,4735.0,4735.0,71869,71869.0,4735,4735.0,0,0.0,0,0.0,0.0006557234478395885,,,,
BraTS-GLI-00080-100,00080,100,5072946,"182,218,182",0.0,6986.3125,425.60626220703125,896.8582763671875,19.703845655302455,5044195,"182,218,182",0.0,4262.451171875,526.1195678710938,1109.5927734375,19.703845655302455,5147692,"182,218,182",0.0,1372.7537841796875,111.80320739746094,243.3148193359375,19.70399798809921,5161050,"182,218,182",0.0,2475.937744140625,139.1054229736328,323.02947998046875,19.703845655302455,41244,"182,218,182",5,25178,25178.0,1528.0,1528.0,34378,34378.0,1528,1528.0,4114,4114.0,9200,9200.0,0.00021160410312542584,9200.0,9200.0,4114.0,4114.0
BraTS-GLI-00080-101,00080,101,5042023,"182,218,182",0.0,8920.189453125,480.0671691894531,1013.9497680664062,19.760831969723995,5131619,"182,218,182",0.0,3736.675537109375,398.00390625,836.652099609375,19.760831969723995,5050510,"182,218,182",0.0,2730.577392578125,150.474365234375,327.46319580078125,19.760831969723995,5091289,"182,218,182",0.0,6475.6455078125,365.4620056152344,814.848388671875,19.760831969723995,54971,"182,218,182",5,80459,80459.0,1167.0,1167.0,102854,102854.0,1167,1167.0,5587,5587.0,22395,22395.0,0.00016161124891843714,22395.0,22395.0,5587.0,5587.0
BraTS-GLI-00085-100,00085,100,5964540,"182,218,182",0.0,7771.83984375,464.42816162109375,894.3851928710938,23.08433199021968,5963039,"182,218,182",0.0,3763.885009765625,512.073974609375,979.9129028320312,23.08433199021968,6040651,"182,218,182",0.0,1372.4278564453125,114.77068328857422,226.6246795654297,23.08424889960327,6014951,"182,218,182",0.0,2688.692626953125,174.0955047607422,369.0964050292969,23.08433199021968,36905,"182,218,182",3,12467,12467.0,15512.0,15512.0,12467,12467.0,15512,15512.0,0,0.0,0,0.0,0.002148169402932988,,,,
BraTS-GLI-00085-101,00085,101,5671870,"182,218,182",0.0,6026.44970703125,418.071533203125,807.6558837890625,22.208169137043015,5703470,"182,218,182",0.0,3947.984619140625,494.4293212890625,952.607421875,22.208169137043015,5778037,"182,218,182",0.0,1389.879150390625,114.00636291503906,228.7515411376953,22.208169137043015,5719108,"182,218,182",0.0,2751.53857421875,166.76779174804688,365.6267395019531,22.208169137043015,38910,"182,218,182",3,18245,18245.0,13241.0,13241.0,18245,18245.0,13241,13241.0,0,0.0,0,0.0,0.001833671419819217,,,,
BraTS-GLI-00096-101,00096,101,5412964,"182,218,182",0.0,6635.8974609375,462.4853210449219,914.2000122070312,21.31547125120066,5478382,"182,218,182",0.0,4144.18994140625,407.16497802734375,800.2630615234375,21.31547125120066,5533222,"182,218,182",0.0,1448.627685546875,116.94969940185547,238.6986083984375,21.31547125120066,5478906,"182,218,182",0.0,2480.854248046875,152.99107360839844,326.7020568847656,21.31547125120066,51658,"182,218,182",5,78817,78817.0,390.0,390.0,87902,87902.0,390,390.0,363,363.0,9085,9085.0,5.40089006668299e-05,9085.0,9085.0,363.0,363.0
BraTS-GLI-00096-100,00096,100,5838796,"182,218,182",0.0,6574.10595703125,470.6635437011719,915.6758422851562,22.57191215881608,5864249,"182,218,182",0.0,2826.23388671875,389.5868835449219,758.763671875,22.57191215881608,5825222,"182,218,182",0.0,1653.7684326171875,150.1674041748047,299.2571716308594,22.5710258589077,5865026,"182,218,182",0.0,2280.401611328125,151.15762329101562,310.54046630859375,22.57191215881608,57046,"182,218,182",5,107064,107064.0,232.0,232.0,119316,119316.0,232,232.0,445,445.0,12252,12252.0,3.212837167872958e-05,12252.0,12252.0,445.0,445.0
BraTS-GLI-00463-100,00463,100,5977569,"182,218,182",0.0,8711.287109375,530.7030029296875,1019.4362182617188,23.37134082773764,6031221,"182,218,182",0.0,3525.365234375,409.9283142089844,770.9894409179688,23.37134082773764,6078394,"182,218,182",0.0,1515.488525390625,131.20115661621094,255.87615966796875,23.372614883855935,6022202,"182,218,182",0.0,2750.242431640625,184.96139526367188,385.8111267089844,23.37134082773764,39715,"182,218,182",5,32988,32988.0,2037.0,2037.0,48662,48662.0,2037,2037.0,314,314.0,15674,15674.0,0.00028209264271367304,15674.0,15674.0,314.0,314.0
BraTS-GLI-00463-101,00463,101,5697047,"182,218,182",0.0,7089.927734375,477.95343017578125,922.5342407226562,22.406340257182077,5754793,"182,218,182",0.0,3964.421142578125,423.6331481933594,804.7311401367188,22.406340257182077,5740743,"182,218,182",0.0,1871.45068359375,140.7041015625,278.7728271484375,22.406340257182077,5749659,"182,218,182",0.0,2595.378662109375,170.8509979248047,362.6068115234375,22.406340257182077,39334,"182,218,182",5,24884,24884.0,1549.0,1549.0,36196,36196.0,1549,1549.0,1412,1412.0,11312,11312.0,0.0002145122746997936,11312.0,11312.0,1412.0,1412.0
BraTS-GLI-00469-100,00469,100,5532530,"182,218,182",0.0,7281.1015625,397.7034606933594,826.56103515625,21.24098051358864,5482277,"182,218,182",0.0,4635.9345703125,577.8590698242188,1179.7105712890625,21.24098051358864,5470841,"182,218,182",0.0,2021.19287109375,179.15673828125,372.9870300292969,21.24070354486727,5493277,"182,218,182",0.0,3460.5048828125,274.2027282714844,581.1529541015625,21.24098051358864,56477,"182,218,182",4,99299,99299.0,,,134210,134210.0,0,0.0,9674,9674.0,34911,34911.0,0.0,34911.0,34911.0,9674.0,9674.0
BraTS-GLI-00469-101,00469,101,4982563,"182,218,182",0.0,6620.6484375,374.4537048339844,791.7241821289062,19.51762573549044,5017664,"182,218,182",0.0,3537.57666015625,334.03240966796875,697.5901489257812,19.51762573549044,5095559,"182,218,182",0.0,1378.3492431640625,95.49303436279297,207.73936462402344,19.51762573549044,5034944,"182,218,182",0.0,3202.77001953125,183.56210327148438,440.90350341796875,19.51762573549044,40176,"182,218,182",5,26946,26946.0,1131.0,1131.0,33457,33457.0,1131,1131.0,9067,9067.0,6511,6511.0,0.0001566258119338067,6511.0,6511.0,9067.0,9067.0
BraTS-GLI-00472-100,00472,100,6113946,"182,218,182",0.0,6875.53125,551.401123046875,1064.6181640625,23.65006830048669,6131799,"182,218,182",0.0,4082.1455078125,537.5167236328125,1038.6309814453125,23.65006830048669,6123882,"182,218,182",0.0,1818.4979248046875,150.9253387451172,296.8061218261719,23.65052529887695,6128338,"182,218,182",0.0,4333.1220703125,366.7298583984375,751.6902465820312,23.65006830048669,34007,"182,218,182",3,10088,10088.0,15519.0,15519.0,10088,10088.0,15519,15519.0,0,0.0,0,0.0,0.0021491387934577774,,,,
BraTS-GLI-00472-101,00472,101,5841175,"182,218,182",0.0,8228.3896484375,627.735595703125,1210.2813720703125,22.9808841727886,5926275,"182,218,182",0.0,4084.91357421875,522.9130859375,1016.272705078125,22.9808841727886,5890069,"182,218,182",0.0,2353.409912109375,191.8546142578125,382.8775634765625,22.9808841727886,5927357,"182,218,182",0.0,5813.4599609375,447.062744140625,928.7236328125,22.9808841727886,33543,"182,218,182",3,8833,8833.0,14017.0,14017.0,8833,8833.0,14017,14017.0,0,0.0,0,0.0,0.00194113528371014,,,,
BraTS-GLI-00483-100,00483,100,5998304,"182,218,182",0.0,6341.5048828125,433.8206481933594,824.192626953125,23.199149373662934,5963826,"182,218,182",0.0,3630.27001953125,388.8633117675781,737.90185546875,23.199149373662934,6091137,"182,218,182",0.0,1444.8548583984375,107.22795104980469,213.6085662841797,23.19917707053507,5991653,"182,218,182",0.0,2667.891845703125,186.15660095214844,395.0824279785156,23.199149373662934,44891,"182,218,182",4,55270,55270.0,1540.0,1540.0,55981,55981.0,1540,1540.0,0,0.0,711,711.0,0.000213265915453636,711.0,711.0,,
BraTS-GLI-00485-100,00485,100,5085119,"182,218,182",0.0,8408.3046875,470.9139709472656,1019.17919921875,19.68130040138307,5123648,"182,218,182",0.0,3593.278076171875,427.4681091308594,932.7749633789062,19.68130040138307,5123800,"182,218,182",0.0,1689.118896484375,120.3338394165039,267.96148681640625,19.681785096645466,5185552,"182,218,182",0.0,9162.5927734375,440.10980224609375,1028.836669921875,19.68130040138307,35620,"182,218,182",5,14946,14946.0,3742.0,3742.0,17781,17781.0,3742,3742.0,427,427.0,2835,2835.0,0.0005182084776801986,2835.0,2835.0,427.0,427.0
BraTS-GLI-00483-101,00483,101,5747397,"182,218,182",0.0,10245.7177734375,637.2908935546875,1236.70654296875,22.72396798684731,5881647,"182,218,182",0.0,3886.918212890625,480.2500305175781,932.675537109375,22.72396798684731,5798341,"182,218,182",0.0,2000.810546875,180.84913635253906,357.7195129394531,22.72396798684731,5787419,"182,218,182",0.0,3782.546875,313.7333679199219,634.9389038085938,22.72396798684731,46391,"182,218,182",4,63585,63585.0,1422.0,1422.0,64006,64006.0,1422,1422.0,0,0.0,421,421.0,0.00019692476089290284,421.0,421.0,,
BraTS-GLI-00485-101,00485,101,4871955,"182,218,182",0.0,10149.732421875,504.4827575683594,1102.93212890625,19.12284836848805,4934228,"182,218,182",0.0,4074.06298828125,470.55419921875,1023.00732421875,19.12284836848805,4905236,"182,218,182",0.0,2289.53466796875,165.11805725097656,368.1135559082031,19.12284836848805,4931085,"182,218,182",0.0,4882.67529296875,296.9755554199219,690.681884765625,19.12284836848805,36556,"182,218,182",5,11127,11127.0,7020.0,7020.0,14155,14155.0,7020,7020.0,538,538.0,3028,3028.0,0.0009721602120029381,3028.0,3028.0,538.0,538.0
BraTS-GLI-00491-100,00491,100,5863282,"182,218,182",0.0,8243.2607421875,559.0597534179688,1079.2833251953125,22.912098990836764,5945645,"182,218,182",0.0,4112.208984375,465.2964172363281,894.9689331054688,22.912098990836764,5948084,"182,218,182",0.0,1921.2236328125,144.10916137695312,286.366943359375,22.911268084672663,5917349,"182,218,182",0.0,3472.05908203125,213.3223419189453,464.982421875,22.912098990836764,49704,"182,218,182",4,43239,43239.0,7940.0,7940.0,52048,52048.0,7940,7940.0,0,0.0,8809,8809.0,0.001099565823832383,8809.0,8809.0,,
BraTS-GLI-00491-101,00491,101,5446199,"182,218,182",0.0,4461.755859375,305.2248840332031,601.460693359375,21.756765514956868,5470851,"182,218,182",0.0,2447.110595703125,304.5574035644531,595.6172485351562,21.756765514956868,5659102,"182,218,182",0.0,1506.8365478515625,105.42994689941406,215.7905731201172,21.756765514956868,5532313,"182,218,182",0.0,2219.895263671875,176.92926025390625,365.9008483886719,21.756765514956868,55351,"182,218,182",4,61254,61254.0,4797.0,4797.0,73399,73399.0,4797,4797.0,0,0.0,12145,12145.0,0.0006643094782020077,12145.0,12145.0,,
BraTS-GLI-00498-100,00498,100,5320942,"182,218,182",0.0,5401.2900390625,345.3086853027344,702.0462646484375,20.90414500309651,5286473,"182,218,182",0.0,3166.942626953125,308.5826721191406,625.136474609375,20.90414500309651,5487023,"182,218,182",0.0,1291.73876953125,97.65901947021484,205.43505859375,20.904560456178565,5424517,"182,218,182",0.0,2606.762451171875,169.54000854492188,383.49444580078125,20.90414500309651,38891,"182,218,182",5,13717,13717.0,16253.0,16253.0,18533,18533.0,16253,16253.0,14,14.0,4816,4816.0,0.002250786314199965,4816.0,4816.0,14.0,14.0
BraTS-GLI-00505-100,00505,100,5113462,"182,218,182",0.0,7946.08251953125,422.19073486328125,893.119384765625,19.818081404430835,5156813,"182,218,182",0.0,3479.963134765625,362.43115234375,764.3885498046875,19.818081404430835,5172536,"182,218,182",0.0,1697.0401611328125,114.18605041503906,250.317626953125,19.8162118655616,5168955,"182,218,182",0.0,2661.584716796875,152.48397827148438,354.6783447265625,19.818081404430835,39327,"182,218,182",4,25441,25441.0,13807.0,13807.0,25523,25523.0,13807,13807.0,0,0.0,82,82.0,0.0019120535679664624,82.0,82.0,,
BraTS-GLI-00498-101,00498,101,5011336,"182,218,182",0.0,8092.748046875,488.8882751464844,1015.0441284179688,19.845127400072453,5110482,"182,218,182",0.0,4227.84326171875,398.89105224609375,816.4103393554688,19.845127400072453,5108323,"182,218,182",0.0,2017.3709716796875,134.1964874267578,291.03570556640625,19.845127400072453,5079215,"182,218,182",0.0,2665.519287109375,166.36961364746094,377.49432373046875,19.845127400072453,56121,"182,218,182",5,84795,84795.0,7415.0,7415.0,97335,97335.0,7415,7415.0,198,198.0,12540,12540.0,0.0010268615344731888,12540.0,12540.0,198.0,198.0
BraTS-GLI-00505-101,00505,101,4824264,"182,218,182",0.0,7341.38037109375,395.1375427246094,846.414794921875,18.929953502491056,4884148,"182,218,182",0.0,4396.6572265625,410.6971130371094,877.8410034179688,18.929953502491056,4886156,"182,218,182",0.0,1850.851806640625,117.16600799560547,261.0539245605469,18.929953502491056,4856334,"182,218,182",0.0,2819.279296875,158.4727783203125,378.937255859375,18.929953502491056,40374,"182,218,182",4,25813,25813.0,12139.0,12139.0,27680,27680.0,12139,12139.0,0,0.0,1867,1867.0,0.0016810616543452516,1867.0,1867.0,,
BraTS-GLI-00506-100,00506,100,5608663,"182,218,182",0.0,7025.005859375,470.5974426269531,940.9898681640625,21.757056332114303,5635626,"182,218,182",0.0,3731.790771484375,379.6910705566406,752.8851318359375,21.757056332114303,5623582,"182,218,182",0.0,1844.365966796875,142.06292724609375,292.0990905761719,21.75593460879276,5578954,"182,218,182",0.0,2803.340576171875,185.57421875,419.1229248046875,21.595431234759797,42145,"182,218,182",4,4033,4033.0,43047.0,43047.0,24489,24489.0,43047,43047.0,0,0.0,20456,20456.0,0.005961336274371862,20456.0,20456.0,,
BraTS-GLI-00506-101,00506,101,5378787,"182,218,182",0.0,8618.2763671875,489.3622131347656,994.7053833007812,21.14442921731963,5442779,"182,218,182",0.0,4240.04736328125,396.21044921875,787.8990478515625,21.14442921731963,5489010,"182,218,182",0.0,1533.8739013671875,111.46038818359375,230.66172790527344,21.14442921731963,5344298,"182,218,182",0.0,2899.89208984375,193.76280212402344,430.57763671875,21.14442921731963,46493,"182,218,182",4,16224,16224.0,31818.0,31818.0,41613,41613.0,31818,31818.0,0,0.0,25389,25389.0,0.004406295388249214,25389.0,25389.0,,
BraTS-GLI-00507-100,00507,100,4785651,"182,218,182",0.0,8765.4033203125,416.1522521972656,924.0714111328125,18.582537786842657,4824953,"182,218,182",0.0,3867.019775390625,322.7708435058594,703.8312377929688,18.582537786842657,4849271,"182,218,182",0.0,1557.697265625,104.85203552246094,236.61550903320312,18.582883997744368,4845918,"182,218,182",0.0,2713.138427734375,150.4575958251953,367.2457580566406,18.582537786842657,36024,"182,218,182",4,14440,14440.0,5828.0,5828.0,16141,16141.0,5828,5828.0,0,0.0,1701,1701.0,0.0008070868540673965,1701.0,1701.0,,
BraTS-GLI-00507-101,00507,101,4509509,"182,218,182",0.0,10045.9833984375,433.4654846191406,988.1329345703125,17.760716196798462,4564287,"182,218,182",0.0,4442.64892578125,316.94012451171875,697.6737060546875,17.760716196798462,4603302,"182,218,182",0.0,1554.7384033203125,105.11743927001953,240.3125762939453,17.760716196798462,4569060,"182,218,182",0.0,2692.4736328125,145.8088836669922,361.5228576660156,17.760716196798462,36840,"182,218,182",4,15824,15824.0,5670.0,5670.0,18098,18098.0,5670,5670.0,0,0.0,2274,2274.0,0.0007852063250792962,2274.0,2274.0,,
BraTS-GLI-00511-100,00511,100,6201659,"182,218,182",0.0,7631.6943359375,453.85589599609375,856.7947387695312,23.93102537144275,6160467,"182,218,182",0.0,3677.438232421875,378.9049072265625,717.033935546875,23.93102537144275,6689664,"182,218,182",0.0,2453.96240234375,251.63356018066406,470.88580322265625,25.96602535482463,6216803,"182,218,182",0.0,3324.069580078125,200.9015350341797,424.24383544921875,23.93102537144275,34211,"182,218,182",3,13369,13369.0,8844.0,8844.0,13369,13369.0,8844,8844.0,0,0.0,0,0.0,0.0012247556858908809,,,,
BraTS-GLI-00511-101,00511,101,5940988,"182,218,182",0.0,8398.01953125,489.0466003417969,934.0037841796875,23.29949514141469,5827156,"182,218,182",0.0,3857.996337890625,331.92803955078125,630.3978271484375,23.29949514141469,6461727,"182,218,182",0.0,2740.508056640625,244.5667266845703,460.2980041503906,25.182370054584997,5944996,"182,218,182",0.0,3575.64990234375,205.1880340576172,438.9249267578125,23.29949514141469,35291,"182,218,182",3,15672,15672.0,11979.0,11979.0,15672,15672.0,11979,11979.0,0,0.0,0,0.0,0.0016589041566357828,,,,
BraTS-GLI-00512-100,00512,100,5114483,"182,218,182",0.0,8139.818359375,435.9988708496094,952.3124389648438,19.60971783534542,5122975,"182,218,182",0.0,3180.6923828125,301.5094909667969,661.2160034179688,19.60971783534542,5095901,"182,218,182",0.0,2053.471435546875,135.51898193359375,301.67822265625,19.608997716669858,5102720,"182,218,182",0.0,3659.0595703125,291.0862731933594,651.1758422851562,19.60971783534542,43300,"182,218,182",4,46985,46985.0,18123.0,18123.0,47101,47101.0,18123,18123.0,0,0.0,116,116.0,0.00250975206867938,116.0,116.0,,
BraTS-GLI-00512-101,00512,101,4734049,"182,218,182",0.0,10772.12890625,593.0077514648438,1309.9683837890625,18.54740430453708,4792183,"182,218,182",0.0,5499.1181640625,532.5308837890625,1177.8441162109375,18.54740430453708,4776697,"182,218,182",0.0,3307.091552734375,220.64649963378906,506.4112854003906,18.54740430453708,4832117,"182,218,182",0.0,5878.130859375,418.6824645996094,950.0077514648438,18.54740430453708,45219,"182,218,182",4,52883,52883.0,15409.0,15409.0,53840,53840.0,15409,15409.0,0,0.0,957,957.0,0.0021339055137825176,957.0,957.0,,
BraTS-GLI-00517-100,00517,100,6043025,"182,218,182",0.0,7210.11474609375,478.5400390625,908.6748046875,23.40083799656337,6043276,"182,218,182",0.0,3358.45361328125,394.11480712890625,746.4016723632812,23.40083799656337,6090768,"182,218,182",0.0,1648.7576904296875,139.19802856445312,272.9506530761719,23.401696599599614,6107193,"182,218,182",0.0,2289.03515625,163.83895874023438,341.81231689453125,23.40083799656337,59993,"182,218,182",5,90630,90630.0,24112.0,24112.0,93938,93938.0,24112,24112.0,736,736.0,3308,3308.0,0.0033391349048169294,3308.0,3308.0,736.0,736.0
BraTS-GLI-00517-101,00517,101,5723032,"182,218,182",0.0,4980.701171875,342.21820068359375,655.2653198242188,22.833564509892767,5737882,"182,218,182",0.0,2621.893798828125,225.41954040527344,427.4828796386719,22.833564509892767,5904834,"182,218,182",0.0,1714.584716796875,137.15589904785156,271.4989013671875,22.833564509892767,5865530,"182,218,182",0.0,2711.834228515625,164.11143493652344,347.4819641113281,22.833564509892767,69248,"182,218,182",5,125577,125577.0,12159.0,12159.0,137859,137859.0,12159,12159.0,2654,2654.0,12282,12282.0,0.001683831341558935,12282.0,12282.0,2654.0,2654.0
BraTS-GLI-00518-100,00518,100,5606826,"182,218,182",0.0,6195.79345703125,422.50421142578125,834.8052978515625,21.722906088769584,5620446,"182,218,182",0.0,3542.822265625,417.9143981933594,824.1237182617188,21.722906088769584,5643046,"182,218,182",0.0,1426.9891357421875,119.90116119384766,243.15760803222656,21.723155360618815,5643778,"182,218,182",0.0,2603.15087890625,161.8547821044922,358.92108154296875,21.722906088769584,30815,"182,218,182",4,3426,3426.0,4373.0,4373.0,3930,3930.0,4373,4373.0,0,0.0,504,504.0,0.0006055921092719157,504.0,504.0,,
BraTS-GLI-00518-101,00518,101,5344243,"182,218,182",0.0,7044.23193359375,442.17864990234375,884.1907348632812,21.00595870507152,5406961,"182,218,182",0.0,4266.0810546875,408.70928955078125,813.32080078125,21.00595870507152,5463166,"182,218,182",0.0,1312.9254150390625,108.99629211425781,224.28900146484375,21.00595870507152,5417084,"182,218,182",0.0,2634.299072265625,160.38150024414062,365.7192077636719,21.00595870507152,32268,"182,218,182",5,8271,8271.0,1913.0,1913.0,10678,10678.0,1913,1913.0,52,52.0,2407,2407.0,0.0002649205819888348,2407.0,2407.0,52.0,52.0
BraTS-GLI-00528-100,00528,100,6729983,"182,218,182",0.0,5466.04541015625,547.3507690429688,959.9635620117188,26.101393817393415,6760313,"182,218,182",0.0,3743.96435546875,481.0374450683594,846.36962890625,26.101393817393415,6806972,"182,218,182",0.0,1457.40869140625,140.85357666015625,258.07574462890625,26.09791785994024,6753465,"182,218,182",0.0,2573.633056640625,208.68031311035156,405.93267822265625,26.101393817393415,85872,"182,218,182",5,104135,104135.0,52172.0,52172.0,171510,171510.0,52172,52172.0,29874,29874.0,67375,67375.0,0.007225006065614998,67375.0,67375.0,29874.0,29874.0
BraTS-GLI-00528-101,00528,101,6494062,"182,218,182",0.0,6836.68017578125,583.5043334960938,1032.0230712890625,25.541847758048984,6566304,"182,218,182",0.0,4041.986572265625,499.326416015625,877.4901733398438,25.541847758048984,6631055,"182,218,182",0.0,1403.2911376953125,121.19112396240234,227.60671997070312,25.541847758048984,6472787,"182,218,182",0.0,3114.420166015625,240.42306518554688,472.97906494140625,25.541847758048984,98101,"182,218,182",5,111888,111888.0,51145.0,51145.0,199881,199881.0,51145,51145.0,44657,44657.0,87993,87993.0,0.007082782627192346,87993.0,87993.0,44657.0,44657.0
BraTS-GLI-00529-100,00529,100,5793073,"182,218,182",0.0,6137.53271484375,442.276123046875,861.8323974609375,22.408112856998834,5806676,"182,218,182",0.0,3999.6748046875,386.7891540527344,753.8624267578125,22.408112856998834,5865869,"182,218,182",0.0,1280.1412353515625,114.59761810302734,233.39720153808594,22.402531937263262,5788951,"182,218,182",0.0,2499.974853515625,186.91641235351562,406.9264221191406,22.408112856998834,41043,"182,218,182",4,43496,43496.0,1249.0,1249.0,43997,43997.0,1249,1249.0,0,0.0,501,501.0,0.00017296696649453985,501.0,501.0,,
BraTS-GLI-00533-100,00533,100,5829033,"182,218,182",0.0,9136.2109375,558.31591796875,1115.0791015625,22.567923809228375,5876304,"182,218,182",0.0,4360.16943359375,496.8477783203125,990.59228515625,22.567923809228375,5839443,"182,218,182",0.0,1936.90771484375,154.20223999023438,310.9251708984375,22.567660688943075,5838172,"182,218,182",0.0,3614.57958984375,296.8097839355469,617.992919921875,22.567923809228375,49355,"182,218,182",5,26839,26839.0,2059.0,2059.0,58589,58589.0,2059,2059.0,2971,2971.0,31750,31750.0,0.000285139298648725,31750.0,31750.0,2971.0,2971.0
BraTS-GLI-00529-101,00529,101,5671173,"182,218,182",0.0,7589.01708984375,553.0626220703125,1070.99267578125,22.356333554539017,5761284,"182,218,182",0.0,4798.861328125,493.3660888671875,953.3488159179688,22.356333554539017,5758981,"182,218,182",0.0,1702.418701171875,151.5775604248047,304.436767578125,22.356333554539017,5662807,"182,218,182",0.0,3092.31494140625,231.57994079589844,501.7143249511719,22.356333554539017,41636,"182,218,182",4,42910,42910.0,1360.0,1360.0,43045,43045.0,1360,1360.0,0,0.0,135,135.0,0.00018833873053048373,135.0,135.0,,
BraTS-GLI-00533-101,00533,101,5461529,"182,218,182",0.0,12972.4482421875,784.1143798828125,1566.5631103515625,21.765240757830735,5585701,"182,218,182",0.0,5694.76025390625,639.0006713867188,1263.6392822265625,21.765240757830735,5568393,"182,218,182",0.0,2566.635986328125,193.70761108398438,395.5538635253906,21.765240757830735,5613564,"182,218,182",0.0,5852.68310546875,398.5795593261719,856.8289794921875,21.765240757830735,57201,"182,218,182",5,25259,25259.0,1235.0,1235.0,95411,95411.0,1235,1235.0,6725,6725.0,70152,70152.0,0.00017102818544496132,70152.0,70152.0,6725.0,6725.0
BraTS-GLI-00543-100,00543,100,5257434,"182,218,182",0.0,4707.0478515625,303.1429443359375,617.8941650390625,20.78446681859324,5252422,"182,218,182",0.0,2649.564208984375,283.8949890136719,578.1198120117188,20.78446681859324,5421718,"182,218,182",0.0,1415.4593505859375,112.84251403808594,237.611328125,20.783926729586575,5336286,"182,218,182",0.0,1871.324462890625,139.27757263183594,292.2525939941406,20.78446681859324,42872,"182,218,182",3,37884,37884.0,12854.0,12854.0,37884,37884.0,12854,12854.0,0,0.0,0,0.0,0.0017800779722344396,,,,
BraTS-GLI-00543-101,00543,101,5027458,"182,218,182",0.0,4905.8515625,313.6455993652344,645.8478393554688,20.09734896618655,5047845,"182,218,182",0.0,2839.553955078125,299.9460754394531,612.8812866210938,20.09734896618655,5202683,"182,218,182",0.0,1506.45703125,118.6396255493164,252.85292053222656,20.09734896618655,5101799,"182,218,182",0.0,1945.3756103515625,141.7020721435547,300.0517272949219,20.09734896618655,41556,"182,218,182",3,32866,32866.0,11811.0,11811.0,32866,32866.0,11811,11811.0,0,0.0,0,0.0,0.0016356387840408407,,,,
BraTS-GLI-00547-100,00547,100,5735425,"182,218,182",0.0,8129.17626953125,478.4291687011719,947.706298828125,22.211451216391232,5766385,"182,218,182",0.0,3577.64697265625,406.3160705566406,793.6586303710938,22.211451216391232,5800173,"182,218,182",0.0,1515.62109375,124.91941833496094,256.13360595703125,22.211562003879777,5742600,"182,218,182",0.0,2548.099853515625,193.17874145507812,417.0783386230469,22.211451216391232,75217,"182,218,182",5,167016,167016.0,654.0,654.0,183897,183897.0,654,654.0,2452,2452.0,16881,16881.0,9.056877188745321e-05,16881.0,16881.0,2452.0,2452.0
BraTS-GLI-00547-101,00547,101,5427257,"182,218,182",0.0,6824.53271484375,441.65167236328125,884.80029296875,21.278925228416103,5491550,"182,218,182",0.0,3619.946044921875,396.8587341308594,785.7493896484375,21.278925228416103,5518207,"182,218,182",0.0,1640.282470703125,124.6380844116211,261.89910888671875,21.278925228416103,5433647,"182,218,182",0.0,2882.77880859375,204.02037048339844,452.0285949707031,21.278925228416103,69625,"182,218,182",5,107349,107349.0,980.0,980.0,125898,125898.0,980,980.0,4789,4789.0,18549,18549.0,0.00013571467347049562,18549.0,18549.0,4789.0,4789.0
BraTS-GLI-00548-100,00548,100,5543664,"182,218,182",0.0,6780.2587890625,453.1870422363281,905.9246826171875,21.47075376483583,5561259,"182,218,182",0.0,3856.5556640625,371.0595703125,739.9650268554688,21.47075376483583,5596841,"182,218,182",0.0,1566.1964111328125,119.8022689819336,249.35714721679688,21.46985361649138,5532941,"182,218,182",0.0,2940.76416015625,193.5072021484375,431.4103088378906,21.47075376483583,35145,"182,218,182",3,13178,13178.0,11511.0,11511.0,13178,13178.0,11511,11511.0,0,0.0,0,0.0,0.0015940934758355868,,,,
BraTS-GLI-00548-101,00548,101,5240513,"182,218,182",0.0,7334.74755859375,463.41943359375,941.926513671875,20.600698071965336,5314664,"182,218,182",0.0,4373.396484375,404.5223083496094,816.5615844726562,20.600698071965336,5321755,"182,218,182",0.0,1638.0992431640625,128.025146484375,270.69708251953125,20.600698071965336,5251125,"182,218,182",0.0,2855.163818359375,182.62533569335938,414.09716796875,20.600698071965336,34821,"182,218,182",3,12315,12315.0,10434.0,10434.0,12315,12315.0,10434,10434.0,0,0.0,0,0.0,0.0014449458193787259,,,,
BraTS-GLI-00549-100,00549,100,5245082,"182,218,182",0.0,9441.4736328125,425.99554443359375,880.6792602539062,20.44430768344469,5296262,"182,218,182",0.0,4120.205078125,370.2791442871094,762.2398681640625,20.44430768344469,5336588,"182,218,182",0.0,1454.01513671875,108.05665588378906,227.42926025390625,20.4443907740611,5343629,"182,218,182",0.0,2524.41455078125,134.07913208007812,301.7447204589844,20.44430768344469,32599,"182,218,182",3,7968,7968.0,5735.0,5735.0,7968,7968.0,5735,5735.0,0,0.0,0,0.0,0.0007942078085237678,,,,
BraTS-GLI-00549-101,00549,101,4901956,"182,218,182",0.0,7954.5380859375,385.94866943359375,815.35205078125,19.2995821095932,4948624,"182,218,182",0.0,4380.0810546875,345.82928466796875,724.525634765625,19.2995821095932,5021237,"182,218,182",0.0,1369.6114501953125,101.24896240234375,218.63673400878906,19.2995821095932,4972581,"182,218,182",0.0,2559.143798828125,121.39051818847656,283.2362060546875,19.2995821095932,33033,"182,218,182",3,8314,8314.0,6360.0,6360.0,8314,8314.0,6360,6360.0,0,0.0,0,0.0,0.0008807605339513798,,,,
BraTS-GLI-00553-100,00553,100,5676149,"182,218,182",0.0,6788.81201171875,535.1189575195312,1061.3350830078125,22.084931904470164,5723978,"182,218,182",0.0,3559.52880859375,403.412109375,791.1959228515625,22.084931904470164,5794521,"182,218,182",0.0,1287.731201171875,106.09210205078125,215.82376098632812,22.083948665509308,5693503,"182,218,182",0.0,4062.09130859375,251.59371948242188,538.6282348632812,22.084931904470164,38529,"182,218,182",3,13453,13453.0,19345.0,19345.0,13453,13453.0,19345,19345.0,0,0.0,0,0.0,0.002678979957435447,,,,
BraTS-GLI-00553-101,00553,101,5479738,"182,218,182",0.0,7056.59912109375,444.82989501953125,884.461181640625,21.526576810627624,5519148,"182,218,182",0.0,4087.140625,384.6456604003906,755.575439453125,21.526576810627624,5618097,"182,218,182",0.0,1270.093994140625,99.70252990722656,204.1266632080078,21.526576810627624,5535212,"182,218,182",0.0,2782.357666015625,165.5489044189453,372.4417724609375,21.526576810627624,45685,"182,218,182",5,46368,46368.0,18946.0,18946.0,47425,47425.0,18946,18946.0,22,22.0,1057,1057.0,0.0026237246975224595,1057.0,1057.0,22.0,22.0
BraTS-GLI-00556-100,00556,100,5915336,"182,218,182",0.0,1312.70654296875,91.15340423583984,175.493408203125,23.250942524558816,6058442,"182,218,182",0.0,3805.180908203125,483.3235168457031,952.3153686523438,23.250942524558816,6011742,"182,218,182",0.0,2162.604248046875,163.463134765625,324.7682800292969,23.250402435552147,6039870,"182,218,182",0.0,4121.6748046875,374.0860595703125,757.2964477539062,23.250942524558816,36714,"182,218,182",4,31065,31065.0,665.0,665.0,33462,33462.0,665,665.0,0,0.0,2397,2397.0,9.209209985497918e-05,2397.0,2397.0,,
BraTS-GLI-00556-101,00556,101,5512204,"182,218,182",0.0,6523.962890625,431.9871826171875,854.5369262695312,21.596580654953478,5530511,"182,218,182",0.0,3916.210205078125,367.0007629394531,721.938720703125,21.596580654953478,5629759,"182,218,182",0.0,1465.2197265625,103.36003875732422,215.74978637695312,21.596580654953478,5477896,"182,218,182",0.0,2796.833740234375,206.32211303710938,450.9722595214844,21.596580654953478,36896,"182,218,182",4,31423,31423.0,1648.0,1648.0,33065,33065.0,1648,1648.0,0,0.0,1642,1642.0,0.00022822222640752734,1642.0,1642.0,,
BraTS-GLI-00557-100,00557,100,5409399,"182,218,182",0.0,3334.94091796875,142.02896118164062,300.8960876464844,20.9749659051504,5487412,"182,218,182",0.0,1399.0140380859375,102.13961029052734,214.64598083496094,20.9749659051504,5400578,"182,218,182",0.0,720.6616821289062,57.07454299926758,121.30622863769531,20.976059931599806,5495364,"182,218,182",0.0,2566.668701171875,142.57705688476562,318.8467712402344,20.9749659051504,45882,"182,218,182",5,67571,67571.0,598.0,598.0,80303,80303.0,598,598.0,2054,2054.0,12732,12732.0,8.281364768913917e-05,12732.0,12732.0,2054.0,2054.0
BraTS-GLI-00557-101,00557,101,5136805,"182,218,182",0.0,3596.4716796875,164.9141387939453,352.8785095214844,20.406266029564748,5276178,"182,218,182",0.0,1579.9034423828125,112.11861419677734,235.12353515625,20.406266029564748,5239807,"182,218,182",0.0,922.141357421875,71.07795715332031,150.60015869140625,20.406266029564748,5243528,"182,218,182",0.0,3337.671875,168.79159545898438,388.2506103515625,20.406266029564748,48466,"182,218,182",5,58371,58371.0,566.0,566.0,82197,82197.0,566,566.0,1832,1832.0,23826,23826.0,7.838214814724543e-05,23826.0,23826.0,1832.0,1832.0
BraTS-GLI-02060-100,02060,100,12011539,"182,218,182",0.0,2903.3271484375,146.66473388671875,300.37158203125,21.230871155258694,12014689,"182,218,182",0.0,1138.90234375,116.46382904052734,241.24925231933594,21.230871155258694,11994809,"182,218,182",0.0,360.8426513671875,29.96074104309082,61.53506088256836,21.230871155258694,12028416,"182,218,182",0.0,983.8142700195312,70.4460678100586,147.14036560058594,21.230871155258694,316022,"182,218,182",5,87949,87949.0,21179.0,21179.0,107924,107924.0,21179,21179.0,2867,2867.0,19975,19975.0,0.0029329602749302314,19975.0,19975.0,2867.0,2867.0
BraTS-GLI-02060-101,02060,101,12761148,"182,218,182",0.0,8101.2802734375,399.09295654296875,796.49560546875,22.588405646173566,12777281,"182,218,182",0.0,3449.044189453125,319.87786865234375,640.2989501953125,22.588405646173566,12753769,"182,218,182",0.0,1682.8125,169.4777374267578,329.0978698730469,22.588405646173566,12778134,"182,218,182",0.0,2487.314208984375,201.31463623046875,421.3197326660156,22.588405646173566,28743,"182,218,182",4,50424,50424.0,24561.0,24561.0,52860,52860.0,24561,24561.0,0,0.0,2436,2436.0,0.003401314382764126,2436.0,2436.0,,
BraTS-GLI-02061-100,02061,100,11297223,"182,218,182",0.0,2085.12060546875,84.40583038330078,177.06350708007812,19.94818746129362,11306578,"182,218,182",0.0,1263.272216796875,74.5396957397461,156.06578063964844,19.94818746129362,11312717,"182,218,182",0.0,748.822021484375,45.090091705322266,95.06090545654297,19.94818746129362,11337103,"182,218,182",0.0,2125.857666015625,122.40316009521484,271.8357849121094,19.9480212800608,273363,"182,218,182",4,21286,21286.0,8381.0,8381.0,21713,21713.0,8381,8381.0,0,0.0,427,427.0,0.001160637426894106,427.0,427.0,,
BraTS-GLI-02061-101,02061,101,11290156,"182,218,182",0.0,1249.961181640625,44.93061065673828,94.32058715820312,19.95509783089176,11304629,"182,218,182",0.0,839.2721557617188,39.88380432128906,83.35224151611328,19.95509783089176,11308327,"182,218,182",0.0,407.0721740722656,24.19581413269043,51.020164489746094,19.955042437147487,11341820,"182,218,182",0.0,1201.3743896484375,70.00540161132812,157.03274536132812,19.95509783089176,282913,"182,218,182",4,30098,30098.0,8303.0,8303.0,33466,33466.0,8303,8303.0,0,0.0,3368,3368.0,0.0011498356467607401,3368.0,3368.0,,
BraTS-GLI-02061-102,02061,102,11264297,"182,218,182",0.0,1992.7010498046875,82.57682800292969,173.35952758789062,19.909702657459487,11273432,"182,218,182",0.0,1409.987548828125,71.54251098632812,149.52427673339844,19.909702657459487,11294891,"182,218,182",0.0,623.0864868164062,44.556278228759766,94.63851165771484,19.909702657459487,11310116,"182,218,182",0.0,1905.5372314453125,112.62654113769531,246.0508270263672,19.90967496058735,295154,"182,218,182",5,49992,49992.0,9511.0,9511.0,57651,57651.0,9511,9511.0,29,29.0,7659,7659.0,0.0013171247544672285,7659.0,7659.0,29.0,29.0
BraTS-GLI-02061-103,02061,103,11249847,"182,218,182",0.0,1038.3148193359375,46.51277542114258,98.8035659790039,19.85426736787761,11262350,"182,218,182",0.0,522.1076049804688,40.34445571899414,84.86641693115234,19.85426736787761,11255630,"182,218,182",0.0,503.8814697265625,39.67472839355469,86.05094146728516,19.85393500541197,11268944,"182,218,182",0.0,980.4815673828125,75.49588012695312,164.23374938964844,19.853699581998804,321468,"182,218,182",5,126169,126169.0,8433.0,8433.0,144322,144322.0,8433,8433.0,383,383.0,18153,18153.0,0.0011678386136496834,18153.0,18153.0,383.0,383.0
BraTS-GLI-02062-100,02062,100,10470915,"182,218,182",0.0,1849.5277099609375,71.20408630371094,156.01145935058594,18.453110303347223,10477534,"182,218,182",0.0,1453.517333984375,64.76982116699219,141.89942932128906,18.453110303347223,10480134,"182,218,182",0.0,920.569580078125,39.53271484375,86.3821029663086,18.453013364294744,10505323,"182,218,182",0.0,1569.180419921875,90.3323974609375,208.92344665527344,18.453082606475085,274743,"182,218,182",4,26522,26522.0,2785.0,2785.0,27584,27584.0,2785,2785.0,0,0.0,1062,1062.0,0.0003856789445054391,1062.0,1062.0,,
BraTS-GLI-02062-102,02062,102,10333126,"182,218,182",0.0,1756.6680908203125,67.7181396484375,149.81666564941406,18.209876372241528,10339878,"182,218,182",0.0,1422.78369140625,61.54552459716797,135.69100952148438,18.209876372241528,10354882,"182,218,182",0.0,797.4822387695312,37.148502349853516,82.08193969726562,18.209876372241528,10375152,"182,218,182",0.0,1753.8494873046875,78.28961181640625,185.8474884033203,18.209862523805462,25312,"182,218,182",4,39360,39360.0,3683.0,3683.0,39914,39914.0,3683,3683.0,0,0.0,554,554.0,0.000510037900399832,554.0,554.0,,
BraTS-GLI-02062-101,02062,101,10567994,"182,218,182",0.0,8579.4326171875,322.7338562011719,721.665283203125,18.60621861251965,10586475,"182,218,182",0.0,3815.257080078125,260.3917541503906,579.1422729492188,18.60621861251965,10560430,"182,218,182",0.0,1672.0828857421875,141.62355041503906,306.48583984375,18.60621861251965,10586005,"182,218,182",0.0,2091.17138671875,120.58354949951172,281.1268615722656,18.606024734414692,279770,"182,218,182",4,34195,34195.0,4253.0,4253.0,34665,34665.0,4253,4253.0,0,0.0,470,470.0,0.0005889739859898142,470.0,470.0,,
BraTS-GLI-02062-103,02062,103,10486452,"182,218,182",0.0,8380.32421875,322.6562194824219,726.1714477539062,18.458663526210657,10499573,"182,218,182",0.0,4464.2919921875,280.6055603027344,624.5661010742188,18.458663526210657,10477612,"182,218,182",0.0,1903.4801025390625,140.21926879882812,304.9974365234375,18.458663526210657,10503879,"182,218,182",0.0,1991.2701416015625,114.82683563232422,268.69793701171875,18.458455799669633,25106,"182,218,182",4,34223,34223.0,4147.0,4147.0,34453,34453.0,4147,4147.0,0,0.0,230,230.0,0.0005742946437572912,230.0,230.0,,
BraTS-GLI-02062-104,02062,104,10527565,"182,218,182",0.0,10641.1923828125,414.67523193359375,930.9395751953125,18.541823384801507,10544081,"182,218,182",0.0,5309.82373046875,353.9961853027344,790.2164916992188,18.541823384801507,10514936,"182,218,182",0.0,2099.630859375,177.16043090820312,382.4434814453125,18.541823384801507,10546905,"182,218,182",0.0,2779.768310546875,154.2877197265625,363.4385681152344,18.541823384801507,280731,"182,218,182",4,29763,29763.0,3693.0,3693.0,30357,30357.0,3693,3693.0,0,0.0,594,594.0,0.0005114227440066739,594.0,594.0,,
BraTS-GLI-02062-105,02062,105,10344924,"182,218,182",0.0,2116.11962890625,71.77181243896484,160.17286682128906,18.25956456085501,10351217,"182,218,182",0.0,1508.7764892578125,62.42311477661133,137.19671630859375,18.25956456085501,10375637,"182,218,182",0.0,659.4732666015625,38.063926696777344,84.53984832763672,18.25956456085501,10399354,"182,218,182",0.0,1750.1776123046875,82.68049621582031,193.42169189453125,18.25931528900578,289285,"182,218,182",5,52726,52726.0,1391.0,1391.0,60235,60235.0,1391,1391.0,34,34.0,7509,7509.0,0.0001926317457116933,7509.0,7509.0,34.0,34.0
BraTS-GLI-02063-100,02063,100,12591007,"182,218,182",0.0,1764.3896484375,83.11148071289062,161.74542236328125,22.36043269161527,12598851,"182,218,182",0.0,796.7208862304688,73.93565368652344,143.3722686767578,22.36043269161527,12620632,"182,218,182",0.0,1116.103759765625,45.81910705566406,91.72871398925781,22.36043269161527,12646544,"182,218,182",0.0,1730.8380126953125,100.8795166015625,210.06893920898438,22.35942175578228,31084,"182,218,182",5,98221,98221.0,1626.0,1626.0,108236,108236.0,1626,1626.0,55,55.0,10015,10015.0,0.0002251755704724754,10015.0,10015.0,55.0,55.0
BraTS-GLI-02063-101,02063,101,12291309,"182,218,182",0.0,7230.5634765625,282.4388732910156,575.9984741210938,21.77379909132102,12305078,"182,218,182",0.0,2983.45263671875,239.1207733154297,485.55096435546875,21.77379909132102,12282493,"182,218,182",0.0,1075.2374267578125,36.805694580078125,72.43988800048828,21.77379909132102,12328623,"182,218,182",0.0,1824.4715576171875,65.23236846923828,135.40667724609375,21.77379909132102,28757,"182,218,182",5,62281,62281.0,820.0,820.0,69624,69624.0,820,820.0,120,120.0,7343,7343.0,0.00011355717576102696,7343.0,7343.0,120.0,120.0
BraTS-GLI-02063-102,02063,102,12388584,"182,218,182",0.0,1704.58544921875,73.6568374633789,144.91055297851562,22.006425120398305,12403626,"182,218,182",0.0,950.8079833984375,66.03829193115234,129.81045532226562,22.006425120398305,12427209,"182,218,182",0.0,1019.5658569335938,38.620269775390625,77.4695053100586,22.006425120398305,12450541,"182,218,182",0.0,1400.980224609375,87.0386962890625,177.7738037109375,22.00634202978189,31158,"182,218,182",5,82143,82143.0,1643.0,1643.0,86955,86955.0,1643,1643.0,25,25.0,4812,4812.0,0.00022752980460410645,4812.0,4812.0,25.0,25.0
BraTS-GLI-02063-103,02063,103,12666304,"182,218,182",0.0,8980.7939453125,358.6290588378906,716.0628662109375,22.43273537632848,12684725,"182,218,182",0.0,4310.17041015625,302.3836975097656,603.9635009765625,22.43273537632848,12652618,"182,218,182",0.0,2306.029296875,129.8971710205078,252.33900451660156,22.43273537632848,12691732,"182,218,182",0.0,2275.708984375,123.22643280029297,259.57440185546875,22.43273537632848,30860,"182,218,182",5,72039,72039.0,2714.0,2714.0,73311,73311.0,2714,2714.0,24,24.0,1272,1272.0,0.0003758465548968624,1272.0,1272.0,24.0,24.0
BraTS-GLI-02063-104,02063,104,12364258,"182,218,182",0.0,1667.115966796875,77.84912109375,153.90316772460938,21.930992689133628,12373950,"182,218,182",0.0,979.7128295898438,70.3913803100586,139.19989013671875,21.930992689133628,12399696,"182,218,182",0.0,1170.279541015625,41.42649841308594,83.60818481445312,21.930992689133628,12426751,"182,218,182",0.0,1623.79052734375,92.83992767333984,200.34609985351562,21.930992689133628,32022,"182,218,182",4,85828,85828.0,2543.0,2543.0,86364,86364.0,2543,2543.0,0,0.0,536,536.0,0.00035216572921986774,536.0,536.0,,
BraTS-GLI-02063-105,02063,105,12342818,"182,218,182",0.0,1782.0303955078125,76.50565338134766,151.9668426513672,21.894779028814717,12354171,"182,218,182",0.0,928.5184326171875,69.1316146850586,136.8358612060547,21.894779028814717,12382821,"182,218,182",0.0,1226.6058349609375,41.357749938964844,84.14256286621094,21.894779028814717,12408578,"182,218,182",0.0,1676.014404296875,93.99118041992188,203.83474731445312,21.894737483506514,33739,"182,218,182",4,97116,97116.0,2539.0,2539.0,97508,97508.0,2539,2539.0,0,0.0,392,392.0,0.00035161179177713105,392.0,392.0,,
BraTS-GLI-02063-106,02063,106,12537424,"182,218,182",0.0,1725.64208984375,79.91255950927734,156.80223083496094,22.244784402007912,12546127,"182,218,182",0.0,1051.2579345703125,69.00733947753906,135.0629425048828,22.244784402007912,12580686,"182,218,182",0.0,1369.6436767578125,42.89972686767578,86.74302673339844,22.244673614519364,12601603,"182,218,182",0.0,2220.49755859375,100.5368423461914,216.3229522705078,22.244410494234064,34983,"182,218,182",4,105625,105625.0,2495.0,2495.0,105879,105879.0,2495,2495.0,0,0.0,254,254.0,0.00034551847990702716,254.0,254.0,,
BraTS-GLI-02064-100,02064,100,10972342,"182,218,182",0.0,6202.001953125,229.7051544189453,511.9482116699219,19.341861384910082,10986342,"182,218,182",0.0,2400.631591796875,198.8817596435547,444.2599182128906,19.341861384910082,10944774,"182,218,182",0.0,585.4000244140625,50.09048080444336,109.3031005859375,19.341861384910082,10996024,"182,218,182",0.0,1889.5782470703125,102.84312438964844,237.07969665527344,19.341861384910082,272888,"182,218,182",3,16098,16098.0,18792.0,18792.0,16098,16098.0,18792,18792.0,0,0.0,0,0.0,0.0026023981059770957,,,,
BraTS-GLI-02064-101,02064,101,11054710,"182,218,182",0.0,7367.28271484375,268.1583557128906,610.9574584960938,19.439298981087468,11061233,"182,218,182",0.0,3044.24853515625,230.71746826171875,519.4410400390625,19.439298981087468,11004597,"182,218,182",0.0,1509.308349609375,120.77020263671875,261.5172119140625,19.439298981087468,11047968,"182,218,182",0.0,3279.598388671875,228.1547393798828,535.7960815429688,19.438232651510198,279734,"182,218,182",4,25883,25883.0,19760.0,19760.0,26729,26729.0,19760,19760.0,0,0.0,846,846.0,0.002736450967119381,846.0,846.0,,
BraTS-GLI-02064-102,02064,102,11396999,"182,218,182",0.0,10347.0185546875,392.80322265625,868.0714111328125,20.11389784728831,11408791,"182,218,182",0.0,3515.8720703125,303.53875732421875,656.2802734375,20.11389784728831,11390122,"182,218,182",0.0,1851.4874267578125,161.90292358398438,344.7802734375,20.11389784728831,11404361,"182,218,182",0.0,2675.524658203125,197.23971557617188,449.51226806640625,20.11389784728831,280804,"182,218,182",4,22857,22857.0,19536.0,19536.0,24185,24185.0,19536,19536.0,0,0.0,1328,1328.0,0.0027054304703261253,1328.0,1328.0,,
BraTS-GLI-02066-100,02066,100,11097364,"182,218,182",0.0,1935.751220703125,75.74465942382812,160.5430145263672,19.655099160341624,11094383,"182,218,182",0.0,1139.8099365234375,67.05104064941406,139.23593139648438,19.655099160341624,11111138,"182,218,182",0.0,762.8585205078125,57.075374603271484,122.10640716552734,19.654060527636492,11169505,"182,218,182",0.0,1833.7059326171875,88.6790771484375,201.7754669189453,19.654420586974272,323650,"182,218,182",4,141956,141956.0,,,169855,169855.0,0,0.0,846,846.0,27899,27899.0,0.0,27899.0,27899.0,846.0,846.0
BraTS-GLI-02066-101,02066,101,10884654,"182,218,182",0.0,1899.782958984375,69.51592254638672,148.5155792236328,19.282811653514344,10902258,"182,218,182",0.0,581.3251953125,62.601680755615234,132.09881591796875,19.282811653514344,10901985,"182,218,182",0.0,875.8694458007812,49.23151397705078,103.95039367675781,19.282742411334002,10965347,"182,218,182",0.0,1815.6302490234375,84.79090881347656,195.201416015625,19.28279780507828,284985,"182,218,182",4,38758,38758.0,,,48738,48738.0,0,0.0,715,715.0,9980,9980.0,0.0,9980.0,9980.0,715.0,715.0
BraTS-GLI-02066-102,02066,102,10867072,"182,218,182",0.0,1527.9722900390625,67.04361724853516,143.11221313476562,19.238579748711818,10880281,"182,218,182",0.0,672.1201171875,60.8513298034668,128.8318328857422,19.238579748711818,10883069,"182,218,182",0.0,640.06298828125,46.73040008544922,99.11463165283203,19.238496658095407,10940342,"182,218,182",0.0,1718.696044921875,84.38313293457031,197.3582763671875,19.238510506531476,276579,"182,218,182",4,22865,22865.0,,,34175,34175.0,0,0.0,462,462.0,11310,11310.0,0.0,11310.0,11310.0,462.0,462.0
BraTS-GLI-02066-103,02066,103,11019867,"182,218,182",0.0,1725.466552734375,75.20381164550781,160.19944763183594,19.508485767685283,11021391,"182,218,182",0.0,879.7736206054688,65.63748931884766,137.081787109375,19.508485767685283,11036244,"182,218,182",0.0,806.0633544921875,51.5604362487793,109.68354797363281,19.508319586452462,11087496,"182,218,182",0.0,1743.8719482421875,84.43836212158203,194.75009155273438,19.50826419270819,318471,"182,218,182",4,88301,88301.0,,,148056,148056.0,0,0.0,3022,3022.0,59755,59755.0,0.0,59755.0,59755.0,3022.0,3022.0
BraTS-GLI-02066-104,02066,104,11013163,"182,218,182",0.0,2018.2677001953125,79.4033432006836,168.29684448242188,19.49406954573806,11013909,"182,218,182",0.0,1256.8642578125,69.29338836669922,144.52011108398438,19.49406954573806,11009292,"182,218,182",0.0,970.1307983398438,57.435646057128906,121.85334777832031,19.494014151993788,11079007,"182,218,182",0.0,1867.2386474609375,90.67943572998047,208.62213134765625,19.49406954573806,334285,"182,218,182",4,85940,85940.0,,,156763,156763.0,0,0.0,9138,9138.0,70823,70823.0,0.0,70823.0,70823.0,9138.0,9138.0
BraTS-GLI-02066-105,02066,105,11124994,"182,218,182",0.0,1874.7900390625,80.52506256103516,170.75390625,19.68742141012531,11124233,"182,218,182",0.0,923.808349609375,68.45283508300781,142.06776428222656,19.68742141012531,11135072,"182,218,182",0.0,1323.4305419921875,56.05830001831055,119.65353393554688,19.687324471072834,11187220,"182,218,182",0.0,1947.5589599609375,91.90241241455078,214.6587371826172,19.68742141012531,353582,"182,218,182",4,74312,74312.0,,,177488,177488.0,0,0.0,20710,20710.0,103176,103176.0,0.0,103176.0,103176.0,20710.0,20710.0
BraTS-GLI-02068-100,02068,100,11804259,"182,218,182",0.0,1945.9464111328125,89.10076904296875,180.5742645263672,20.91892128438151,11812837,"182,218,182",0.0,1491.59423828125,81.78089904785156,165.3881378173828,20.91892128438151,11832707,"182,218,182",0.0,1038.4757080078125,46.65729522705078,94.85213470458984,20.91892128438151,11861145,"182,218,182",0.0,1895.63916015625,103.53073120117188,228.07261657714844,20.91892128438151,23379,"182,218,182",4,28517,28517.0,11576.0,11576.0,28734,28734.0,11576,11576.0,0,0.0,217,217.0,0.0016030949592800586,217.0,217.0,,
BraTS-GLI-02068-101,02068,101,12100843,"182,218,182",0.0,12624.29296875,569.861572265625,1168.522216796875,21.4225335104456,12113405,"182,218,182",0.0,5743.48486328125,490.2584228515625,996.767822265625,21.4225335104456,12076018,"182,218,182",0.0,2586.562255859375,221.03880310058594,436.8414306640625,21.422519662009528,12129611,"182,218,182",0.0,3211.02294921875,193.34085083007812,416.3536071777344,21.4225335104456,22735,"182,218,182",4,23523,23523.0,14799.0,14799.0,23579,23579.0,14799,14799.0,0,0.0,56,56.0,0.002049430053765168,56.0,56.0,,
BraTS-GLI-02069-100,02069,100,10599913,"182,218,182",0.0,1786.320068359375,76.28519439697266,166.42051696777344,18.667927243640523,10610008,"182,218,182",0.0,682.3868408203125,68.95550537109375,151.20436096191406,18.667927243640523,10616201,"182,218,182",0.0,693.091064453125,43.94215393066406,98.15247344970703,18.667927243640523,10634112,"182,218,182",0.0,1682.8291015625,103.00366973876953,245.6222686767578,18.667871849896247,288896,"182,218,182",4,55903,55903.0,864.0,864.0,56859,56859.0,864,864.0,0,0.0,956,956.0,0.00011965048763113084,956.0,956.0,,
BraTS-GLI-02069-101,02069,101,10708290,"182,218,182",0.0,1626.117919921875,64.53919219970703,140.53094482421875,18.872565583423533,10718729,"182,218,182",0.0,607.4541015625,57.1351203918457,124.81954956054688,18.872565583423533,10731880,"182,218,182",0.0,724.2921752929688,41.32315444946289,92.28382873535156,18.872565583423533,10748959,"182,218,182",0.0,1382.4808349609375,88.59425354003906,209.92311096191406,18.872565583423533,295359,"182,218,182",4,68679,68679.0,2274.0,2274.0,69236,69236.0,2274,2274.0,0,0.0,557,557.0,0.00031491343619582355,557.0,557.0,,
BraTS-GLI-02069-102,02069,102,10824575,"182,218,182",0.0,12847.7392578125,490.8016357421875,1086.915283203125,19.06490651197779,10837013,"182,218,182",0.0,4728.42919921875,362.7215576171875,798.8584594726562,19.06490651197779,10823099,"182,218,182",0.0,2195.58154296875,170.76942443847656,372.5180969238281,19.06490651197779,10844852,"182,218,182",0.0,3270.8798828125,227.55043029785156,520.2271118164062,19.06490651197779,30351,"182,218,182",4,60940,60940.0,2125.0,2125.0,61466,61466.0,2125,2125.0,0,0.0,526,526.0,0.0002942792664538808,526.0,526.0,,
BraTS-GLI-02069-103,02069,103,10964203,"182,218,182",0.0,17984.33984375,605.2345581054688,1331.0634765625,19.30650632762741,10969780,"182,218,182",0.0,5960.177734375,462.91607666015625,1016.5884399414062,19.30650632762741,10954321,"182,218,182",0.0,2390.958251953125,178.0452423095703,388.63629150390625,19.30650632762741,10983121,"182,218,182",0.0,3462.40966796875,232.76861572265625,539.9033813476562,19.30650632762741,300719,"182,218,182",4,74633,74633.0,2010.0,2010.0,74994,74994.0,2010,2010.0,0,0.0,361,361.0,0.0002783535649752002,361.0,361.0,,
BraTS-GLI-02070-100,02070,100,10856511,"182,218,182",0.0,1842.061279296875,74.19580078125,161.20962524414062,19.17185798373418,10865811,"182,218,182",0.0,637.5675659179688,66.14730834960938,142.4208221435547,19.17185798373418,10890397,"182,218,182",0.0,874.196533203125,40.972713470458984,91.0673599243164,19.17185798373418,10901242,"182,218,182",0.0,1743.2943115234375,107.44723510742188,244.0699005126953,19.171830286862043,296142,"182,218,182",5,32504,32504.0,4434.0,4434.0,52024,52024.0,4434,4434.0,15988,15988.0,19520,19520.0,0.0006140396552736506,19520.0,19520.0,15988.0,15988.0
BraTS-GLI-02070-101,02070,101,11068321,"182,218,182",0.0,8208.75390625,336.07867431640625,742.2113037109375,19.50843037394101,11078663,"182,218,182",0.0,3156.35791015625,283.9347229003906,619.6011352539062,19.50843037394101,11065158,"182,218,182",0.0,1707.02392578125,150.09339904785156,320.5201721191406,19.50843037394101,11079996,"182,218,182",0.0,2099.5322265625,146.08462524414062,335.97369384765625,19.50843037394101,292956,"182,218,182",5,21629,21629.0,6466.0,6466.0,41072,41072.0,6466,6466.0,16400,16400.0,19443,19443.0,0.0008954398761839028,19443.0,19443.0,16400.0,16400.0
BraTS-GLI-02070-102,02070,102,10935435,"182,218,182",0.0,1723.119384765625,73.58773803710938,158.98228454589844,19.3022133124462,10940661,"182,218,182",0.0,607.7536010742188,65.18038177490234,139.3852081298828,19.3022133124462,10969840,"182,218,182",0.0,745.3019409179688,42.7402458190918,95.4865493774414,19.302157918701926,10971414,"182,218,182",0.0,1435.0789794921875,103.05220031738281,230.0403594970703,19.3022133124462,309152,"182,218,182",5,55347,55347.0,2015.0,2015.0,82879,82879.0,2015,2015.0,21280,21280.0,27532,27532.0,0.0002790459867786211,27532.0,27532.0,21280.0,21280.0
BraTS-GLI-02071-100,02071,100,11676200,"182,218,182",0.0,1934.67041015625,83.56331634521484,174.6188201904297,20.64786584521437,11680074,"182,218,182",0.0,882.6641235351562,73.2560806274414,150.6262969970703,20.64786584521437,11692122,"182,218,182",0.0,760.3565673828125,49.43585205078125,104.50922393798828,20.64786584521437,11710857,"182,218,182",0.0,2045.0999755859375,135.6585235595703,298.5686340332031,20.64786584521437,301461,"182,218,182",5,58998,58998.0,3918.0,3918.0,94201,94201.0,3918,3918.0,2955,2955.0,35203,35203.0,0.0005425817251606142,35203.0,35203.0,2955.0,2955.0
BraTS-GLI-02071-101,02071,101,11292053,"182,218,182",0.0,1879.920166015625,76.57518005371094,162.918212890625,19.9324556379199,11296578,"182,218,182",0.0,686.5850830078125,69.35091400146484,146.6234130859375,19.9324556379199,11307690,"182,218,182",0.0,790.227783203125,46.441707611083984,100.99807739257812,19.9324556379199,11306636,"182,218,182",0.0,1554.547607421875,110.0146255493164,238.59820556640625,19.9324556379199,319438,"182,218,182",5,73368,73368.0,3419.0,3419.0,100336,100336.0,3419,3419.0,6112,6112.0,26968,26968.0,0.00047347802917920874,26968.0,26968.0,6112.0,6112.0
BraTS-GLI-02072-100,02072,100,9915054,"182,218,182",0.0,1071.9827880859375,37.189735412597656,85.54437255859375,17.424725440906506,9920593,"182,218,182",0.0,650.0624389648438,33.46844482421875,76.1194839477539,17.424725440906506,9909421,"182,218,182",0.0,602.4769287109375,26.20767593383789,60.02870559692383,17.424725440906506,9959731,"182,218,182",0.0,1285.239990234375,54.114681243896484,140.0924835205078,17.424628501854027,277038,"182,218,182",5,22853,22853.0,2543.0,2543.0,33342,33342.0,2543,2543.0,817,817.0,10489,10489.0,0.00035216572921986774,10489.0,10489.0,817.0,817.0
BraTS-GLI-02072-101,02072,101,9840056,"182,218,182",0.0,1153.8370361328125,35.92237091064453,83.68395233154297,17.287141228566774,9845526,"182,218,182",0.0,612.9171752929688,31.49037742614746,71.7311782836914,17.287141228566774,9834326,"182,218,182",0.0,412.30340576171875,24.592453002929688,56.653446197509766,17.287141228566774,9883090,"182,218,182",0.0,1157.8543701171875,49.90118408203125,129.4422607421875,17.287085834822502,277797,"182,218,182",5,24033,24033.0,1623.0,1623.0,36638,36638.0,1623,1623.0,285,285.0,12605,12605.0,0.00022476011739042286,12605.0,12605.0,285.0,285.0
BraTS-GLI-02072-102,02072,102,9933883,"182,218,182",0.0,1491.3988037109375,61.430625915527344,141.18162536621094,17.483982898843266,9940899,"182,218,182",0.0,801.4061279296875,54.0527458190918,121.63355255126953,17.483982898843266,9960950,"182,218,182",0.0,716.0746459960938,42.54374694824219,97.73556518554688,17.483982898843266,9998899,"182,218,182",0.0,1725.5196533203125,81.50707244873047,207.15585327148438,17.483858262918652,303400,"182,218,182",5,63777,63777.0,530.0,530.0,92116,92116.0,530,530.0,1755,1755.0,28339,28339.0,7.339671116261499e-05,28339.0,28339.0,1755.0,1755.0
BraTS-GLI-02072-103,02072,103,9910793,"182,218,182",0.0,1776.0628662109375,68.56009674072266,158.70225524902344,17.424337684696592,9907381,"182,218,182",0.0,1239.386474609375,58.47714614868164,131.49465942382812,17.424337684696592,9925784,"182,218,182",0.0,811.4630126953125,45.615936279296875,104.8709716796875,17.424337684696592,9962477,"182,218,182",0.0,2037.3563232421875,86.94438934326172,222.4424285888672,17.424282290952316,307706,"182,218,182",5,49587,49587.0,453.0,453.0,109133,109133.0,453,453.0,4065,4065.0,59546,59546.0,6.273341538993318e-05,59546.0,59546.0,4065.0,4065.0
BraTS-GLI-02072-104,02072,104,9926853,"182,218,182",0.0,1846.4461669921875,63.04491424560547,145.54693603515625,17.45697844850985,9930248,"182,218,182",0.0,1559.7633056640625,55.07870864868164,124.57804870605469,17.45697844850985,9943300,"182,218,182",0.0,641.2052612304688,41.33546829223633,94.75251770019531,17.45697844850985,9981012,"182,218,182",0.0,1853.169189453125,85.14437866210938,219.06478881835938,17.456853812585237,301427,"182,218,182",5,52052,52052.0,621.0,621.0,79476,79476.0,621,621.0,5073,5073.0,27424,27424.0,8.599878798487529e-05,27424.0,27424.0,5073.0,5073.0
BraTS-GLI-02072-105,02072,105,9802797,"182,218,182",0.0,1737.4375,68.93221282958984,158.21759033203125,17.218522227847764,9808082,"182,218,182",0.0,1020.4857788085938,61.54540252685547,139.9294891357422,17.218522227847764,9808697,"182,218,182",0.0,856.3403930664062,46.34786605834961,107.27520751953125,17.218272955998533,9851315,"182,218,182",0.0,2024.935302734375,95.88386535644531,249.67764282226562,17.218439137231353,294070,"182,218,182",5,41819,41819.0,1137.0,1137.0,58385,58385.0,1137,1137.0,3294,3294.0,16566,16566.0,0.00015745671809791177,16566.0,16566.0,3294.0,3294.0
BraTS-GLI-02074-100,02074,100,11739327,"182,218,182",0.0,1819.990234375,72.42890167236328,148.9873809814453,20.79463157066746,11743569,"182,218,182",0.0,525.93505859375,65.7426528930664,133.34829711914062,20.79463157066746,11769371,"182,218,182",0.0,793.7503662109375,46.042030334472656,96.8519515991211,20.79402223948045,11796853,"182,218,182",0.0,1711.0010986328125,112.43402099609375,256.9101867675781,20.794340753510024,299540,"182,218,182",5,63883,63883.0,3336.0,3336.0,81537,81537.0,3336,3336.0,423,423.0,17654,17654.0,0.0004619838272424219,17654.0,17654.0,423.0,423.0
BraTS-GLI-02076-100,02076,100,10183677,"182,218,182",0.0,1757.6634521484375,59.32424545288086,134.76950073242188,17.907149559785914,10186734,"182,218,182",0.0,949.872802734375,52.76441955566406,118.67056274414062,17.907149559785914,10207917,"182,218,182",0.0,695.8275146484375,38.46793746948242,89.42481231689453,17.907149559785914,10212663,"182,218,182",0.0,1669.4251708984375,94.79064178466797,224.72442626953125,17.907149559785914,53328,"182,218,182",5,157655,157655.0,23531.0,23531.0,171955,171955.0,23531,23531.0,4,4.0,14300,14300.0,0.003258675491259421,14300.0,14300.0,4.0,4.0
BraTS-GLI-02074-101,02074,101,11920888,"182,218,182",0.0,1949.28076171875,74.71656036376953,153.9733428955078,21.117674038835446,11923986,"182,218,182",0.0,546.386474609375,66.5757064819336,133.81954956054688,21.117674038835446,11937116,"182,218,182",0.0,729.5262451171875,53.58028793334961,111.49519348144531,21.1165107702057,11981327,"182,218,182",0.0,1933.49267578125,123.43695068359375,282.1724548339844,21.116773890491,311047,"182,218,182",5,92115,92115.0,1707.0,1707.0,118962,118962.0,1707,1707.0,999,999.0,26847,26847.0,0.00023639280368789391,26847.0,26847.0,999.0,999.0
BraTS-GLI-02076-101,02076,101,10149293,"182,218,182",0.0,1609.7196044921875,59.033687591552734,134.1497039794922,17.839278374614597,10148190,"182,218,182",0.0,1043.224365234375,52.98316955566406,119.16077423095703,17.839278374614597,10170273,"182,218,182",0.0,776.1934204101562,37.70793151855469,87.58724975585938,17.839278374614597,10175084,"182,218,182",0.0,1749.5947265625,105.25591278076172,249.34559631347656,17.839278374614597,53135,"182,218,182",4,157547,157547.0,25301.0,25301.0,170205,170205.0,25301,25301.0,0,0.0,12658,12658.0,0.0035037928096704183,12658.0,12658.0,,
BraTS-GLI-02077-100,02077,100,9816702,"182,218,182",0.0,9350.9130859375,226.53372192382812,543.9224853515625,17.191185415048707,9823313,"182,218,182",0.0,3602.62158203125,183.8909912109375,444.5781555175781,17.191185415048707,9794792,"182,218,182",0.0,1889.5703125,118.99057006835938,278.78631591796875,17.185064406306466,9813887,"182,218,182",0.0,4518.25341796875,186.1786651611328,441.736328125,17.191185415048707,31874,"182,218,182",5,57473,57473.0,16649.0,16649.0,58048,58048.0,16649,16649.0,1,1.0,575,575.0,0.0023056261210308996,575.0,575.0,1.0,1.0
BraTS-GLI-02077-101,02077,101,10322072,"182,218,182",0.0,8833.48046875,318.60943603515625,728.9072875976562,18.144608693051076,10336991,"182,218,182",0.0,2869.205078125,265.9784851074219,604.1068725585938,18.144608693051076,10317237,"182,218,182",0.0,1640.4952392578125,141.8889617919922,315.4338073730469,18.144608693051076,10334526,"182,218,182",0.0,2537.418701171875,139.7476806640625,335.4054870605469,18.144608693051076,29997,"182,218,182",5,54229,54229.0,1179.0,1179.0,59095,59095.0,1179,1179.0,188,188.0,4866,4866.0,0.0001632730612466473,4866.0,4866.0,188.0,188.0
BraTS-GLI-02078-100,02078,100,11971972,"182,218,182",0.0,4631.13330078125,217.73342895507812,453.51953125,21.15703129414189,11984067,"182,218,182",0.0,2124.039306640625,177.5250244140625,370.5631408691406,21.148957655914003,11954779,"182,218,182",0.0,958.4729614257812,98.78292846679688,201.8055877685547,21.155826480203938,11998523,"182,218,182",0.0,1935.5894775390625,136.11105346679688,301.9152526855469,21.15615884266958,42472,"182,218,182",5,111681,111681.0,38913.0,38913.0,132753,132753.0,38913,38913.0,397,397.0,21072,21072.0,0.005388841927303466,21072.0,21072.0,397.0,397.0
BraTS-GLI-02078-101,02078,101,11896793,"182,218,182",0.0,1910.718505859375,80.1087646484375,163.6810302734375,21.051395423811996,11908367,"182,218,182",0.0,1369.7501220703125,78.67526245117188,159.98428344726562,21.051395423811996,11920867,"182,218,182",0.0,720.5607299804688,50.483970642089844,105.60212707519531,21.05129848475952,11937233,"182,218,182",0.0,1928.5657958984375,117.48268127441406,255.39100646972656,21.05110460665456,323804,"182,218,182",5,108828,108828.0,4688.0,4688.0,136873,136873.0,4688,4688.0,33,33.0,28045,28045.0,0.0006492146828874321,28045.0,28045.0,33.0,33.0
BraTS-GLI-02078-102,02078,102,11515445,"182,218,182",0.0,10565.03125,538.3687744140625,1145.8143310546875,20.312802934538997,11599036,"182,218,182",0.0,6004.53857421875,425.5843505859375,907.0580444335938,20.43813128095818,11522846,"182,218,182",0.0,2009.6241455078125,152.84103393554688,324.14654541015625,20.312719843922586,11541714,"182,218,182",0.0,4505.83837890625,292.9907531738281,677.1361083984375,20.312802934538997,43444,"182,218,182",5,126807,126807.0,5266.0,5266.0,159030,159030.0,5266,5266.0,5620,5620.0,32223,32223.0,0.0007292586433628877,32223.0,32223.0,5620.0,5620.0
BraTS-GLI-02078-103,02078,103,11796802,"182,218,182",0.0,1091.5662841796875,53.12968063354492,110.104736328125,20.85038537427891,11812161,"182,218,182",0.0,557.242919921875,47.54533004760742,98.22196197509766,20.85038537427891,11819081,"182,218,182",0.0,600.8243408203125,45.432167053222656,95.91525268554688,20.85038537427891,11834060,"182,218,182",0.0,1527.0252685546875,99.98102569580078,228.91067504882812,20.85038537427891,344388,"182,218,182",5,131706,131706.0,3762.0,3762.0,171470,171470.0,3762,3762.0,10658,10658.0,39764,39764.0,0.0005209781648938823,39764.0,39764.0,10658.0,10658.0
BraTS-GLI-02079-100,02079,100,14088923,"182,218,182",0.0,7785.1494140625,344.8120422363281,633.4948120117188,25.058509642389065,14103198,"182,218,182",0.0,3170.2978515625,280.3691101074219,514.9669189453125,25.058509642389065,14045819,"182,218,182",0.0,1442.2471923828125,191.46664428710938,343.84063720703125,25.05628004418205,14097588,"182,218,182",0.0,3311.00439453125,236.33091735839844,434.57647705078125,25.058509642389065,44099,"182,218,182",5,250543,250543.0,373.0,373.0,250799,250799.0,373,373.0,121,121.0,256,256.0,5.1654666535198844e-05,256.0,256.0,121.0,121.0
BraTS-GLI-02079-101,02079,101,14320494,"182,218,182",0.0,2154.44140625,114.4591293334961,202.05386352539062,25.577396693436615,14329340,"182,218,182",0.0,1235.8206787109375,109.17082214355469,192.228759765625,25.577396693436615,14368878,"182,218,182",0.0,736.6680908203125,70.45042419433594,127.50841522216797,25.577396693436615,14389097,"182,218,182",0.0,1996.0751953125,159.2395782470703,294.965087890625,25.577396693436615,60044,"182,218,182",5,272554,272554.0,213.0,213.0,293877,293877.0,213,213.0,2266,2266.0,21323,21323.0,2.9497168825730172e-05,21323.0,21323.0,2266.0,2266.0
BraTS-GLI-02081-100,02081,100,11184646,"182,218,182",0.0,1768.1864013671875,72.58992767333984,153.32479858398438,19.775040465130193,11193172,"182,218,182",0.0,1178.962646484375,64.91722869873047,136.548095703125,19.775040465130193,11204930,"182,218,182",0.0,741.3595581054688,37.52204132080078,79.27454376220703,19.775040465130193,11231480,"182,218,182",0.0,1502.08349609375,87.39215850830078,197.04879760742188,19.775040465130193,286901,"182,218,182",4,34627,34627.0,22187.0,22187.0,35971,35971.0,22187,22187.0,0,0.0,1344,1344.0,0.003072552510499884,1344.0,1344.0,,
BraTS-GLI-02081-101,02081,101,11206615,"182,218,182",0.0,1576.7088623046875,69.40798950195312,147.04428100585938,19.81129567075731,11213258,"182,218,182",0.0,1262.1771240234375,62.57051086425781,131.8517608642578,19.81129567075731,11228560,"182,218,182",0.0,557.7760009765625,37.81000518798828,80.09818267822266,19.81129567075731,11254136,"182,218,182",0.0,1778.224365234375,86.45997619628906,198.90606689453125,19.811267973885176,286387,"182,218,182",4,32802,32802.0,22095.0,22095.0,33953,33953.0,22095,22095.0,0,0.0,1151,1151.0,0.0030598119493169397,1151.0,1151.0,,
BraTS-GLI-02082-100,02082,100,12347143,"182,218,182",0.0,7585.38916015625,342.2298889160156,714.7130126953125,21.808406333055995,12351950,"182,218,182",0.0,5722.19384765625,306.22943115234375,631.44287109375,21.808406333055995,12341388,"182,218,182",0.0,3703.07421875,153.12954711914062,313.4954528808594,21.808406333055995,12347572,"182,218,182",0.0,4960.2666015625,200.2593994140625,439.77197265625,21.8079216377936,39542,"182,218,182",4,107081,107081.0,418.0,418.0,107486,107486.0,418,418.0,0,0.0,405,405.0,5.788646276598691e-05,405.0,405.0,,
BraTS-GLI-02081-102,02081,102,11214580,"182,218,182",0.0,911.569091796875,42.9183464050293,91.19979858398438,19.793915883491444,11227346,"182,218,182",0.0,573.154296875,38.24762725830078,81.04297637939453,19.793915883491444,11202388,"182,218,182",0.0,511.671142578125,34.262969970703125,71.64097595214844,19.793915883491444,11242908,"182,218,182",0.0,1359.01416015625,74.58660125732422,175.386474609375,19.793915883491444,285542,"182,218,182",4,31871,31871.0,23060.0,23060.0,33003,33003.0,23060,23060.0,0,0.0,1132,1132.0,0.0031934493573771727,1132.0,1132.0,,
BraTS-GLI-02082-101,02082,101,11923851,"182,218,182",0.0,1597.7401123046875,70.21526336669922,146.112060546875,21.08605805929125,11925899,"182,218,182",0.0,757.8981323242188,63.987796783447266,132.15957641601562,21.08605805929125,11956722,"182,218,182",0.0,1653.0982666015625,40.92508316040039,89.1226806640625,21.08605805929125,11957754,"182,218,182",0.0,2261.127197265625,141.50674438476562,310.88873291015625,21.08605805929125,40327,"182,218,182",4,112381,112381.0,459.0,459.0,112489,112489.0,459,459.0,0,0.0,108,108.0,6.356432155403826e-05,108.0,108.0,,
BraTS-GLI-02082-102,02082,102,12243804,"182,218,182",0.0,751.2491455078125,42.11099624633789,86.26384735107422,21.65345618188647,12250128,"182,218,182",0.0,396.9506530761719,38.363948822021484,78.69559478759766,21.65345618188647,12258756,"182,218,182",0.0,1444.4979248046875,40.42914581298828,85.68159484863281,21.648941591728164,12262530,"182,218,182",0.0,2215.873046875,79.6023178100586,168.88658142089844,21.65345618188647,40906,"182,218,182",4,112796,112796.0,504.0,504.0,112887,112887.0,504,504.0,0,0.0,91,91.0,6.979611778482632e-05,91.0,91.0,,
BraTS-GLI-02082-103,02082,103,12466687,"182,218,182",0.0,9807.0009765625,347.880859375,720.7146606445312,22.028374891566745,12473857,"182,218,182",0.0,6378.69091796875,290.6238098144531,596.5628662109375,22.028374891566745,12462874,"182,218,182",0.0,4844.96630859375,164.51431274414062,334.96490478515625,22.028374891566745,12472592,"182,218,182",0.0,3938.163330078125,169.78623962402344,363.75811767578125,22.028000983792897,43430,"182,218,182",3,129425,129425.0,1438.0,1438.0,129425,129425.0,1438,1438.0,0,0.0,0,0.0,0.00019914051066384972,,,,
BraTS-GLI-02082-104,02082,104,11960406,"182,218,182",0.0,1368.8485107421875,61.21956253051758,126.57682800292969,21.17085203333817,11966237,"182,218,182",0.0,631.4703979492188,55.46154022216797,113.91889953613281,21.17085203333817,11999469,"182,218,182",0.0,1690.6153564453125,36.48556900024414,78.7857894897461,21.170838184902102,12002782,"182,218,182",0.0,1900.6751708984375,104.92581939697266,229.54818725585938,21.17022885371509,43898,"182,218,182",3,128557,128557.0,1590.0,1590.0,128557,128557.0,1590,1590.0,0,0.0,0,0.0,0.00022019013348784495,,,,
BraTS-GLI-02082-106,02082,106,11867439,"182,218,182",0.0,1437.222900390625,63.67229461669922,132.96250915527344,20.990947000373353,11864835,"182,218,182",0.0,793.1369018554688,58.040985107421875,120.19123077392578,20.990947000373353,11902527,"182,218,182",0.0,1724.1390380859375,38.02492141723633,82.71543884277344,20.990947000373353,11898976,"182,218,182",0.0,1898.9139404296875,112.17200469970703,246.91452026367188,20.990947000373353,45182,"182,218,182",3,134818,134818.0,915.0,915.0,134818,134818.0,915,915.0,0,0.0,0,0.0,0.00012671319002602397,,,,
BraTS-GLI-02082-105,02082,105,12429453,"182,218,182",0.0,9301.09375,388.4875793457031,820.9562377929688,21.964990599681595,12434434,"182,218,182",0.0,7147.7548828125,344.51580810546875,711.6007080078125,21.964990599681595,12410838,"182,218,182",0.0,5088.52587890625,206.74693298339844,418.4874572753906,21.964990599681595,12433738,"182,218,182",0.0,4346.615234375,210.23086547851562,456.1123352050781,21.964990599681595,45187,"182,218,182",3,119240,119240.0,3180.0,3180.0,119240,119240.0,3180,3180.0,0,0.0,0,0.0,0.0004403802669756899,,,,
BraTS-GLI-02083-100,02083,100,11366662,"182,218,182",0.0,1900.6053466796875,77.33674621582031,161.51937866210938,20.105727270007947,11375285,"182,218,182",0.0,1675.0185546875,70.26695251464844,146.59877014160156,20.105727270007947,11383246,"182,218,182",0.0,889.2385864257812,41.48495101928711,86.42139434814453,20.1056580278276,11407864,"182,218,182",0.0,1894.9727783203125,94.43821716308594,211.99826049804688,20.105090241948798,265592,"182,218,182",4,13718,13718.0,1986.0,1986.0,13864,13864.0,1986,1986.0,0,0.0,146,146.0,0.0002750299403187799,146.0,146.0,,
BraTS-GLI-02083-101,02083,101,11448091,"182,218,182",0.0,1887.8079833984375,79.30034637451172,164.6197052001953,20.261812992935084,11463361,"182,218,182",0.0,1545.899169921875,75.25,156.2353973388672,20.261812992935084,11469059,"182,218,182",0.0,806.2846069335938,42.18107604980469,87.55470275878906,20.261812992935084,11494455,"182,218,182",0.0,1712.962646484375,97.43146514892578,219.6370391845703,20.26179914449901,269619,"182,218,182",4,17722,17722.0,2034.0,2034.0,18123,18123.0,2034,2034.0,0,0.0,401,401.0,0.0002816771896316205,401.0,401.0,,
BraTS-GLI-02083-102,02083,102,11375993,"182,218,182",0.0,1906.9713134765625,71.7799072265625,149.7613525390625,20.118481679626957,11380410,"182,218,182",0.0,1259.1273193359375,65.52311706542969,136.47503662109375,20.118481679626957,11393996,"182,218,182",0.0,983.0440673828125,38.70963668823242,82.25318145751953,20.11845398275482,11413710,"182,218,182",0.0,1656.339111328125,89.33656311035156,199.82260131835938,20.118149317161315,278244,"182,218,182",5,50004,50004.0,1009.0,1009.0,52460,52460.0,1009,1009.0,7,7.0,2456,2456.0,0.00013973071993033683,2456.0,2456.0,7.0,7.0
BraTS-GLI-02083-103,02083,103,11465631,"182,218,182",0.0,1079.526611328125,55.58326721191406,115.32180786132812,20.312401329893014,11488547,"182,218,182",0.0,439.91143798828125,50.444679260253906,105.21240997314453,20.312401329893014,11492941,"182,218,182",0.0,736.3657836914062,39.15873336791992,83.82977294921875,20.31234593614874,11513886,"182,218,182",0.0,1237.8331298828125,78.13642120361328,169.67105102539062,20.311985876810958,28633,"182,218,182",5,70346,70346.0,605.0,605.0,80570,80570.0,605,605.0,205,205.0,10224,10224.0,8.378303821392842e-05,10224.0,10224.0,205.0,205.0
BraTS-GLI-02084-100,02084,100,11954291,"182,218,182",0.0,2121.486572265625,102.31905364990234,206.2793731689453,21.20581933441093,11967641,"182,218,182",0.0,1409.7601318359375,92.4977798461914,186.1909637451172,21.20581933441093,11979700,"182,218,182",0.0,798.79443359375,52.52872848510742,106.67914581298828,21.20581933441093,12022392,"182,218,182",0.0,2209.466796875,123.44000244140625,272.50396728515625,21.20511306417144,20872,"182,218,182",5,17552,17552.0,1785.0,1785.0,21403,21403.0,1785,1785.0,16,16.0,3851,3851.0,0.0002471945838212599,3851.0,3851.0,16.0,16.0
BraTS-GLI-02084-101,02084,101,12091045,"182,218,182",0.0,1614.713623046875,87.76590728759766,175.84033203125,21.41801892028729,12099354,"182,218,182",0.0,1232.0235595703125,82.02145385742188,163.49725341796875,21.417603467205243,12088141,"182,218,182",0.0,845.1735229492188,68.7698745727539,139.63426208496094,21.417991223415157,12135687,"182,218,182",0.0,2508.8779296875,156.04586791992188,336.5057678222656,21.41801892028729,28533,"182,218,182",5,46301,46301.0,262.0,262.0,67850,67850.0,262,262.0,1885,1885.0,21549,21549.0,3.628290249925495e-05,21549.0,21549.0,1885.0,1885.0
BraTS-GLI-02084-102,02084,102,12050249,"182,218,182",0.0,1743.5157470703125,89.19389343261719,180.02162170410156,21.349386071132216,12056426,"182,218,182",0.0,1040.3197021484375,78.29493713378906,156.04864501953125,21.349386071132216,12081822,"182,218,182",0.0,695.8034057617188,47.576881408691406,99.02276611328125,21.349386071132216,12104928,"182,218,182",0.0,1872.814453125,105.98265838623047,233.5220947265625,21.349372222696147,37196,"182,218,182",4,80101,80101.0,,,125465,125465.0,0,0.0,2363,2363.0,45364,45364.0,0.0,45364.0,45364.0,2363.0,2363.0
BraTS-GLI-02085-100,02085,100,11807907,"182,218,182",0.0,9629.1806640625,449.4547424316406,951.451904296875,20.85833437658218,11823845,"182,218,182",0.0,3678.934814453125,383.8357238769531,808.2304077148438,20.85833437658218,11808816,"182,218,182",0.0,1912.54248046875,176.05224609375,358.51751708984375,20.85833437658218,11835813,"182,218,182",0.0,2313.983642578125,160.9156494140625,362.3531494140625,20.85833437658218,31347,"182,218,182",5,62373,62373.0,3481.0,3481.0,74769,74769.0,3481,3481.0,770,770.0,12396,12396.0,0.00048206405954162785,12396.0,12396.0,770.0,770.0
BraTS-GLI-02084-103,02084,103,12121208,"182,218,182",0.0,2152.182373046875,109.42488098144531,223.79580688476562,21.497495094883945,12130960,"182,218,182",0.0,1403.6380615234375,98.52227020263672,196.13768005371094,21.497495094883945,12147607,"182,218,182",0.0,877.443603515625,59.691829681396484,123.00483703613281,21.497495094883945,12188935,"182,218,182",0.0,2359.740478515625,132.2735595703125,290.21905517578125,21.497495094883945,39824,"182,218,182",4,72262,72262.0,,,132859,132859.0,0,0.0,4465,4465.0,60597,60597.0,0.0,60597.0,60597.0,4465.0,4465.0
BraTS-GLI-02085-101,02085,101,11546938,"182,218,182",0.0,6235.951171875,244.96861267089844,521.8094482421875,20.360081495276575,11555286,"182,218,182",0.0,2796.55126953125,200.2915802001953,431.0245056152344,20.360081495276575,11538678,"182,218,182",0.0,543.024169921875,42.49949264526367,89.11268615722656,20.360081495276575,11561952,"182,218,182",0.0,1711.5784912109375,100.0267105102539,218.93783569335938,20.360081495276575,302503,"182,218,182",5,64315,64315.0,2968.0,2968.0,76787,76787.0,2968,2968.0,711,711.0,12472,12472.0,0.0004110215825106439,12472.0,12472.0,711.0,711.0
BraTS-GLI-02085-102,02085,102,11421197,"182,218,182",0.0,8004.17724609375,276.870849609375,594.4902954101562,20.13631846528308,11432179,"182,218,182",0.0,3027.131591796875,231.32662963867188,500.8035583496094,20.13631846528308,11416977,"182,218,182",0.0,576.2647705078125,44.51271438598633,93.5152359008789,20.136249223102737,11442969,"182,218,182",0.0,1493.44921875,89.32620239257812,196.80776977539062,20.13472589513521,32128,"182,218,182",5,59814,59814.0,2889.0,2889.0,71360,71360.0,2889,2889.0,510,510.0,11546,11546.0,0.00040008131801659374,11546.0,11546.0,510.0,510.0
BraTS-GLI-02085-103,02085,103,11806811,"182,218,182",0.0,10693.55859375,479.8617858886719,1012.9296264648438,20.844319759280943,11822199,"182,218,182",0.0,4145.3984375,407.5248718261719,858.1859130859375,20.844319759280943,11803446,"182,218,182",0.0,1800.2601318359375,177.37344360351562,363.6883239746094,20.844319759280943,11827498,"182,218,182",0.0,2996.93212890625,188.2627410888672,422.9733581542969,20.844319759280943,31131,"182,218,182",5,63434,63434.0,2962.0,2962.0,74183,74183.0,2962,2962.0,421,421.0,10749,10749.0,0.00041019067634653883,10749.0,10749.0,421.0,421.0
BraTS-GLI-02085-104,02085,104,12019070,"182,218,182",0.0,7707.75830078125,416.0557556152344,869.0941772460938,21.226370413536458,12029072,"182,218,182",0.0,3576.5185546875,349.5057067871094,718.2293701171875,21.226370413536458,12013421,"182,218,182",0.0,1888.753662109375,174.323486328125,352.0883483886719,21.226370413536458,12036616,"182,218,182",0.0,2349.33154296875,167.2070770263672,372.3304748535156,21.226370413536458,43549,"182,218,182",5,142394,142394.0,3334.0,3334.0,169448,169448.0,3334,3334.0,1322,1322.0,27054,27054.0,0.0004617068585210535,27054.0,27054.0,1322.0,1322.0
BraTS-GLI-02085-105,02085,105,11647421,"182,218,182",0.0,7426.93408203125,352.931640625,754.2730102539062,20.53486260689608,11658596,"182,218,182",0.0,3577.725341796875,297.2767639160156,632.9414672851562,20.53486260689608,11634339,"182,218,182",0.0,1894.525390625,171.85479736328125,356.9394836425781,20.53486260689608,11659020,"182,218,182",0.0,2273.019775390625,161.2114715576172,363.9329833984375,20.53486260689608,31803,"182,218,182",5,72310,72310.0,1525.0,1525.0,84277,84277.0,1525,1525.0,695,695.0,11967,11967.0,0.0002111886500433733,11967.0,11967.0,695.0,695.0
BraTS-GLI-02086-100,02086,100,10723263,"182,218,182",0.0,1019.0000610351562,39.09482192993164,85.00594329833984,18.89274275477522,10727486,"182,218,182",0.0,377.7337341308594,34.419288635253906,74.31794738769531,18.89274275477522,10713803,"182,218,182",0.0,605.2909545898438,23.784381866455078,51.76521301269531,18.892687361030944,10743448,"182,218,182",0.0,912.2330932617188,58.04643249511719,131.9185791015625,18.89274275477522,35020,"182,218,182",4,63760,63760.0,,,90104,90104.0,0,0.0,5145,5145.0,26344,26344.0,0.0,26344.0,26344.0,5145.0,5145.0
BraTS-GLI-02086-101,02086,101,10983163,"182,218,182",0.0,9168.615234375,318.82147216796875,709.0257568359375,19.346777579714367,10989617,"182,218,182",0.0,3148.981201171875,277.12078857421875,603.1331176757812,19.346777579714367,10959963,"182,218,182",0.0,1937.8719482421875,162.9582977294922,343.00787353515625,19.346777579714367,10984251,"182,218,182",0.0,1872.7418212890625,117.85599517822266,266.4692077636719,19.346749882842232,35212,"182,218,182",4,54119,54119.0,,,86101,86101.0,0,0.0,4918,4918.0,31982,31982.0,0.0,31982.0,31982.0,4918.0,4918.0
BraTS-GLI-02087-100,02087,100,12244391,"182,218,182",0.0,1695.440185546875,86.3056411743164,169.52122497558594,21.78544562605456,12251814,"182,218,182",0.0,569.6619262695312,78.25366973876953,152.20960998535156,21.78544562605456,12277388,"182,218,182",0.0,879.2513427734375,54.82881546020508,107.82756042480469,21.78413002462806,12332261,"182,218,182",0.0,1914.7442626953125,92.77507019042969,199.6031494140625,21.78436544804122,298964,"182,218,182",5,74287,74287.0,387.0,387.0,91800,91800.0,387,387.0,475,475.0,17513,17513.0,5.359344758477735e-05,17513.0,17513.0,475.0,475.0
BraTS-GLI-02087-101,02087,101,12327667,"182,218,182",0.0,1819.0867919921875,90.70596313476562,178.50460815429688,21.931726656245257,12332606,"182,218,182",0.0,845.842529296875,79.85538482666016,154.56097412109375,21.931726656245257,12363001,"182,218,182",0.0,883.5645141601562,56.138492584228516,109.96564483642578,21.930978840697563,12416195,"182,218,182",0.0,1823.6806640625,90.6407241821289,193.73805236816406,21.931103476622177,35705,"182,218,182",5,59231,59231.0,474.0,474.0,103462,103462.0,474,474.0,9925,9925.0,44231,44231.0,6.564158696430095e-05,44231.0,44231.0,9925.0,9925.0
BraTS-GLI-02087-102,02087,102,12173094,"182,218,182",0.0,1961.302490234375,98.12390899658203,195.2421112060547,21.611661601831983,12173159,"182,218,182",0.0,736.570068359375,85.2671127319336,166.96913146972656,21.611661601831983,12202037,"182,218,182",0.0,1113.8663330078125,53.11465835571289,106.74474334716797,21.611661601831983,12227039,"182,218,182",0.0,1735.332763671875,97.72773742675781,204.04391479492188,21.611412329982752,319292,"182,218,182",5,55572,55572.0,333.0,333.0,114048,114048.0,333,333.0,22649,22649.0,58476,58476.0,4.611529210783168e-05,58476.0,58476.0,22649.0,22649.0
BraTS-GLI-02088-100,02088,100,12727041,"182,218,182",0.0,1170.61328125,61.31196594238281,120.31083679199219,22.603140382150364,12746677,"182,218,182",0.0,857.498046875,56.39192581176758,110.91943359375,22.603140382150364,12757525,"182,218,182",0.0,736.3314819335938,49.67808532714844,97.90435791015625,22.603140382150364,12770887,"182,218,182",0.0,1328.7325439453125,105.44320678710938,211.96621704101562,22.603140382150364,39030,"182,218,182",5,114845,114845.0,92.0,92.0,119901,119901.0,92,92.0,2398,2398.0,5056,5056.0,1.2740561182944488e-05,5056.0,5056.0,2398.0,2398.0
BraTS-GLI-02088-101,02088,101,12956061,"182,218,182",0.0,369.42181396484375,20.109161376953125,38.933265686035156,22.9911874092235,12967010,"182,218,182",0.0,257.4331970214844,18.509550094604492,35.83285903930664,22.9911874092235,12944686,"182,218,182",0.0,237.0762481689453,16.681869506835938,32.15925598144531,22.9911874092235,12983151,"182,218,182",0.0,394.60333251953125,34.23719024658203,67.5744400024414,22.98916553755751,39008,"182,218,182",4,112163,112163.0,,,116933,116933.0,0,0.0,2406,2406.0,4770,4770.0,0.0,4770.0,4770.0,2406.0,2406.0
BraTS-GLI-02088-102,02088,102,13478914,"182,218,182",0.0,9571.255859375,524.2943725585938,999.711669921875,23.94566316836707,13498289,"182,218,182",0.0,5907.83837890625,480.9880065917969,919.1700439453125,23.94566316836707,13482023,"182,218,182",0.0,2230.435546875,239.72760009765625,447.6144104003906,23.945593926186728,13511162,"182,218,182",0.0,3161.613525390625,252.85275268554688,511.4254455566406,23.94513692779647,36531,"182,218,182",4,93086,93086.0,,,98595,98595.0,0,0.0,1377,1377.0,5509,5509.0,0.0,5509.0,5509.0,1377.0,1377.0
BraTS-GLI-02089-100,02089,100,12281279,"182,218,182",0.0,1616.6676025390625,81.20255279541016,161.67665100097656,21.744509649036313,12286211,"182,218,182",0.0,1013.1312255859375,73.8580551147461,146.74542236328125,21.744509649036313,12316776,"182,218,182",0.0,664.9039306640625,53.255245208740234,110.9878158569336,21.744509649036313,12309511,"182,218,182",0.0,1491.51611328125,128.6423797607422,262.443115234375,21.744274225623155,59150,"182,218,182",4,212922,212922.0,21448.0,21448.0,214735,214735.0,21448,21448.0,0,0.0,1813,1813.0,0.002970212567954276,1813.0,1813.0,,
BraTS-GLI-02089-101,02089,101,12870406,"182,218,182",0.0,8094.19091796875,380.5631103515625,755.4037475585938,22.768809222836847,12878707,"182,218,182",0.0,3027.199462890625,327.170654296875,646.6480102539062,22.768809222836847,12862929,"182,218,182",0.0,1688.45751953125,177.76840209960938,349.478759765625,22.768809222836847,12876066,"182,218,182",0.0,2495.487060546875,218.25238037109375,443.0104064941406,22.768809222836847,58716,"182,218,182",4,205501,205501.0,26984.0,26984.0,206150,206150.0,26984,26984.0,0,0.0,649,649.0,0.003736861988701892,649.0,649.0,,
BraTS-GLI-02091-100,02091,100,11422642,"182,218,182",0.0,1667.8974609375,75.04451751708984,157.16287231445312,20.180896580987316,11427051,"182,218,182",0.0,924.247802734375,67.8794937133789,141.4980926513672,20.180896580987316,11447117,"182,218,182",0.0,778.0978393554688,42.365543365478516,90.84880065917969,20.180896580987316,11449425,"182,218,182",0.0,1369.655029296875,103.47317504882812,224.76589965820312,20.180896580987316,37909,"182,218,182",5,93209,93209.0,2561.0,2561.0,95878,95878.0,2561,2561.0,4646,4646.0,2669,2669.0,0.00035465844771218297,2669.0,2669.0,4646.0,4646.0
BraTS-GLI-02091-101,02091,101,11471210,"182,218,182",0.0,7507.50390625,241.0963897705078,518.5364990234375,20.245485686810415,11483847,"182,218,182",0.0,3229.681884765625,195.79403686523438,422.11328125,20.245485686810415,11457798,"182,218,182",0.0,444.49859619140625,35.391483306884766,73.81160736083984,20.245485686810415,11489116,"182,218,182",0.0,1158.38818359375,70.2907943725586,153.4932861328125,20.245485686810415,38494,"182,218,182",5,91617,91617.0,2684.0,2684.0,93833,93833.0,2684,2684.0,4327,4327.0,2216,2216.0,0.000371692024076337,2216.0,2216.0,4327.0,4327.0
BraTS-GLI-02091-102,02091,102,11618175,"182,218,182",0.0,7829.13623046875,343.9068298339844,733.7630004882812,20.492070939444666,11628780,"182,218,182",0.0,5247.0908203125,297.5436096191406,634.6158447265625,20.492070939444666,11603988,"182,218,182",0.0,1890.8125,172.82028198242188,358.0249328613281,20.492070939444666,11629093,"182,218,182",0.0,2022.6326904296875,150.90036010742188,339.56884765625,20.492070939444666,40085,"182,218,182",5,97583,97583.0,2234.0,2234.0,99931,99931.0,2234,2234.0,3515,3515.0,2348,2348.0,0.00030937406176845635,2348.0,2348.0,3515.0,3515.0
BraTS-GLI-02091-103,02091,103,11597948,"182,218,182",0.0,7544.02392578125,409.2022705078125,865.6242065429688,20.470121168276222,11607386,"182,218,182",0.0,5647.57470703125,363.4095764160156,771.5866088867188,20.470121168276222,11588526,"182,218,182",0.0,2306.1103515625,195.3035125732422,408.522705078125,20.470121168276222,11604659,"182,218,182",0.0,2260.919677734375,169.6630096435547,377.5240783691406,20.470121168276222,42156,"182,218,182",5,88964,88964.0,2132.0,2132.0,106720,106720.0,2132,2132.0,5044,5044.0,17756,17756.0,0.0002952486569786701,17756.0,17756.0,5044.0,5044.0
BraTS-GLI-02092-100,02092,100,11637974,"182,218,182",0.0,4835.7119140625,187.6935272216797,395.75164794921875,20.544944268353888,11650367,"182,218,182",0.0,1971.215087890625,155.49578857421875,326.9771728515625,20.544944268353888,11605613,"182,218,182",0.0,553.2421875,26.551471710205078,54.59946823120117,20.544944268353888,11651754,"182,218,182",0.0,911.9967651367188,47.89638137817383,102.69178771972656,20.54491657148175,28611,"182,218,182",4,59125,59125.0,6817.0,6817.0,70663,70663.0,6817,6817.0,0,0.0,11538,11538.0,0.0009440478867840497,11538.0,11538.0,,
BraTS-GLI-02092-101,02092,101,11569012,"182,218,182",0.0,6957.8046875,257.912353515625,542.9664916992188,20.423701210574887,11585302,"182,218,182",0.0,2669.418212890625,233.56964111328125,495.7701721191406,20.423701210574887,11563032,"182,218,182",0.0,612.622314453125,43.656150817871094,90.80828857421875,20.423701210574887,11585595,"182,218,182",0.0,1366.5283203125,85.6523666381836,185.25772094726562,20.423078030951807,284967,"182,218,182",4,44089,44089.0,9491.0,9491.0,44125,44125.0,9491,9491.0,0,0.0,36,36.0,0.0013143550672535449,36.0,36.0,,
BraTS-GLI-02092-102,02092,102,11682399,"182,218,182",0.0,1927.9927978515625,78.23892974853516,161.24880981445312,20.653959157084472,11689636,"182,218,182",0.0,1577.1982421875,71.02022552490234,146.01220703125,20.653959157084472,11697791,"182,218,182",0.0,953.9254150390625,43.204471588134766,89.86430358886719,20.65391761177627,11717059,"182,218,182",0.0,1462.4871826171875,107.50371551513672,234.06118774414062,20.653959157084472,287378,"182,218,182",4,51293,51293.0,9459.0,9459.0,51343,51343.0,9459,9459.0,0,0.0,50,50.0,0.0013099235677116513,50.0,50.0,,
BraTS-GLI-02092-103,02092,103,11621366,"182,218,182",0.0,1914.527099609375,71.8932113647461,149.2359619140625,20.54814325708569,11630862,"182,218,182",0.0,1668.1829833984375,64.40809631347656,133.07070922851562,20.54814325708569,11647472,"182,218,182",0.0,733.036865234375,40.14848327636719,84.28240203857422,20.54814325708569,11668780,"182,218,182",0.0,1773.149658203125,101.69988250732422,233.806884765625,20.54814325708569,289963,"182,218,182",3,55359,55359.0,11936.0,11936.0,55359,55359.0,11936,11936.0,0,0.0,0,0.0,0.001652949329126363,,,,
BraTS-GLI-02092-104,02092,104,11662541,"182,218,182",0.0,2139.1279296875,74.89596557617188,154.78973388671875,20.61906109819206,11667248,"182,218,182",0.0,1624.854736328125,66.96267700195312,137.7328338623047,20.61906109819206,11683938,"182,218,182",0.0,679.492431640625,41.603485107421875,87.29206848144531,20.61906109819206,11703459,"182,218,182",0.0,1672.8673095703125,98.57982635498047,222.50714111328125,20.61906109819206,290161,"182,218,182",3,56635,56635.0,12104.0,12104.0,56635,56635.0,12104,12104.0,0,0.0,0,0.0,0.0016762147017213053,,,,
BraTS-GLI-02092-105,02092,105,11898655,"182,218,182",0.0,10748.2685546875,488.49139404296875,1019.3534545898438,21.03235382421792,11921702,"182,218,182",0.0,4243.01416015625,382.86639404296875,798.6475830078125,21.03235382421792,11883041,"182,218,182",0.0,2177.94970703125,202.18923950195312,407.084716796875,21.03235382421792,11925360,"182,218,182",0.0,2753.116455078125,174.27978515625,388.3664855957031,21.031924522699804,290894,"182,218,182",3,52745,52745.0,15116.0,15116.0,52745,52745.0,15116,15116.0,0,0.0,0,0.0,0.002093329596102053,,,,
BraTS-GLI-02093-100,02093,100,13044350,"182,218,182",0.0,2290.923095703125,100.58068084716797,193.6162872314453,23.150652150551334,13051143,"182,218,182",0.0,1903.246826171875,90.71605682373047,174.2553253173828,23.150652150551334,13073411,"182,218,182",0.0,1002.6632690429688,52.71528244018555,102.70903015136719,23.150652150551334,13097312,"182,218,182",0.0,2006.1275634765625,144.9055938720703,301.5044250488281,23.150652150551334,292870,"182,218,182",4,35884,35884.0,40666.0,40666.0,39270,39270.0,40666,40666.0,0,0.0,3386,3386.0,0.0056316050115828315,3386.0,3386.0,,
BraTS-GLI-02093-101,02093,101,13473568,"182,218,182",0.0,9880.9326171875,509.8951721191406,977.8584594726562,23.906333609932762,13496167,"182,218,182",0.0,3858.825439453125,419.13134765625,808.9160766601562,23.906333609932762,13475061,"182,218,182",0.0,1693.4005126953125,176.32791137695312,330.4568786621094,23.906333609932762,13502999,"182,218,182",0.0,2490.436279296875,185.63853454589844,381.1634216308594,23.906333609932762,292898,"182,218,182",4,36194,36194.0,40757.0,40757.0,39987,39987.0,40757,40757.0,0,0.0,3793,3793.0,0.005644207088405092,3793.0,3793.0,,
BraTS-GLI-02093-102,02093,102,13000540,"182,218,182",0.0,2083.6103515625,88.03227996826172,169.8860321044922,23.07894494858907,13018280,"182,218,182",0.0,1809.291259765625,85.54763793945312,164.65380859375,23.07894494858907,13033726,"182,218,182",0.0,937.6052856445312,45.89854049682617,89.83344268798828,23.07894494858907,13046751,"182,218,182",0.0,1676.31689453125,121.31160736083984,244.73553466796875,23.07894494858907,292583,"182,218,182",4,37928,37928.0,35948.0,35948.0,40435,40435.0,35948,35948.0,0,0.0,2507,2507.0,0.004978235797874875,2507.0,2507.0,,
BraTS-GLI-02093-103,02093,103,13353102,"182,218,182",0.0,8137.419921875,395.5511779785156,760.285888671875,23.666935695618022,13374880,"182,218,182",0.0,3158.082275390625,325.8166809082031,634.3060302734375,23.666935695618022,13348939,"182,218,182",0.0,1820.8114013671875,175.35047912597656,332.9869384765625,23.666658726896653,13378593,"182,218,182",0.0,2571.901123046875,198.34930419921875,412.4853820800781,23.66591091134896,291090,"182,218,182",4,36670,36670.0,37673.0,37673.0,38202,38202.0,37673,37673.0,0,0.0,1532,1532.0,0.005217121320055084,1532.0,1532.0,,
BraTS-GLI-02093-104,02093,104,13146298,"182,218,182",0.0,1909.046142578125,85.44224548339844,163.79989624023438,23.3317619974541,13159897,"182,218,182",0.0,1593.7147216796875,84.45548248291016,161.8641357421875,23.3317619974541,13180896,"182,218,182",0.0,876.9154052734375,46.409454345703125,90.30120849609375,23.33170660370983,13201753,"182,218,182",0.0,1989.661376953125,125.05280303955078,265.82635498046875,23.3317619974541,293013,"182,218,182",4,37682,37682.0,37164.0,37164.0,38855,38855.0,37164,37164.0,0,0.0,1173,1173.0,0.005146632780466836,1173.0,1173.0,,
BraTS-GLI-02093-105,02093,105,13004948,"182,218,182",0.0,2385.427978515625,111.44831085205078,214.78233337402344,23.08614613534464,13014377,"182,218,182",0.0,1954.6851806640625,101.385498046875,195.90513610839844,23.08614613534464,13041306,"182,218,182",0.0,1032.3861083984375,54.08866882324219,106.06742858886719,23.08614613534464,13067164,"182,218,182",0.0,2311.19287109375,149.6349639892578,316.8283996582031,23.08614613534464,292843,"182,218,182",4,38115,38115.0,37310.0,37310.0,38790,38790.0,37310,37310.0,0,0.0,675,675.0,0.005166851497126726,675.0,675.0,,
BraTS-GLI-02093-106,02093,106,13116169,"182,218,182",0.0,2401.82470703125,92.4337387084961,177.61082458496094,23.266549712007922,13127275,"182,218,182",0.0,1791.3914794921875,83.9283447265625,161.37586975097656,23.266549712007922,13147569,"182,218,182",0.0,910.7282104492188,49.58510208129883,97.0550308227539,23.266535863571853,13167607,"182,218,182",0.0,1924.960205078125,130.68887329101562,279.1650085449219,23.266549712007922,293892,"182,218,182",4,39040,39040.0,37346.0,37346.0,40094,40094.0,37346,37346.0,0,0.0,1054,1054.0,0.005171836934111357,1054.0,1054.0,,
BraTS-GLI-02093-107,02093,107,13386395,"182,218,182",0.0,7945.59326171875,428.3679504394531,823.2689208984375,23.738504413219605,13410227,"182,218,182",0.0,3861.81884765625,354.79791259765625,688.2557983398438,23.738504413219605,13388467,"182,218,182",0.0,1814.925537109375,168.8878936767578,320.25347900390625,23.738504413219605,13417048,"182,218,182",0.0,2461.77392578125,193.18263244628906,402.9129943847656,23.735817816622333,293083,"182,218,182",4,36005,36005.0,38058.0,38058.0,37003,37003.0,38058,38058.0,0,0.0,998,998.0,0.005270437798918492,998.0,998.0,,
BraTS-GLI-02093-108,02093,108,13193196,"182,218,182",0.0,8353.2080078125,375.03057861328125,738.4807739257812,23.36110683348308,13206817,"182,218,182",0.0,3813.3896484375,327.9007873535156,646.6473999023438,23.36110683348308,13181546,"182,218,182",0.0,1818.70751953125,179.07237243652344,345.59600830078125,23.36110683348308,13210712,"182,218,182",0.0,2642.531494140625,192.7554473876953,407.8244323730469,23.36110683348308,293018,"182,218,182",4,34462,34462.0,38481.0,38481.0,35417,35417.0,38481,38481.0,0,0.0,955,955.0,0.005329016683487901,955.0,955.0,,
BraTS-GLI-02093-109,02093,109,13233409,"182,218,182",0.0,10819.6044921875,528.52294921875,1031.3956298828125,23.45548392528935,13250876,"182,218,182",0.0,4773.67138671875,468.8300476074219,919.5022583007812,23.45548392528935,13230230,"182,218,182",0.0,2125.8330078125,205.26400756835938,393.14678955078125,23.454666867561315,13259737,"182,218,182",0.0,2955.474853515625,240.4015350341797,505.9590148925781,23.454112930118576,292725,"182,218,182",4,34229,34229.0,39280.0,39280.0,34803,34803.0,39280,39280.0,0,0.0,574,574.0,0.0054396656876745594,574.0,574.0,,
BraTS-GLI-02096-100,02096,100,12549828,"182,218,182",0.0,1846.1986083984375,86.16278839111328,168.7920684814453,22.28444632290786,12560265,"182,218,182",0.0,882.6309814453125,78.24275970458984,152.18211364746094,22.28444632290786,12591244,"182,218,182",0.0,748.332275390625,53.316200256347656,107.8651351928711,22.284404777599658,12600095,"182,218,182",0.0,1797.2684326171875,122.85195922851562,255.43626403808594,22.28444632290786,336053,"182,218,182",5,139926,139926.0,49200.0,49200.0,158875,158875.0,49200,49200.0,1,1.0,18949,18949.0,0.006813430545661617,18949.0,18949.0,1.0,1.0
BraTS-GLI-02096-101,02096,101,12799372,"182,218,182",0.0,8814.6162109375,413.8964538574219,820.861083984375,22.684901548698303,12812460,"182,218,182",0.0,3216.774169921875,354.5048828125,692.5079345703125,22.684901548698303,12791787,"182,218,182",0.0,1559.2110595703125,192.63731384277344,368.9013671875,22.684610731540864,12821422,"182,218,182",0.0,2313.17529296875,163.86228942871094,341.73876953125,22.684195278458812,40262,"182,218,182",4,119476,119476.0,36848.0,36848.0,126576,126576.0,36848,36848.0,0,0.0,7100,7100.0,0.005102871722490636,7100.0,7100.0,,
BraTS-GLI-02096-102,02096,102,12778853,"182,218,182",0.0,11807.7529296875,576.7835693359375,1145.73828125,22.652330027065386,12794020,"182,218,182",0.0,4729.509765625,497.4365539550781,974.1804809570312,22.652330027065386,12763514,"182,218,182",0.0,2083.37646484375,243.54920959472656,467.9312744140625,22.652330027065386,12802795,"182,218,182",0.0,3134.572998046875,232.07241821289062,478.693603515625,22.652330027065386,39127,"182,218,182",4,119405,119405.0,26026.0,26026.0,124131,124131.0,26026,26026.0,0,0.0,4726,4726.0,0.0036041939711664484,4726.0,4726.0,,
BraTS-GLI-02096-103,02096,103,12508367,"182,218,182",0.0,1189.97705078125,61.1029052734375,121.12635803222656,22.1864270924156,12528946,"182,218,182",0.0,452.4266662597656,54.69769287109375,107.90169525146484,22.1864270924156,12535664,"182,218,182",0.0,643.3742065429688,53.845603942871094,107.87120056152344,22.1864270924156,12560076,"182,218,182",0.0,1606.421630859375,107.67271423339844,233.08059692382812,22.1864270924156,326474,"182,218,182",4,156081,156081.0,18468.0,18468.0,158356,158356.0,18468,18468.0,0,0.0,2275,2275.0,0.0025575291731154215,2275.0,2275.0,,
BraTS-GLI-02099-100,02099,100,12120306,"182,218,182",0.0,927.0167846679688,44.155399322509766,88.97138977050781,21.449177901441235,12127792,"182,218,182",0.0,407.802001953125,39.912349700927734,80.16934967041016,21.449177901441235,12142881,"182,218,182",0.0,352.8719482421875,24.042774200439453,49.42283248901367,21.449136356133028,12164562,"182,218,182",0.0,905.9159545898438,65.7017822265625,143.47232055664062,21.449177901441235,35010,"182,218,182",4,100995,100995.0,197.0,197.0,105784,105784.0,197,197.0,0,0.0,4789,4789.0,2.7281419054783304e-05,4789.0,4789.0,,
BraTS-GLI-02099-101,02099,101,12462668,"182,218,182",0.0,7545.01318359375,376.8272705078125,760.1822509765625,22.05076781268938,12475833,"182,218,182",0.0,3144.731201171875,329.7326354980469,665.1023559570312,22.05076781268938,12463473,"182,218,182",0.0,2013.0482177734375,161.58326721191406,319.4197998046875,22.05076781268938,12488281,"182,218,182",0.0,1922.84765625,147.02574157714844,312.4439392089844,22.050698570509038,310545,"182,218,182",4,97181,97181.0,168.0,168.0,99383,99383.0,168,168.0,0,0.0,2202,2202.0,2.3265372594942108e-05,2202.0,2202.0,,
BraTS-GLI-02100-100,02100,100,10668505,"182,218,182",0.0,1711.0096435546875,78.16645812988281,168.45367431640625,18.805663788777004,10677068,"182,218,182",0.0,1493.4072265625,71.51466369628906,154.39596557617188,18.805663788777004,10679812,"182,218,182",0.0,834.6481323242188,40.32775115966797,86.81316375732422,18.8056222434688,10705143,"182,218,182",0.0,1683.61083984375,98.10098266601562,221.897705078125,18.805663788777004,18662,"182,218,182",3,12430,12430.0,5208.0,5208.0,12430,12430.0,5208,5208.0,0,0.0,0,0.0,0.0007212265504432054,,,,
BraTS-GLI-02100-101,02100,101,10621543,"182,218,182",0.0,1014.87255859375,44.722267150878906,97.5276107788086,18.72430422687505,10636230,"182,218,182",0.0,483.040771484375,39.2147102355957,85.36115264892578,18.72430422687505,10618127,"182,218,182",0.0,489.38751220703125,34.19742202758789,73.19432830810547,18.72430422687505,10648240,"182,218,182",0.0,1026.71533203125,67.27320861816406,149.63876342773438,18.72430422687505,267745,"182,218,182",5,16630,16630.0,5102.0,5102.0,17630,17630.0,5102,5102.0,77,77.0,1000,1000.0,0.0007065472082106824,1000.0,1000.0,77.0,77.0
BraTS-GLI-02101-100,02101,100,10924360,"182,218,182",0.0,2120.7548828125,86.6214599609375,185.19338989257812,19.318277498285564,10938134,"182,218,182",0.0,1285.0628662109375,78.05101776123047,166.4677276611328,19.318277498285564,10940449,"182,218,182",0.0,996.9097290039062,47.839508056640625,103.57731628417969,19.318277498285564,10978057,"182,218,182",0.0,2329.183349609375,120.59705352783203,278.544921875,19.318277498285564,278267,"182,218,182",5,23489,23489.0,20127.0,20127.0,24373,24373.0,20127,20127.0,29,29.0,884,884.0,0.002787274727490475,884.0,884.0,29.0,29.0
BraTS-GLI-02101-101,02101,101,10586147,"182,218,182",0.0,1437.48193359375,51.26435852050781,112.85859680175781,18.686470299536133,10601566,"182,218,182",0.0,614.6494750976562,46.009544372558594,101.22161865234375,18.686470299536133,10596627,"182,218,182",0.0,614.2842407226562,40.02387237548828,87.17510223388672,18.686470299536133,10627481,"182,218,182",0.0,1939.0802001953125,103.1760482788086,250.6676788330078,18.686470299536133,291929,"182,218,182",5,39765,39765.0,22053.0,22053.0,44130,44130.0,22053,22053.0,228,228.0,4365,4365.0,0.003053995606168204,4365.0,4365.0,228.0,228.0
BraTS-GLI-02102-100,02102,100,13573645,"182,218,182",0.0,8697.3251953125,453.7467041015625,876.2662963867188,24.05139597774944,13579354,"182,218,182",0.0,6001.2626953125,422.53460693359375,805.9854736328125,24.05139597774944,13556547,"182,218,182",0.0,3220.29541015625,246.83154296875,469.6398010253906,24.05139597774944,13584853,"182,218,182",0.0,2995.4208984375,253.5626678466797,511.677734375,24.05139597774944,374172,"182,218,182",5,187078,187078.0,386.0,386.0,235732,235732.0,386,386.0,15507,15507.0,48654,48654.0,5.345496322409318e-05,48654.0,48654.0,15507.0,15507.0
BraTS-GLI-02102-101,02102,101,13345092,"182,218,182",0.0,1987.9853515625,100.96684265136719,193.25518798828125,23.691433579023055,13349123,"182,218,182",0.0,728.5531005859375,88.44964599609375,166.98753356933594,23.691433579023055,13386157,"182,218,182",0.0,997.070068359375,57.99166488647461,115.34418487548828,23.691433579023055,13399422,"182,218,182",0.0,2000.1278076171875,144.82772827148438,301.419189453125,23.690921186888524,378878,"182,218,182",5,204229,204229.0,375.0,375.0,266476,266476.0,375,375.0,7027,7027.0,62247,62247.0,5.1931635256567206e-05,62247.0,62247.0,7027.0,7027.0
BraTS-GLI-02103-100,02103,100,11925232,"182,218,182",0.0,1032.857666015625,47.17265701293945,94.70866394042969,21.18407728978351,11945249,"182,218,182",0.0,725.7544555664062,42.99835205078125,85.71656036376953,21.18407728978351,11940741,"182,218,182",0.0,350.0702819824219,28.101472854614258,56.1087760925293,21.184008047603168,12009805,"182,218,182",0.0,1119.90380859375,48.40928268432617,107.67472839355469,21.183980350731034,273996,"182,218,182",5,26006,26006.0,480.0,480.0,29231,29231.0,480,480.0,255,255.0,3225,3225.0,6.647249312840603e-05,3225.0,3225.0,255.0,255.0
BraTS-GLI-02103-101,02103,101,11968812,"182,218,182",0.0,1029.001220703125,47.0142822265625,94.02027130126953,21.25926044919895,11988122,"182,218,182",0.0,783.0751953125,42.13779067993164,83.74393463134766,21.25926044919895,11986509,"182,218,182",0.0,380.0536193847656,27.138219833374023,54.11159896850586,21.25926044919895,12052359,"182,218,182",0.0,1063.039794921875,46.77199935913086,103.32372283935547,21.259246600762882,273759,"182,218,182",5,27817,27817.0,498.0,498.0,29405,29405.0,498,498.0,50,50.0,1588,1588.0,6.896521162072125e-05,1588.0,1588.0,50.0,50.0
BraTS-GLI-02103-102,02103,102,11859339,"182,218,182",0.0,2041.5411376953125,88.22199249267578,176.6115264892578,21.057821098147745,11876498,"182,218,182",0.0,1879.30712890625,79.6116714477539,158.935791015625,21.057821098147745,11871559,"182,218,182",0.0,699.3883056640625,57.57239532470703,115.08723449707031,21.057807249711676,11938364,"182,218,182",0.0,2450.319580078125,96.35892486572266,213.0051727294922,21.057738007531334,286161,"182,218,182",4,43956,43956.0,402.0,402.0,44148,44148.0,402,402.0,0,0.0,192,192.0,5.5670712995040044e-05,192.0,192.0,,
BraTS-GLI-02103-103,02103,103,11920848,"182,218,182",0.0,1811.0340576171875,86.42838287353516,172.4952850341797,21.188328759656514,11936214,"182,218,182",0.0,1276.6297607421875,76.90011596679688,152.57420349121094,21.188328759656514,11940793,"182,218,182",0.0,811.654052734375,61.82669448852539,123.18502807617188,21.187705580033438,12009278,"182,218,182",0.0,2262.205078125,101.31787109375,220.84207153320312,21.18827336591224,329943,"182,218,182",4,119127,119127.0,322.0,322.0,119376,119376.0,322,322.0,0,0.0,249,249.0,4.4591964140305706e-05,249.0,249.0,,
BraTS-GLI-02103-104,02103,104,11946306,"182,218,182",0.0,1507.7830810546875,80.04867553710938,159.97889709472656,21.23246372540656,11959948,"182,218,182",0.0,1172.33349609375,72.13029479980469,143.2349090576172,21.23246372540656,11973493,"182,218,182",0.0,673.140380859375,57.609779357910156,115.48082733154297,21.232449876970495,12031022,"182,218,182",0.0,2091.95556640625,100.9824447631836,223.16232299804688,21.23246372540656,344400,"182,218,182",5,123387,123387.0,244.0,244.0,131666,131666.0,244,244.0,85,85.0,8279,8279.0,3.379018400693973e-05,8279.0,8279.0,85.0,85.0
BraTS-GLI-02103-105,02103,105,11715359,"182,218,182",0.0,1759.2021484375,80.9911880493164,163.9606475830078,20.78658562931171,11728890,"182,218,182",0.0,1298.4876708984375,73.70629119873047,148.79949951171875,20.78658562931171,11756756,"182,218,182",0.0,599.2860717773438,48.91706085205078,100.20631408691406,20.78658562931171,11770184,"182,218,182",0.0,1541.869140625,94.03085327148438,198.03330993652344,20.78658562931171,51326,"182,218,182",3,200790,200790.0,,,201758,201758.0,0,0.0,0,0.0,968,968.0,0.0,968.0,968.0,,
BraTS-GLI-02103-106,02103,106,11968359,"182,218,182",0.0,9759.310546875,436.8207092285156,891.4265747070312,21.2132420961436,11996300,"182,218,182",0.0,3970.29638671875,374.9001159667969,759.875244140625,21.2132420961436,11971677,"182,218,182",0.0,1748.8792724609375,184.47225952148438,367.25433349609375,21.2132420961436,12000081,"182,218,182",0.0,1761.7060546875,116.8009262084961,247.85902404785156,21.2132420961436,349801,"182,218,182",5,154843,154843.0,361.0,361.0,157861,157861.0,361,361.0,12,12.0,3018,3018.0,4.99928542069887e-05,3018.0,3018.0,12.0,12.0
BraTS-GLI-02104-100,02104,100,9011077,"182,218,182",0.0,7653.18505859375,263.730224609375,649.8663940429688,15.76253920492251,9126993,"182,218,182",0.0,3729.13818359375,218.8186492919922,540.1468505859375,15.948149793547515,9008816,"182,218,182",0.0,1153.1861572265625,74.55066680908203,183.67506408691406,15.761985267479773,9020820,"182,218,182",0.0,2830.9873046875,155.4844207763672,393.8951110839844,15.762483811178235,34281,"182,218,182",5,93911,93911.0,3107.0,3107.0,101482,101482.0,3107,3107.0,328,328.0,7571,7571.0,0.0004302709086457448,7571.0,7571.0,328.0,328.0
BraTS-GLI-02104-101,02104,101,9312345,"182,218,182",0.0,1704.5263671875,57.97579574584961,137.31253051757812,16.353978212532503,9318408,"182,218,182",0.0,530.1123046875,51.76566696166992,121.94439697265625,16.353978212532503,9335655,"182,218,182",0.0,955.0504150390625,35.45814895629883,85.81974792480469,16.353978212532503,9352023,"182,218,182",0.0,1862.9857177734375,87.59764099121094,219.16795349121094,16.353978212532503,36140,"182,218,182",5,97240,97240.0,2649.0,2649.0,104486,104486.0,2649,2649.0,359,359.0,7246,7246.0,0.00036684507145239075,7246.0,7246.0,359.0,359.0
BraTS-GLI-02105-100,02105,100,11067265,"182,218,182",0.0,2049.10986328125,87.67367553710938,184.9920654296875,19.563020908922713,11076992,"182,218,182",0.0,1470.3856201171875,80.17584228515625,169.30599975585938,19.563020908922713,11080604,"182,218,182",0.0,968.2230224609375,47.649131774902344,100.41140747070312,19.563020908922713,11115802,"182,218,182",0.0,2010.541015625,105.07939910888672,234.48178100585938,19.562494668352116,262057,"182,218,182",4,15129,15129.0,454.0,454.0,15807,15807.0,454,454.0,0,0.0,678,678.0,6.287189975061737e-05,678.0,678.0,,
BraTS-GLI-02105-101,02105,101,10956175,"182,218,182",0.0,1616.2445068359375,76.73887634277344,162.73094177246094,19.35147219954156,10964696,"182,218,182",0.0,1208.0849609375,70.18612670898438,148.8960418701172,19.35147219954156,10966442,"182,218,182",0.0,766.2039184570312,40.807518005371094,85.9920883178711,19.35147219954156,10988221,"182,218,182",0.0,1383.8863525390625,86.19216918945312,187.58343505859375,19.351430654233358,261563,"182,218,182",4,12139,12139.0,901.0,901.0,12662,12662.0,901,901.0,0,0.0,523,523.0,0.00012477440897644548,523.0,523.0,,
BraTS-GLI-02105-102,02105,102,11049841,"182,218,182",0.0,956.6923217773438,47.24465560913086,100.49786376953125,19.517722674542917,11067263,"182,218,182",0.0,519.084228515625,42.69281005859375,90.89197540283203,19.517722674542917,11054726,"182,218,182",0.0,492.4642333984375,35.97002410888672,75.27375793457031,19.517722674542917,11095511,"182,218,182",0.0,1388.397705078125,71.83163452148438,166.15618896484375,19.517639583926506,263352,"182,218,182",4,12449,12449.0,1644.0,1644.0,12504,12504.0,1644,1644.0,0,0.0,55,55.0,0.00022766828896479062,55.0,55.0,,
BraTS-GLI-02105-103,02105,103,10967874,"182,218,182",0.0,1898.3282470703125,81.32540893554688,172.72201538085938,19.37426672531018,10977606,"182,218,182",0.0,1427.9248046875,74.10716247558594,157.08973693847656,19.37426672531018,10983170,"182,218,182",0.0,863.8843383789062,42.999122619628906,91.00713348388672,19.374169786257696,11011818,"182,218,182",0.0,2076.20751953125,93.6657943725586,211.78994750976562,19.37425287687411,263636,"182,218,182",4,13929,13929.0,1579.0,1579.0,13949,13949.0,1579,1579.0,0,0.0,20,20.0,0.00021866680552031897,20.0,20.0,,
BraTS-GLI-02105-104,02105,104,10972274,"182,218,182",0.0,1739.900634765625,76.64605712890625,162.70648193359375,19.371386250607948,10980125,"182,218,182",0.0,1352.9510498046875,70.24176788330078,148.8909149169922,19.371386250607948,10987836,"182,218,182",0.0,801.6167602539062,41.32533645629883,87.8636245727539,19.371386250607948,11011238,"182,218,182",0.0,1911.5533447265625,86.88818359375,197.36619567871094,19.371386250607948,272523,"182,218,182",4,29011,29011.0,1754.0,1754.0,29203,29203.0,1754,1754.0,0,0.0,192,192.0,0.00024290156864005034,192.0,192.0,,
BraTS-GLI-02105-105,02105,105,10938544,"182,218,182",0.0,1633.87744140625,72.02051544189453,153.216064453125,19.319136101321803,10946226,"182,218,182",0.0,1300.925537109375,66.40762329101562,141.06292724609375,19.319136101321803,10959094,"182,218,182",0.0,630.6286010742188,38.73165512084961,82.666259765625,19.31910840444967,10981854,"182,218,182",0.0,1748.721923828125,85.95345306396484,195.658447265625,19.319122252885737,276299,"182,218,182",4,32555,32555.0,1833.0,1833.0,32811,32811.0,1833,1833.0,0,0.0,256,256.0,0.0002538418331341005,256.0,256.0,,
BraTS-GLI-02105-106,02105,106,10913685,"182,218,182",0.0,948.9971313476562,43.490562438964844,93.70697784423828,19.249270741356636,10925358,"182,218,182",0.0,574.7101440429688,40.02523422241211,86.29012298583984,19.249270741356636,10910341,"182,218,182",0.0,569.2814331054688,33.87296676635742,71.91853332519531,19.249270741356636,10951632,"182,218,182",0.0,1399.0390625,74.23844909667969,175.30479431152344,19.249229196048432,278860,"182,218,182",4,37653,37653.0,1898.0,1898.0,37886,37886.0,1898,1898.0,0,0.0,233,233.0,0.00026284331657857213,233.0,233.0,,
BraTS-GLI-02105-107,02105,107,10886658,"182,218,182",0.0,1977.5286865234375,77.97988891601562,166.5413360595703,19.206756042626594,10891325,"182,218,182",0.0,1339.5640869140625,71.65837860107422,152.83119201660156,19.206756042626594,10900156,"182,218,182",0.0,902.5914306640625,42.66189193725586,91.60909271240234,19.206742194190525,10921233,"182,218,182",0.0,1959.755615234375,92.58627319335938,210.9005126953125,19.206756042626594,297783,"182,218,182",5,47471,47471.0,1702.0,1702.0,66011,66011.0,1702,1702.0,2921,2921.0,18540,18540.0,0.00023570038188447303,18540.0,18540.0,2921.0,2921.0
BraTS-GLI-02106-100,02106,100,9291556,"182,218,182",0.0,1560.431884765625,57.347721099853516,135.850341796875,16.302628211590807,9296977,"182,218,182",0.0,879.858642578125,51.788108825683594,122.70938873291016,16.302628211590807,9305179,"182,218,182",0.0,681.3480834960938,29.854936599731445,70.9931869506836,16.302628211590807,9327303,"182,218,182",0.0,1750.3250732421875,85.99803161621094,217.36070251464844,16.302628211590807,25506,"182,218,182",4,34677,34677.0,,,41239,41239.0,0,0.0,935,935.0,6562,6562.0,0.0,6562.0,6562.0,935.0,935.0
BraTS-GLI-02106-101,02106,101,9318422,"182,218,182",0.0,882.3343505859375,32.46407699584961,76.73487091064453,16.340268260824768,9322661,"182,218,182",0.0,564.2648315429688,29.48599624633789,69.71772003173828,16.340268260824768,9332144,"182,218,182",0.0,340.1879577636719,18.008371353149414,43.2352294921875,16.340268260824768,9340413,"182,218,182",0.0,690.1486206054688,37.546817779541016,91.59004211425781,16.340268260824768,32330,"182,218,182",4,81173,81173.0,,,86309,86309.0,0,0.0,512,512.0,5136,5136.0,0.0,5136.0,5136.0,512.0,512.0
BraTS-GLI-02106-102,02106,102,8915377,"182,218,182",0.0,1593.4478759765625,51.521385192871094,124.71495056152344,15.636061438309648,8926331,"182,218,182",0.0,785.7318725585938,45.47892379760742,110.16571807861328,15.636061438309648,8947603,"182,218,182",0.0,472.79888916015625,25.914697647094727,64.33100891113281,15.63597834769324,8954580,"182,218,182",0.0,1141.677734375,64.35125732421875,161.00856018066406,15.636061438309648,40318,"182,218,182",4,85538,85538.0,,,103751,103751.0,0,0.0,667,667.0,18213,18213.0,0.0,18213.0,18213.0,667.0,667.0
BraTS-GLI-02108-100,02108,100,11567442,"182,218,182",0.0,976.1964111328125,47.41041946411133,100.12372589111328,20.400075778642165,11571515,"182,218,182",0.0,462.10693359375,40.54313278198242,84.63329315185547,20.400089627078234,11566930,"182,218,182",0.0,703.4212036132812,37.451290130615234,79.37834167480469,20.400089627078234,11577035,"182,218,182",0.0,1254.358154296875,83.06131744384766,180.24330139160156,20.400089627078234,362640,"182,218,182",5,80279,80279.0,3872.0,3872.0,176922,176922.0,3872,3872.0,10424,10424.0,96643,96643.0,0.0005362114445691419,96643.0,96643.0,10424.0,10424.0
BraTS-GLI-02108-101,02108,101,11451215,"182,218,182",0.0,301.9334411621094,15.144433975219727,32.03213119506836,20.217594936568624,11457162,"182,218,182",0.0,217.08001708984375,13.53795051574707,28.44036865234375,20.217594936568624,11470029,"182,218,182",0.0,267.2329406738281,11.987196922302246,25.58607292175293,20.217594936568624,11478730,"182,218,182",0.0,417.45562744140625,28.663963317871094,62.65708923339844,20.217594936568624,372928,"182,218,182",5,115291,115291.0,4531.0,4531.0,171588,171588.0,4531,4531.0,11086,11086.0,56297,56297.0,0.000627472638260016,56297.0,56297.0,11086.0,11086.0
BraTS-GLI-02110-100,02110,100,10696184,"182,218,182",0.0,1680.2301025390625,62.88999938964844,137.05372619628906,18.878409623444405,10702689,"182,218,182",0.0,503.3960266113281,56.74767303466797,122.73603820800781,18.878409623444405,10730111,"182,218,182",0.0,966.6785278320312,35.282894134521484,78.44896697998047,18.87742638448355,10745323,"182,218,182",0.0,1846.9542236328125,108.45935821533203,250.81979370117188,18.878243442211584,278613,"182,218,182",4,35099,35099.0,,,38961,38961.0,0,0.0,160,160.0,3862,3862.0,0.0,3862.0,3862.0,160.0,160.0
BraTS-GLI-02110-101,02110,101,10727020,"182,218,182",0.0,2125.913330078125,70.28240966796875,153.691650390625,18.91171511218895,10730149,"182,218,182",0.0,588.5767211914062,62.22801971435547,134.63404846191406,18.91171511218895,10760158,"182,218,182",0.0,682.9575805664062,37.354427337646484,84.24143981933594,18.91143814346758,10767235,"182,218,182",0.0,1866.594970703125,114.00606536865234,263.673828125,18.91170126375288,28723,"182,218,182",4,51347,51347.0,,,60681,60681.0,0,0.0,2061,2061.0,9334,9334.0,0.0,9334.0,9334.0,2061.0,2061.0
BraTS-GLI-02111-100,02111,100,11938891,"182,218,182",0.0,4395.84033203125,175.66517639160156,360.8245544433594,21.110999092650466,11948384,"182,218,182",0.0,1439.220458984375,138.7904052734375,286.24639892578125,21.110999092650466,11920290,"182,218,182",0.0,346.735107421875,29.441608428955078,60.07258224487305,21.110999092650466,11972846,"182,218,182",0.0,1440.2442626953125,72.25843048095703,157.78720092773438,21.110999092650466,271629,"182,218,182",4,17220,17220.0,10085.0,10085.0,17276,17276.0,10085,10085.0,0,0.0,56,56.0,0.0013966147774999475,56.0,56.0,,
BraTS-GLI-02111-101,02111,101,12637645,"182,218,182",0.0,10065.63671875,476.4072570800781,949.6751708984375,22.381468466003195,12654628,"182,218,182",0.0,3188.52978515625,370.63470458984375,738.57470703125,22.381468466003195,12635276,"182,218,182",0.0,1959.7261962890625,183.06304931640625,358.9378967285156,22.381468466003195,12663481,"182,218,182",0.0,3078.6181640625,226.61500549316406,475.62872314453125,22.381468466003195,23893,"182,218,182",4,25544,25544.0,12011.0,12011.0,25584,25584.0,12011,12011.0,0,0.0,40,40.0,0.0016633356561776766,40.0,40.0,,
BraTS-GLI-02111-102,02111,102,12141520,"182,218,182",0.0,7174.37744140625,291.847900390625,602.5033569335938,21.465103602919918,12156684,"182,218,182",0.0,3555.229248046875,242.93338012695312,508.95404052734375,21.465103602919918,12115836,"182,218,182",0.0,607.5169677734375,57.59246063232422,116.61248779296875,21.465103602919918,12174124,"182,218,182",0.0,1755.5650634765625,91.7833023071289,201.61521911621094,21.465103602919918,282077,"182,218,182",3,31470,31470.0,10217.0,10217.0,31470,31470.0,10217,10217.0,0,0.0,0,0.0,0.001414894713110259,,,,
BraTS-GLI-02111-103,02111,103,12168170,"182,218,182",0.0,6258.25341796875,274.80572509765625,564.7557373046875,21.511731287162277,12183233,"182,218,182",0.0,2722.1826171875,238.5805206298828,497.0008544921875,21.511731287162277,12141598,"182,218,182",0.0,614.7811889648438,60.328773498535156,121.9026107788086,21.511731287162277,12200402,"182,218,182",0.0,1831.7371826171875,95.24124145507812,209.47544860839844,21.511731287162277,283370,"182,218,182",3,33042,33042.0,10355.0,10355.0,33042,33042.0,10355,10355.0,0,0.0,0,0.0,0.0014340055548846757,,,,
BraTS-GLI-02111-104,02111,104,12549014,"182,218,182",0.0,11702.720703125,548.9354248046875,1110.512939453125,22.210523371174645,12564790,"182,218,182",0.0,5123.76904296875,437.749267578125,882.4282836914062,22.210523371174645,12546542,"182,218,182",0.0,1849.96875,178.2127685546875,351.873291015625,22.210523371174645,12574558,"182,218,182",0.0,3050.341064453125,233.83999633789062,494.96044921875,22.210523371174645,282824,"182,218,182",3,32348,32348.0,11853.0,11853.0,32348,32348.0,11853,11853.0,0,0.0,0,0.0,0.0016414551271895761,,,,
BraTS-GLI-02111-105,02111,105,12113575,"182,218,182",0.0,5542.75732421875,289.7814025878906,588.6908569335938,21.422948963527652,12128073,"182,218,182",0.0,2661.35888671875,263.38458251953125,541.9544067382812,21.422948963527652,12098540,"182,218,182",0.0,585.3167114257812,58.38581466674805,118.59701538085938,21.422948963527652,12154118,"182,218,182",0.0,1862.7021484375,95.57941436767578,212.18516540527344,21.422948963527652,288998,"182,218,182",5,34441,34441.0,11915.0,11915.0,36323,36323.0,11915,11915.0,18,18.0,1882,1882.0,0.0016500411575519954,1882.0,1882.0,18.0,18.0
BraTS-GLI-02111-106,02111,106,12591392,"182,218,182",0.0,10308.2236328125,492.7353820800781,994.1843872070312,22.29235377990293,12609805,"182,218,182",0.0,4330.58984375,397.0630798339844,793.2406005859375,22.29235377990293,12590412,"182,218,182",0.0,1484.2822265625,169.0096893310547,330.8079833984375,22.29235377990293,12615003,"182,218,182",0.0,2874.55419921875,213.29470825195312,447.9815368652344,22.29235377990293,40726,"182,218,182",5,110507,110507.0,10817.0,10817.0,125133,125133.0,10817,10817.0,11,11.0,14626,14626.0,0.0014979853295207666,14626.0,14626.0,11.0,11.0
BraTS-GLI-02111-107,02111,107,12617819,"182,218,182",0.0,9296.3623046875,387.1251525878906,783.5640258789062,22.32330503451584,12634038,"182,218,182",0.0,3875.65380859375,305.28912353515625,615.9320678710938,22.32330503451584,12602912,"182,218,182",0.0,1541.573486328125,167.4355926513672,326.9220275878906,22.32330503451584,12634893,"182,218,182",0.0,2374.931884765625,187.55828857421875,397.8512268066406,22.32330503451584,293615,"182,218,182",5,31478,31478.0,11674.0,11674.0,43509,43509.0,11674,11674.0,46,46.0,12031,12031.0,0.001616666426627108,12031.0,12031.0,46.0,46.0
BraTS-GLI-02112-100,02112,100,10377359,"182,218,182",0.0,3842.901611328125,144.85955810546875,329.7615051269531,18.230316663878515,10385982,"182,218,182",0.0,1799.6126708984375,123.9842300415039,281.4045104980469,18.231299902839375,10361869,"182,218,182",0.0,849.2784423828125,65.55623626708984,146.69569396972656,18.235911432050155,10396047,"182,218,182",0.0,1701.9454345703125,97.28025817871094,238.03402709960938,18.236326885132208,26346,"182,218,182",5,61353,61353.0,1344.0,1344.0,65413,65413.0,1344,1344.0,196,196.0,4060,4060.0,0.00018612298075953686,4060.0,4060.0,196.0,196.0
BraTS-GLI-02112-101,02112,101,10251490,"182,218,182",0.0,1405.36572265625,61.42021179199219,136.90040588378906,18.06099183606997,10257582,"182,218,182",0.0,487.5036315917969,56.2315559387207,124.5170669555664,18.06099183606997,10276360,"182,218,182",0.0,754.6688232421875,42.72719192504883,98.05564880371094,18.060964139197832,10307550,"182,218,182",0.0,1964.7410888671875,97.01481628417969,248.42913818359375,18.06089489701749,27975,"182,218,182",5,65120,65120.0,1390.0,1390.0,70939,70939.0,1390,1390.0,152,152.0,5819,5819.0,0.0001924932613510091,5819.0,5819.0,152.0,152.0
BraTS-GLI-02112-102,02112,102,10280059,"182,218,182",0.0,1359.4156494140625,60.406166076660156,134.6764373779297,18.110444601270288,10282027,"182,218,182",0.0,526.601318359375,55.22569274902344,122.1804428100586,18.110444601270288,10302436,"182,218,182",0.0,903.0601196289062,41.83027648925781,95.76371002197266,18.110444601270288,10333099,"182,218,182",0.0,1784.0880126953125,96.07803344726562,244.28701782226562,18.110223026293195,289317,"182,218,182",5,60183,60183.0,1083.0,1083.0,65130,65130.0,1083,1083.0,50,50.0,4947,4947.0,0.00014997856262096608,4947.0,4947.0,50.0,50.0
BraTS-GLI-02112-103,02112,103,10181980,"182,218,182",0.0,1362.0908203125,57.85972595214844,130.77886962890625,17.913630627865935,10184565,"182,218,182",0.0,514.7647094726562,52.72261047363281,118.70547485351562,17.913630627865935,10211366,"182,218,182",0.0,816.8360595703125,31.839765548706055,74.18687438964844,17.913630627865935,10219069,"182,218,182",0.0,1818.62451171875,99.74240112304688,245.74441528320312,17.913630627865935,27367,"182,218,182",4,48386,48386.0,484.0,484.0,48659,48659.0,484,484.0,0,0.0,273,273.0,6.702643057114274e-05,273.0,273.0,,
BraTS-GLI-02114-100,02114,100,12060108,"182,218,182",0.0,15136.9072265625,545.698974609375,1130.5126953125,21.319182632066997,12071607,"182,218,182",0.0,7366.46630859375,423.7887268066406,875.723876953125,21.319182632066997,12048908,"182,218,182",0.0,2130.793701171875,180.19544982910156,365.2641906738281,21.319182632066997,12083791,"182,218,182",0.0,3285.944580078125,252.83033752441406,546.3638916015625,21.319182632066997,36651,"182,218,182",4,101591,101591.0,9341.0,9341.0,101827,101827.0,9341,9341.0,0,0.0,236,236.0,0.0012935824131509181,236.0,236.0,,
BraTS-GLI-02114-101,02114,101,12116072,"182,218,182",0.0,13248.6123046875,499.02349853515625,1031.5108642578125,21.430260937771774,12133698,"182,218,182",0.0,6641.0146484375,393.233154296875,808.6145629882812,21.430260937771774,12112918,"182,218,182",0.0,1880.0906982421875,173.43470764160156,349.1630554199219,21.430260937771774,12144359,"182,218,182",0.0,3160.7900390625,241.28721618652344,519.2800903320312,21.430260937771774,37473,"182,218,182",4,106450,106450.0,9565.0,9565.0,106586,106586.0,9565,9565.0,0,0.0,136,136.0,0.0013246029099441743,136.0,136.0,,
BraTS-GLI-02115-100,02115,100,11197519,"182,218,182",0.0,7319.67578125,308.7974853515625,670.9332885742188,19.734852303659643,11207419,"182,218,182",0.0,4172.30810546875,255.81634521484375,559.496337890625,19.734852303659643,11180917,"182,218,182",0.0,1701.1759033203125,146.0399627685547,305.68450927734375,19.734852303659643,11209410,"182,218,182",0.0,1943.58349609375,125.3471450805664,290.7073669433594,19.734852303659643,16610,"182,218,182",5,2463,2463.0,67.0,67.0,5456,5456.0,67,67.0,884,884.0,2993,2993.0,9.278452165840008e-06,2993.0,2993.0,884.0,884.0
BraTS-GLI-02115-101,02115,101,11004338,"182,218,182",0.0,1757.454345703125,73.08079528808594,156.2153778076172,19.409857206006013,11009086,"182,218,182",0.0,1014.685302734375,66.20832061767578,141.7431182861328,19.409857206006013,11015844,"182,218,182",0.0,831.3548583984375,37.324920654296875,80.48091125488281,19.409857206006013,11032769,"182,218,182",0.0,1289.1585693359375,88.15185546875,198.53567504882812,19.409857206006013,16833,"182,218,182",5,3845,3845.0,40.0,40.0,5464,5464.0,40,40.0,264,264.0,1619,1619.0,5.539374427367169e-06,1619.0,1619.0,264.0,264.0
BraTS-GLI-02116-100,02116,100,12639151,"182,218,182",0.0,1742.775146484375,91.05403137207031,178.31820678710938,22.461138518704807,12633294,"182,218,182",0.0,681.076416015625,78.9543228149414,151.2006072998047,22.461138518704807,12666266,"182,218,182",0.0,1008.068115234375,57.87748336791992,114.38341522216797,22.460570732826003,12716496,"182,218,182",0.0,2072.6923828125,102.95829772949219,225.71026611328125,22.460598429698138,37937,"182,218,182",4,55814,55814.0,,,128449,128449.0,0,0.0,16992,16992.0,72635,72635.0,0.0,72635.0,72635.0,16992.0,16992.0
BraTS-GLI-02116-101,02116,101,12856941,"182,218,182",0.0,1683.084716796875,96.74516296386719,186.3675537109375,22.85561122011369,12848126,"182,218,182",0.0,1143.8240966796875,83.93958282470703,158.63169860839844,22.85561122011369,12882955,"182,218,182",0.0,1009.0528564453125,61.018611907958984,120.64456939697266,22.85509882797916,12930727,"182,218,182",0.0,2128.842041015625,102.60485076904297,222.45855712890625,22.85491879831027,45524,"182,218,182",4,47356,47356.0,,,155395,155395.0,0,0.0,39265,39265.0,108039,108039.0,0.0,108039.0,108039.0,39265.0,39265.0
BraTS-GLI-02118-100,02118,100,11199588,"182,218,182",0.0,2044.9613037109375,79.04051208496094,167.41188049316406,19.840654355222355,11205194,"182,218,182",0.0,1366.65673828125,69.59883117675781,144.40643310546875,19.840654355222355,11227281,"182,218,182",0.0,1029.4620361328125,56.11549377441406,120.70622253417969,19.840598961478083,11276347,"182,218,182",0.0,2097.6875,102.88191223144531,240.3873291015625,19.840654355222355,327159,"182,218,182",4,110075,110075.0,,,155919,155919.0,0,0.0,1415,1415.0,45844,45844.0,0.0,45844.0,45844.0,1415.0,1415.0
BraTS-GLI-02118-101,02118,101,11011962,"182,218,182",0.0,2071.216064453125,80.46405029296875,171.3492431640625,19.47009790290363,11022508,"182,218,182",0.0,1215.773193359375,71.8028793334961,152.02647399902344,19.47009790290363,11033691,"182,218,182",0.0,838.6102905273438,46.768733978271484,99.89624786376953,19.470070206031494,11057942,"182,218,182",0.0,1872.93310546875,101.95524597167969,230.6681671142578,19.47008405446756,31077,"182,218,182",4,61965,61965.0,,,80236,80236.0,0,0.0,178,178.0,18271,18271.0,0.0,18271.0,18271.0,178.0,178.0
BraTS-GLI-02119-100,02119,100,11307585,"182,218,182",0.0,943.659423828125,47.39806365966797,100.36170196533203,19.97159131824925,11319508,"182,218,182",0.0,413.3285827636719,42.337013244628906,88.81277465820312,19.97159131824925,11321072,"182,218,182",0.0,517.3330078125,38.695499420166016,83.6650619506836,19.97159131824925,11338487,"182,218,182",0.0,975.77490234375,71.6327896118164,156.22085571289062,19.97157746981318,38240,"182,218,182",5,130394,130394.0,186.0,186.0,144152,144152.0,186,186.0,560,560.0,13758,13758.0,2.5758091087257335e-05,13758.0,13758.0,560.0,560.0
BraTS-GLI-02119-101,02119,101,11390400,"182,218,182",0.0,877.4293823242188,44.81235885620117,94.41700744628906,20.11139128035993,11398265,"182,218,182",0.0,400.7506408691406,39.86373519897461,82.883544921875,20.11139128035993,11398150,"182,218,182",0.0,520.0733032226562,39.07699966430664,84.86114501953125,20.11139128035993,11412668,"182,218,182",0.0,943.6424560546875,71.66364288330078,154.7919158935547,20.11129434130745,338808,"182,218,182",5,174405,174405.0,15600.0,15600.0,176814,176814.0,15600,15600.0,2701,2701.0,2409,2409.0,0.0021603560266731958,2409.0,2409.0,2701.0,2701.0
BraTS-GLI-02119-102,02119,102,11252475,"182,218,182",0.0,1747.719482421875,70.08168029785156,147.38677978515625,19.920241317307553,11256561,"182,218,182",0.0,546.1026000976562,61.6197624206543,127.56167602539062,19.920241317307553,11300321,"182,218,182",0.0,954.9279174804688,46.89748764038086,101.23509979248047,19.92018592356328,11333592,"182,218,182",0.0,1900.8717041015625,88.96372985839844,211.31443786621094,19.92018592356328,40428,"182,218,182",5,128113,128113.0,32.0,32.0,151785,151785.0,32,32.0,2042,2042.0,23672,23672.0,4.431499541893735e-06,23672.0,23672.0,2042.0,2042.0
BraTS-GLI-02120-100,02120,100,11193828,"182,218,182",0.0,955.8605346679688,38.40987014770508,81.29768371582031,19.73601557228939,11196088,"182,218,182",0.0,657.8375244140625,34.5627326965332,72.70484924316406,19.73601557228939,11194946,"182,218,182",0.0,671.2061767578125,29.727659225463867,63.937442779541016,19.73601557228939,11242221,"182,218,182",0.0,1624.55419921875,61.584251403808594,147.31942749023438,19.73600172385332,28443,"182,218,182",4,58139,58139.0,,,70028,70028.0,0,0.0,2089,2089.0,11889,11889.0,0.0,11889.0,11889.0,2089.0,2089.0
BraTS-GLI-02120-101,02120,101,11156578,"182,218,182",0.0,1420.3095703125,74.94647216796875,157.59388732910156,19.673545277184758,11142397,"182,218,182",0.0,665.05419921875,59.76297378540039,125.41796875,19.673545277184758,11158120,"182,218,182",0.0,1061.008544921875,50.53793716430664,108.94284057617188,19.672617431968174,11209470,"182,218,182",0.0,2302.376220703125,102.02131652832031,243.6308135986328,19.673129824102702,33479,"182,218,182",4,77880,77880.0,,,106629,106629.0,0,0.0,7280,7280.0,28749,28749.0,0.0,28749.0,28749.0,7280.0,7280.0
BraTS-GLI-02123-100,02123,100,9207124,"182,218,182",0.0,8494.6650390625,303.422119140625,735.3499755859375,16.11826398221196,9215015,"182,218,182",0.0,4339.82861328125,262.8912048339844,645.1222534179688,16.11826398221196,9189325,"182,218,182",0.0,1933.1114501953125,82.88467407226562,198.66783142089844,16.11819474003162,9221042,"182,218,182",0.0,3268.1357421875,162.11911010742188,416.82684326171875,16.11826398221196,264140,"182,218,182",3,12674,12674.0,5545.0,5545.0,12674,12674.0,5545,5545.0,0,0.0,0,0.0,0.0007678957799937738,,,,
BraTS-GLI-02123-101,02123,101,9348206,"182,218,182",0.0,8925.8896484375,330.8232116699219,792.0302124023438,16.38628661388012,9361077,"182,218,182",0.0,5015.7666015625,278.73150634765625,675.7012329101562,16.38628661388012,9343994,"182,218,182",0.0,1637.930419921875,79.67822265625,189.14096069335938,16.385760373309523,9369034,"182,218,182",0.0,3140.51611328125,153.10350036621094,391.81390380859375,16.386258917007986,268290,"182,218,182",5,18649,18649.0,4484.0,4484.0,19156,19156.0,4484,4484.0,28,28.0,507,507.0,0.0006209638733078596,507.0,507.0,28.0,28.0
BraTS-GLI-02123-102,02123,102,9741747,"182,218,182",0.0,11864.1943359375,379.1870422363281,893.0263061523438,17.11773331014182,9758662,"182,218,182",0.0,4557.017578125,309.42791748046875,725.7734985351562,17.11773331014182,9739294,"182,218,182",0.0,2387.303955078125,167.68740844726562,384.75360107421875,17.117664067961478,9768220,"182,218,182",0.0,2235.95263671875,122.08885192871094,301.3829345703125,17.117664067961478,21740,"182,218,182",5,27524,27524.0,3732.0,3732.0,29811,29811.0,3732,3732.0,3,3.0,2287,2287.0,0.0005168236340733568,2287.0,2287.0,3.0,3.0
BraTS-GLI-02123-103,02123,103,9597490,"182,218,182",0.0,1466.72412109375,56.83472442626953,132.14654541015625,16.874776347757496,9601032,"182,218,182",0.0,650.8250732421875,50.02573776245117,115.62997436523438,16.874776347757496,9617026,"182,218,182",0.0,620.3881225585938,30.2081356048584,70.98252868652344,16.87473480244929,9636889,"182,218,182",0.0,1409.4453125,73.39590454101562,183.63723754882812,16.874776347757496,288629,"182,218,182",5,47626,47626.0,4514.0,4514.0,61235,61235.0,4514,4514.0,22,22.0,13609,13609.0,0.000625118404128385,13609.0,13609.0,22.0,22.0
BraTS-GLI-02124-100,02124,100,10355903,"182,218,182",0.0,1069.156005859375,39.17726135253906,86.6580810546875,18.250078382148146,10369077,"182,218,182",0.0,514.1384887695312,34.10784149169922,75.18455505371094,18.250078382148146,10351859,"182,218,182",0.0,348.9446105957031,21.557313919067383,47.12617492675781,18.250078382148146,10387950,"182,218,182",0.0,922.1715698242188,46.75322341918945,108.26036071777344,18.250078382148146,271372,"182,218,182",5,15061,15061.0,7769.0,7769.0,21671,21671.0,7769,7769.0,462,462.0,6610,6610.0,0.0010758849981553882,6610.0,6610.0,462.0,462.0
BraTS-GLI-02124-101,02124,101,10278074,"182,218,182",0.0,279.2671203613281,13.1419095993042,29.48210906982422,18.10299414266548,10291131,"182,218,182",0.0,126.82606506347656,11.573545455932617,25.858722686767578,18.10299414266548,10281675,"182,218,182",0.0,150.48291015625,9.68078327178955,21.3187313079834,18.10299414266548,10312356,"182,218,182",0.0,347.394775390625,20.872102737426758,48.30792999267578,18.10298029422941,285482,"182,218,182",5,35845,35845.0,7467.0,7467.0,54023,54023.0,7467,7467.0,1122,1122.0,18178,18178.0,0.0010340627212287663,18178.0,18178.0,1122.0,1122.0
BraTS-GLI-02128-100,02128,100,10137764,"182,218,182",0.0,1717.048583984375,72.47526550292969,161.96701049804688,17.900779279194442,10151482,"182,218,182",0.0,1228.96240234375,65.6737060546875,146.49671936035156,17.900779279194442,10150733,"182,218,182",0.0,748.5587768554688,39.79103088378906,89.27395629882812,17.900779279194442,10171598,"182,218,182",0.0,1486.6048583984375,87.82117462158203,200.609619140625,17.90073773388624,27825,"182,218,182",4,60990,60990.0,19112.0,19112.0,62119,62119.0,19112,19112.0,0,0.0,1129,1129.0,0.0026467131013960333,1129.0,1129.0,,
BraTS-GLI-02128-101,02128,101,10272289,"182,218,182",0.0,1029.0703125,45.82539749145508,101.61699676513672,18.136382722026436,10291433,"182,218,182",0.0,556.99560546875,40.47095489501953,89.62684631347656,18.136382722026436,10286259,"182,218,182",0.0,559.0704956054688,37.237403869628906,82.42098236083984,18.136382722026436,10313717,"182,218,182",0.0,1547.8599853515625,73.45758819580078,173.083740234375,18.136133450177205,27783,"182,218,182",4,62098,62098.0,13327.0,13327.0,62258,62258.0,13327,13327.0,0,0.0,160,160.0,0.0018455810748380563,160.0,160.0,,
BraTS-GLI-02128-102,02128,102,10265544,"182,218,182",0.0,1008.2808227539062,44.37055587768555,98.46073913574219,18.119459933150832,10285347,"182,218,182",0.0,611.782470703125,40.2088623046875,89.131103515625,18.119459933150832,10275740,"182,218,182",0.0,500.0839538574219,35.617523193359375,78.43647766113281,18.119459933150832,10305623,"182,218,182",0.0,1546.1802978515625,73.14336395263672,172.1685028076172,18.119030631632707,28619,"182,218,182",4,67168,67168.0,11832.0,11832.0,67334,67334.0,11832,11832.0,0,0.0,166,166.0,0.0016385469556152085,166.0,166.0,,
BraTS-GLI-02128-103,02128,103,10180746,"182,218,182",0.0,1735.6287841796875,72.03304290771484,159.98033142089844,17.972555723337052,10193261,"182,218,182",0.0,1376.318603515625,64.1728744506836,142.28628540039062,17.972555723337052,10198026,"182,218,182",0.0,759.777099609375,41.50341796875,92.18637084960938,17.972555723337052,10220992,"182,218,182",0.0,1576.244873046875,79.61434173583984,184.47323608398438,17.972541874900983,28865,"182,218,182",4,67457,67457.0,10573.0,10573.0,68107,68107.0,10573,10573.0,0,0.0,650,650.0,0.0014641951455138268,650.0,650.0,,
BraTS-GLI-02129-100,02129,100,12046154,"182,218,182",0.0,3459.070556640625,153.68804931640625,311.35723876953125,21.314404921623392,12056997,"182,218,182",0.0,1444.739501953125,131.2836456298828,265.9732360839844,21.314404921623392,12041834,"182,218,182",0.0,653.718505859375,32.37896728515625,65.85539245605469,21.314404921623392,12079294,"182,218,182",0.0,1300.8895263671875,72.05447387695312,153.17320251464844,21.314404921623392,32702,"182,218,182",4,75579,75579.0,,,77409,77409.0,0,0.0,85,85.0,1830,1830.0,0.0,1830.0,1830.0,85.0,85.0
BraTS-GLI-02129-101,02129,101,12661639,"182,218,182",0.0,7295.9033203125,370.708740234375,738.1320190429688,22.394015149081184,12663468,"182,218,182",0.0,5848.54736328125,346.6091613769531,691.6630249023438,22.394015149081184,12640409,"182,218,182",0.0,3693.966552734375,190.22325134277344,369.19598388671875,22.394015149081184,12666587,"182,218,182",0.0,2677.882080078125,174.00762939453125,355.1441955566406,22.394015149081184,33508,"182,218,182",4,81910,81910.0,,,84707,84707.0,0,0.0,9,9.0,2797,2797.0,0.0,2797.0,2797.0,9.0,9.0
BraTS-GLI-02129-102,02129,102,12220475,"182,218,182",0.0,870.9159545898438,47.43735885620117,95.70172119140625,21.61895972764004,12230587,"182,218,182",0.0,532.5098876953125,44.01278305053711,88.68502044677734,21.61895972764004,12227006,"182,218,182",0.0,880.419189453125,43.07844924926758,86.78705596923828,21.61895972764004,12231963,"182,218,182",0.0,2010.7933349609375,92.6320571899414,188.45816040039062,21.61895972764004,37630,"182,218,182",4,109551,109551.0,,,112479,112479.0,0,0.0,27,27.0,2928,2928.0,0.0,2928.0,2928.0,27.0,27.0
BraTS-GLI-02129-103,02129,103,12378526,"182,218,182",0.0,1693.6171875,87.51835632324219,173.76258850097656,21.91908303411479,12385731,"182,218,182",0.0,902.8167724609375,80.11155700683594,158.25743103027344,21.91908303411479,12395681,"182,218,182",0.0,1333.236083984375,52.58876419067383,106.15303802490234,21.918958398190174,12400956,"182,218,182",0.0,2471.945068359375,114.98463439941406,230.53773498535156,21.91908303411479,38137,"182,218,182",4,117145,117145.0,,,118569,118569.0,0,0.0,27,27.0,1424,1424.0,0.0,1424.0,1424.0,27.0,27.0
BraTS-GLI-02129-104,02129,104,12130630,"182,218,182",0.0,1015.8298950195312,48.8309326171875,99.32369995117188,21.455409697672025,12143308,"182,218,182",0.0,567.8894653320312,43.89543151855469,89.03609466552734,21.455409697672025,12141733,"182,218,182",0.0,988.1456298828125,43.0537223815918,87.37933349609375,21.455409697672025,12141995,"182,218,182",0.0,1842.2218017578125,89.91043090820312,183.09371948242188,21.455409697672025,40224,"182,218,182",4,122023,122023.0,,,122645,122645.0,0,0.0,11,11.0,622,622.0,0.0,622.0,622.0,11.0,11.0
BraTS-GLI-02129-105,02129,105,12345269,"182,218,182",0.0,1712.8187255859375,77.40267944335938,155.13909912109375,21.8556295000493,12346864,"182,218,182",0.0,717.38818359375,69.78054809570312,138.50704956054688,21.8556295000493,12367599,"182,218,182",0.0,1200.620849609375,48.401485443115234,98.16178131103516,21.8556295000493,12384525,"182,218,182",0.0,2339.3642578125,115.22618103027344,242.40203857421875,21.8556295000493,331727,"182,218,182",4,125643,125643.0,,,131198,131198.0,0,0.0,166,166.0,5555,5555.0,0.0,5555.0,5555.0,166.0,166.0
BraTS-GLI-02129-106,02129,106,12331926,"182,218,182",0.0,1696.0115966796875,80.87369537353516,161.2278289794922,21.841421004643102,12338494,"182,218,182",0.0,786.6022338867188,72.73994445800781,143.9868621826172,21.841421004643102,12359829,"182,218,182",0.0,1129.0821533203125,50.46696090698242,102.24141693115234,21.841421004643102,12374518,"182,218,182",0.0,2132.176025390625,113.42874145507812,239.023193359375,21.841421004643102,333876,"182,218,182",4,137205,137205.0,27.0,27.0,139378,139378.0,27,27.0,0,0.0,2173,2173.0,3.7390777384728386e-06,2173.0,2173.0,,
BraTS-GLI-02131-100,02131,100,10717556,"182,218,182",0.0,7222.2548828125,321.9404296875,708.227783203125,18.889432978554865,10733083,"182,218,182",0.0,2858.541015625,269.4369812011719,592.8880615234375,18.889432978554865,10704116,"182,218,182",0.0,1652.1370849609375,145.49842834472656,310.80865478515625,18.889377584810592,10730261,"182,218,182",0.0,2453.949462890625,134.6717529296875,309.2836608886719,18.889432978554865,264962,"182,218,182",4,10869,10869.0,7749.0,7749.0,10873,10873.0,7749,7749.0,0,0.0,4,4.0,0.0010731153109417048,4.0,4.0,,
BraTS-GLI-02131-101,02131,101,10569176,"182,218,182",0.0,1889.7354736328125,68.68914794921875,150.44500732421875,18.678839811262435,10579014,"182,218,182",0.0,1727.0877685546875,62.8208122253418,137.29006958007812,18.678839811262435,10592910,"182,218,182",0.0,743.5007934570312,38.70322036743164,84.39852142333984,18.678839811262435,10627055,"182,218,182",0.0,2099.837158203125,95.0299072265625,221.7997283935547,18.678839811262435,263258,"182,218,182",4,12992,12992.0,32.0,32.0,18822,18822.0,32,32.0,0,0.0,5830,5830.0,4.431499541893735e-06,5830.0,5830.0,,
BraTS-GLI-02131-102,02131,102,10734525,"182,218,182",0.0,7635.19287109375,320.2628479003906,707.0267333984375,18.917794575622988,10747619,"182,218,182",0.0,2888.98193359375,277.567626953125,612.3838500976562,18.917794575622988,10724619,"182,218,182",0.0,1651.26025390625,142.66468811035156,305.35760498046875,18.917794575622988,10750987,"182,218,182",0.0,2389.963134765625,133.68682861328125,309.58026123046875,18.917794575622988,267084,"182,218,182",4,15798,15798.0,7689.0,7689.0,15855,15855.0,7689,7689.0,0,0.0,57,57.0,0.001064806249300654,57.0,57.0,,
BraTS-GLI-02131-103,02131,103,10584706,"182,218,182",0.0,2001.5743408203125,73.67473602294922,160.23275756835938,18.674782219494386,10592170,"182,218,182",0.0,1594.90234375,68.08123016357422,148.2325897216797,18.674782219494386,10598016,"182,218,182",0.0,789.3421020507812,41.26009750366211,89.88391876220703,18.674782219494386,10621511,"182,218,182",0.0,1901.7635498046875,95.07276916503906,223.63424682617188,18.674782219494386,263360,"182,218,182",3,14072,14072.0,6456.0,6456.0,14072,14072.0,6456,6456.0,0,0.0,0,0.0,0.000894055032577061,,,,
BraTS-GLI-02132-100,02132,100,10657726,"182,218,182",0.0,1712.8734130859375,75.26618194580078,161.0892791748047,18.857997028679556,10664568,"182,218,182",0.0,979.1094970703125,68.82976531982422,146.42742919921875,18.857997028679556,10685691,"182,218,182",0.0,808.7098388671875,55.77512741088867,123.24371337890625,18.857997028679556,10734805,"182,218,182",0.0,1894.378173828125,87.38700866699219,204.99755859375,18.857955483371352,329024,"182,218,182",4,154072,154072.0,,,173215,173215.0,0,0.0,3004,3004.0,19143,19143.0,0.0,19143.0,19143.0,3004.0,3004.0
BraTS-GLI-02132-101,02132,101,10557749,"182,218,182",0.0,1676.328125,73.1706771850586,157.49290466308594,18.66314953319692,10568858,"182,218,182",0.0,1153.9111328125,67.17987823486328,144.39639282226562,18.66314953319692,10566679,"182,218,182",0.0,924.3262939453125,49.16433334350586,106.15672302246094,18.663080291016577,10621856,"182,218,182",0.0,1634.6888427734375,78.90776824951172,184.09344482421875,18.66310798788871,23302,"182,218,182",5,33615,33615.0,317.0,317.0,39929,39929.0,317,317.0,845,845.0,6314,6314.0,4.3899542336884814e-05,6314.0,6314.0,845.0,845.0
BraTS-GLI-02132-102,02132,102,10612334,"182,218,182",0.0,1812.9140625,77.26969146728516,166.62025451660156,18.749452986775296,10619020,"182,218,182",0.0,1271.6673583984375,69.82432556152344,149.67117309570312,18.749452986775296,10615918,"182,218,182",0.0,786.69140625,52.030155181884766,112.2877197265625,18.74942528990316,10672818,"182,218,182",0.0,2013.9107666015625,88.46109008789062,209.46823120117188,18.749411441467092,284638,"182,218,182",4,31410,31410.0,,,53032,53032.0,0,0.0,1640,1640.0,21622,21622.0,0.0,21622.0,21622.0,1640.0,1640.0
BraTS-GLI-02132-103,02132,103,10577923,"182,218,182",0.0,2023.1776123046875,81.67631530761719,176.83119201660156,18.68062625951526,10583444,"182,218,182",0.0,1341.8089599609375,72.50444793701172,155.54808044433594,18.68062625951526,10583614,"182,218,182",0.0,866.9835815429688,52.06834411621094,112.99790954589844,18.68062625951526,10636233,"182,218,182",0.0,1953.4681396484375,88.99272155761719,212.2248077392578,18.68062625951526,300233,"182,218,182",4,35279,35279.0,,,84341,84341.0,0,0.0,4649,4649.0,49062,49062.0,0.0,49062.0,49062.0,4649.0,4649.0
BraTS-GLI-02132-104,02132,104,10569098,"182,218,182",0.0,1816.5157470703125,77.47799682617188,168.17567443847656,18.669685995021208,10567897,"182,218,182",0.0,1006.4637451171875,67.45970916748047,144.40211486816406,18.669685995021208,10586411,"182,218,182",0.0,1231.4678955078125,50.100582122802734,110.44941711425781,18.669644449713005,10631252,"182,218,182",0.0,1859.600830078125,79.8702621459961,189.94773864746094,18.669672146585143,327605,"182,218,182",4,38833,38833.0,,,114516,114516.0,0,0.0,21958,21958.0,75683,75683.0,0.0,75683.0,75683.0,21958.0,21958.0
BraTS-GLI-02135-100,02135,100,11016428,"182,218,182",0.0,1811.0882568359375,72.70101165771484,155.65167236328125,19.432970245804203,11020089,"182,218,182",0.0,1074.34716796875,62.8399658203125,133.46371459960938,19.432970245804203,11030962,"182,218,182",0.0,830.893310546875,41.23114013671875,89.18171691894531,19.432970245804203,11042565,"182,218,182",0.0,1480.53662109375,93.9029769897461,205.46231079101562,19.432970245804203,284747,"182,218,182",4,54553,54553.0,,,64218,64218.0,0,0.0,637,637.0,9665,9665.0,0.0,9665.0,9665.0,637.0,637.0
BraTS-GLI-02135-101,02135,101,11086311,"182,218,182",0.0,1515.7877197265625,70.40253448486328,149.75001525878906,19.551872917887636,11078540,"182,218,182",0.0,1264.06982421875,61.30337905883789,129.9073944091797,19.551872917887636,11095252,"182,218,182",0.0,708.4738159179688,41.92552947998047,90.74557495117188,19.551872917887636,11103573,"182,218,182",0.0,1300.018798828125,93.37324523925781,202.63812255859375,19.55185906945157,30547,"182,218,182",4,78374,78374.0,,,90836,90836.0,0,0.0,331,331.0,12462,12462.0,0.0,12462.0,12462.0,331.0,331.0
BraTS-GLI-02136-100,02136,100,11199145,"182,218,182",0.0,1883.4783935546875,82.39591979980469,172.96678161621094,19.78585609369963,11207230,"182,218,182",0.0,950.2918701171875,74.35065460205078,155.5534210205078,19.78585609369963,11212204,"182,218,182",0.0,849.5238647460938,43.4440803527832,91.12966918945312,19.785800699955352,11238193,"182,218,182",0.0,1956.158203125,95.05917358398438,213.9303741455078,19.78585609369963,280140,"182,218,182",5,14974,14974.0,1409.0,1409.0,30096,30096.0,1409,1409.0,5452,5452.0,15122,15122.0,0.0001951244642040085,15122.0,15122.0,5452.0,5452.0
BraTS-GLI-02136-101,02136,101,11146274,"182,218,182",0.0,1866.79931640625,85.06211853027344,179.119384765625,19.699095641730988,11154438,"182,218,182",0.0,752.0576171875,77.03909301757812,161.96206665039062,19.699095641730988,11158955,"182,218,182",0.0,794.171875,46.115264892578125,97.08922576904297,19.699095641730988,11190185,"182,218,182",0.0,2191.811279296875,100.29621124267578,226.81907653808594,19.699095641730988,280673,"182,218,182",5,21884,21884.0,1550.0,1550.0,32930,32930.0,1550,1550.0,2323,2323.0,11046,11046.0,0.0002146507590604778,11046.0,11046.0,2323.0,2323.0
BraTS-GLI-02136-102,02136,102,11398503,"182,218,182",0.0,7944.42724609375,350.68408203125,747.658447265625,20.123647146280476,11410697,"182,218,182",0.0,3771.93603515625,302.94073486328125,643.3095703125,20.123647146280476,11382713,"182,218,182",0.0,2346.10009765625,169.0562286376953,347.5526123046875,20.123647146280476,11422383,"182,218,182",0.0,1998.2188720703125,124.66668701171875,279.7576599121094,20.123647146280476,26956,"182,218,182",5,24034,24034.0,2288.0,2288.0,39774,39774.0,2288,2288.0,4134,4134.0,15740,15740.0,0.00031685221724540207,15740.0,15740.0,4134.0,4134.0
BraTS-GLI-02136-103,02136,103,11178283,"182,218,182",0.0,2077.647705078125,89.39102172851562,187.9120330810547,19.75406008448654,11186293,"182,218,182",0.0,1133.4072265625,80.58785247802734,169.1429901123047,19.75406008448654,11199490,"182,218,182",0.0,979.83056640625,45.895320892333984,97.2026596069336,19.754018539178333,11228012,"182,218,182",0.0,2056.34521484375,105.27447509765625,241.09178161621094,19.75406008448654,18778,"182,218,182",5,26299,26299.0,182.0,182.0,44273,44273.0,182,182.0,2937,2937.0,17974,17974.0,2.5204153644520617e-05,17974.0,17974.0,2937.0,2937.0
BraTS-GLI-02137-100,02137,100,11950111,"182,218,182",0.0,7452.5322265625,357.6439514160156,737.705078125,21.13645251814422,11966224,"182,218,182",0.0,3792.92626953125,288.9129333496094,600.5205078125,21.13645251814422,11936551,"182,218,182",0.0,1994.8643798828125,170.2600860595703,343.64215087890625,21.13645251814422,11955911,"182,218,182",0.0,2084.376708984375,150.6598358154297,326.2400817871094,21.13645251814422,25904,"182,218,182",4,29304,29304.0,27702.0,27702.0,32166,32166.0,27702,27702.0,0,0.0,2862,2862.0,0.0038362937596731327,2862.0,2862.0,,
BraTS-GLI-02137-101,02137,101,11574708,"182,218,182",0.0,9293.1044921875,405.39031982421875,857.9419555664062,20.454375496466433,11586289,"182,218,182",0.0,4337.27001953125,334.269775390625,709.5411376953125,20.454375496466433,11569583,"182,218,182",0.0,1785.0384521484375,160.6443634033203,334.6901550292969,20.454375496466433,11587776,"182,218,182",0.0,3223.641357421875,245.3245849609375,535.7289428710938,20.454375496466433,25571,"182,218,182",4,20863,20863.0,32826.0,32826.0,21245,21245.0,32826,32826.0,0,0.0,382,382.0,0.0045458876238188665,382.0,382.0,,
BraTS-GLI-02137-102,02137,102,11735197,"182,218,182",0.0,13390.29296875,484.4237060546875,1031.2010498046875,20.731067249113423,11746671,"182,218,182",0.0,5493.02197265625,397.9814147949219,849.0577392578125,20.731067249113423,11726196,"182,218,182",0.0,1916.1363525390625,168.69818115234375,347.94854736328125,20.731067249113423,11752061,"182,218,182",0.0,3260.60205078125,262.53948974609375,583.6595458984375,20.731067249113423,31449,"182,218,182",3,45705,45705.0,39951.0,39951.0,45705,45705.0,39951,39951.0,0,0.0,0,0.0,0.005532588693693644,,,,
BraTS-GLI-02137-103,02137,103,11650874,"182,218,182",0.0,9859.4609375,404.3728332519531,872.6715087890625,20.57099317659858,11658481,"182,218,182",0.0,4451.689453125,347.49664306640625,749.1419067382812,20.57099317659858,11641407,"182,218,182",0.0,1953.058837890625,148.4708709716797,307.10888671875,20.57099317659858,11658898,"182,218,182",0.0,2283.8076171875,176.80416870117188,397.33740234375,20.57099317659858,30531,"182,218,182",4,39440,39440.0,38006.0,38006.0,39444,39444.0,38006,38006.0,0,0.0,4,4.0,0.005263236612162915,4.0,4.0,,
BraTS-GLI-02138-100,02138,100,11564253,"182,218,182",0.0,1876.0050048828125,81.78961944580078,169.6848602294922,20.450830296832915,11570674,"182,218,182",0.0,1124.572021484375,74.57305908203125,153.8309326171875,20.450830296832915,11591610,"182,218,182",0.0,876.002197265625,43.93115234375,91.95574951171875,20.450830296832915,11603259,"182,218,182",0.0,1444.0345458984375,101.52588653564453,219.4622039794922,20.450830296832915,20994,"182,218,182",5,27291,27291.0,287.0,287.0,29030,29030.0,287,287.0,125,125.0,1739,1739.0,3.974501151635943e-05,1739.0,1739.0,125.0,125.0
BraTS-GLI-02138-101,02138,101,11885056,"182,218,182",0.0,15238.8994140625,614.2915649414062,1294.5538330078125,20.995572378020206,11892651,"182,218,182",0.0,5953.6083984375,498.5494384765625,1039.6259765625,20.995572378020206,11873913,"182,218,182",0.0,2517.057373046875,184.80465698242188,380.84375,20.995572378020206,11906282,"182,218,182",0.0,3328.3076171875,232.40293884277344,514.3833618164062,20.995572378020206,24358,"182,218,182",5,49452,49452.0,417.0,417.0,52777,52777.0,417,417.0,399,399.0,3325,3325.0,5.7747978405302734e-05,3325.0,3325.0,399.0,399.0
BraTS-GLI-02139-100,02139,100,11145984,"182,218,182",0.0,974.8380737304688,48.42583084106445,103.79449462890625,19.658395088125907,11155667,"182,218,182",0.0,639.1445922851562,42.347286224365234,89.74518585205078,19.658395088125907,11146513,"182,218,182",0.0,675.9658813476562,42.167728424072266,90.55368041992188,19.658395088125907,11157238,"182,218,182",0.0,1190.4462890625,80.56082153320312,175.23736572265625,19.658395088125907,329433,"182,218,182",4,106094,106094.0,,,136040,136040.0,0,0.0,16821,16821.0,29946,29946.0,0.0,29946.0,29946.0,16821.0,16821.0
BraTS-GLI-02139-101,02139,101,11351452,"182,218,182",0.0,1917.166748046875,79.97280883789062,168.18341064453125,20.05261851768556,11350330,"182,218,182",0.0,939.4544067382812,69.51915740966797,143.70700073242188,20.05261851768556,11370846,"182,218,182",0.0,658.8743896484375,50.67073059082031,109.69639587402344,20.05261851768556,11392894,"182,218,182",0.0,2198.704833984375,106.31548309326172,240.833740234375,20.05261851768556,355323,"182,218,182",4,171433,171433.0,,,227435,227435.0,0,0.0,19306,19306.0,56002,56002.0,0.0,56002.0,56002.0,19306.0,19306.0
BraTS-GLI-02139-102,02139,102,10937254,"182,218,182",0.0,4339.0595703125,165.9571533203125,369.282958984375,19.251292613022628,10953261,"182,218,182",0.0,2350.216064453125,136.9949188232422,300.65240478515625,19.251292613022628,10910920,"182,218,182",0.0,1079.904052734375,60.601776123046875,131.00877380371094,19.25126491615049,10952780,"182,218,182",0.0,1855.2999267578125,111.82823181152344,255.1881866455078,19.25123721927835,328669,"182,218,182",4,136618,136618.0,29683.0,29683.0,137373,137373.0,29683,29683.0,0,0.0,755,755.0,0.004110631278188491,755.0,755.0,,
BraTS-GLI-02139-103,02139,103,11260077,"182,218,182",0.0,2213.6357421875,71.46024322509766,150.91958618164062,19.90493879545195,11279042,"182,218,182",0.0,878.1829833984375,66.68133544921875,139.4261474609375,19.90493879545195,11294458,"182,218,182",0.0,1160.7188720703125,44.56337356567383,95.93348693847656,19.90493879545195,11307997,"182,218,182",0.0,1723.6334228515625,96.81920623779297,217.880126953125,19.90493879545195,324767,"182,218,182",4,134466,134466.0,23142.0,23142.0,135575,135575.0,23142,23142.0,0,0.0,1109,1109.0,0.003204805074953275,1109.0,1109.0,,
BraTS-GLI-02141-100,02141,100,8574667,"182,218,182",0.0,1063.311279296875,38.59575653076172,96.14468383789062,15.015582260264186,8586076,"182,218,182",0.0,541.35009765625,33.79467010498047,83.6402359008789,15.015582260264186,8581847,"182,218,182",0.0,811.9298095703125,32.31993865966797,80.8114013671875,15.015582260264186,8593015,"182,218,182",0.0,1039.8043212890625,57.90560531616211,146.53274536132812,15.015582260264186,29512,"182,218,182",4,70339,70339.0,,,81868,81868.0,0,0.0,6418,6418.0,11529,11529.0,0.0,11529.0,11529.0,6418.0,6418.0
BraTS-GLI-02141-101,02141,101,8659357,"182,218,182",0.0,1675.2596435546875,63.69781494140625,156.443603515625,15.180586376019384,8664174,"182,218,182",0.0,662.2481079101562,56.622093200683594,138.15692138671875,15.180586376019384,8676598,"182,218,182",0.0,849.7412719726562,39.768760681152344,101.03865051269531,15.180586376019384,8697418,"182,218,182",0.0,1940.57177734375,75.404052734375,195.820556640625,15.180586376019384,36071,"182,218,182",4,115649,115649.0,,,132654,132654.0,0,0.0,4858,4858.0,17005,17005.0,0.0,17005.0,17005.0,4858.0,4858.0
BraTS-GLI-02143-100,02143,100,11031171,"182,218,182",0.0,1646.9659423828125,73.74063873291016,158.28880310058594,19.478517752033227,11033960,"182,218,182",0.0,994.0776977539062,69.25556182861328,146.60890197753906,19.478517752033227,11048778,"182,218,182",0.0,802.8507690429688,44.046268463134766,95.25808715820312,19.478019208334764,11067256,"182,218,182",0.0,1656.4637451171875,99.6639404296875,226.9875030517578,19.478476206725023,327968,"182,218,182",5,72829,72829.0,3107.0,3107.0,123270,123270.0,3107,3107.0,3563,3563.0,50441,50441.0,0.0004302709086457448,50441.0,50441.0,3563.0,3563.0
BraTS-GLI-02143-101,02143,101,11185713,"182,218,182",0.0,1799.2122802734375,77.73401641845703,167.30438232421875,19.782532469043208,11183584,"182,218,182",0.0,1069.12939453125,65.04039764404297,135.57810974121094,19.782532469043208,11214248,"182,218,182",0.0,667.9248046875,45.50931930541992,98.4833755493164,19.782490923735,11230372,"182,218,182",0.0,1546.770263671875,91.82008361816406,204.99038696289062,19.78135535197739,362475,"182,218,182",5,137646,137646.0,3294.0,3294.0,233686,233686.0,3294,3294.0,9568,9568.0,96040,96040.0,0.0004561674840936863,96040.0,96040.0,9568.0,9568.0
BraTS-GLI-02143-102,02143,102,11134821,"182,218,182",0.0,8302.447265625,346.2299499511719,762.4602661132812,19.630490489448047,11139727,"182,218,182",0.0,3822.666015625,295.0597229003906,635.5056762695312,19.630490489448047,11122991,"182,218,182",0.0,2036.4881591796875,157.5310516357422,332.704345703125,19.63018582385454,11146900,"182,218,182",0.0,2084.68115234375,138.5494842529297,314.2459411621094,19.629936552005308,336725,"182,218,182",5,51253,51253.0,2300.0,2300.0,125669,125669.0,2300,2300.0,20228,20228.0,74416,74416.0,0.0003185140295736122,74416.0,74416.0,20228.0,20228.0
BraTS-GLI-02143-103,02143,103,11103002,"182,218,182",0.0,1746.134033203125,69.62629699707031,150.99545288085938,19.620921220124767,11097836,"182,218,182",0.0,726.0850219726562,57.11225509643555,120.05107116699219,19.620921220124767,11123761,"182,218,182",0.0,799.4321899414062,38.45185470581055,82.74827575683594,19.620907371688702,11144949,"182,218,182",0.0,1497.1016845703125,84.52356719970703,191.3702850341797,19.620630402967333,362550,"182,218,182",5,54662,54662.0,2379.0,2379.0,205045,205045.0,2379,2379.0,21096,21096.0,150383,150383.0,0.00032945429406766233,150383.0,150383.0,21096.0,21096.0
BraTS-GLI-02143-104,02143,104,11186525,"182,218,182",0.0,8289.1865234375,348.6383361816406,764.7901000976562,19.724701400021495,11194674,"182,218,182",0.0,3725.183837890625,271.82440185546875,588.025390625,19.724701400021495,11175034,"182,218,182",0.0,1977.7305908203125,160.74545288085938,339.28009033203125,19.724687551585422,11200171,"182,218,182",0.0,1911.1617431640625,130.73245239257812,294.7210388183594,19.724355189119784,51624,"182,218,182",5,51484,51484.0,2014.0,2014.0,151925,151925.0,2014,2014.0,20362,20362.0,100441,100441.0,0.00027890750241793696,100441.0,100441.0,20362.0,20362.0
BraTS-GLI-02144-100,02144,100,12315339,"182,218,182",0.0,2396.861572265625,112.12559509277344,219.01986694335938,21.960642190756115,12382873,"182,218,182",0.0,286.2477722167969,29.86444091796875,58.46971893310547,21.960642190756115,12378886,"182,218,182",0.0,870.0814208984375,68.88680267333984,136.01673889160156,21.960642190756115,12442471,"182,218,182",0.0,2436.838623046875,128.87921142578125,282.77386474609375,21.960628342320046,25789,"182,218,182",4,47887,47887.0,1686.0,1686.0,51481,51481.0,1686,1686.0,0,0.0,3594,3594.0,0.00023348463211352616,3594.0,3594.0,,
BraTS-GLI-02144-101,02144,101,12096190,"182,218,182",0.0,2645.245849609375,118.54894256591797,235.22088623046875,21.496691885591975,12116099,"182,218,182",0.0,1344.9991455078125,106.46237182617188,211.41305541992188,21.496691885591975,12135143,"182,218,182",0.0,840.5279541015625,57.15340042114258,114.38641357421875,21.496691885591975,12180606,"182,218,182",0.0,2158.68359375,134.1680908203125,286.9688415527344,21.496691885591975,281328,"182,218,182",4,40674,40674.0,1512.0,1512.0,46240,46240.0,1512,1512.0,0,0.0,5566,5566.0,0.00020938835335447897,5566.0,5566.0,,
BraTS-GLI-02145-100,02145,100,11373950,"182,218,182",0.0,1621.755126953125,70.2268295288086,147.37103271484375,20.108275382244535,11377354,"182,218,182",0.0,945.7469482421875,64.54210662841797,134.99404907226562,20.108275382244535,11393120,"182,218,182",0.0,839.9415283203125,40.66804122924805,85.47083282470703,20.108275382244535,11415598,"182,218,182",0.0,1710.814208984375,98.75843048095703,222.78839111328125,20.108261533808463,21087,"182,218,182",4,22710,22710.0,1212.0,1212.0,24695,24695.0,1212,1212.0,0,0.0,1985,1985.0,0.00016784304514922522,1985.0,1985.0,,
BraTS-GLI-02145-101,02145,101,11369187,"182,218,182",0.0,1677.787353515625,72.27539825439453,151.94444274902344,20.079470635222226,11372474,"182,218,182",0.0,715.7908935546875,66.42694854736328,139.2119140625,20.079470635222226,11384635,"182,218,182",0.0,834.3629150390625,40.13880157470703,85.13372039794922,20.07940139304188,11403656,"182,218,182",0.0,1684.4736328125,102.15849304199219,231.338134765625,20.07940139304188,23581,"182,218,182",4,37735,37735.0,798.0,798.0,38604,38604.0,798,798.0,0,0.0,869,869.0,0.00011051051982597501,869.0,869.0,,
BraTS-GLI-02146-100,02146,100,11681423,"182,218,182",0.0,1082.9119873046875,48.75849914550781,101.38043975830078,20.651978830726687,11693158,"182,218,182",0.0,486.3165283203125,42.39448165893555,87.29622650146484,20.651978830726687,11673232,"182,218,182",0.0,550.5537719726562,36.972232818603516,75.23643493652344,20.651978830726687,11708017,"182,218,182",0.0,1423.5264892578125,88.10602569580078,199.82891845703125,20.651978830726687,20135,"182,218,182",3,14975,14975.0,,,15366,15366.0,0,0.0,0,0.0,391,391.0,0.0,391.0,391.0,,
BraTS-GLI-02146-102,02146,102,11757177,"182,218,182",0.0,4802.93212890625,204.0822296142578,432.2823181152344,20.77607466633578,11775433,"182,218,182",0.0,2584.97119140625,167.509033203125,354.05950927734375,20.77607466633578,11727489,"182,218,182",0.0,831.2584228515625,68.55010223388672,139.5642852783203,20.77590848510296,11780351,"182,218,182",0.0,1998.656982421875,126.44564056396484,278.20965576171875,20.77574230387014,18040,"182,218,182",3,11473,11473.0,,,12196,12196.0,0,0.0,0,0.0,723,723.0,0.0,723.0,723.0,,
BraTS-GLI-02146-101,02146,101,12145264,"182,218,182",0.0,9175.2724609375,459.48663330078125,942.0264892578125,21.506053428374226,12170292,"182,218,182",0.0,4325.01416015625,358.5645751953125,728.0547485351562,21.506053428374226,12145425,"182,218,182",0.0,1778.4853515625,173.47938537597656,343.4323425292969,21.506053428374226,12171403,"182,218,182",0.0,2300.737060546875,154.22003173828125,329.8849182128906,21.506053428374226,18860,"182,218,182",3,11865,11865.0,,,12309,12309.0,0,0.0,0,0.0,444,444.0,0.0,444.0,444.0,,
BraTS-GLI-02146-103,02146,103,12175438,"182,218,182",0.0,8235.7265625,407.54766845703125,837.4260864257812,21.544552080644426,12201312,"182,218,182",0.0,3625.410400390625,305.8978271484375,624.4619750976562,21.544552080644426,12159074,"182,218,182",0.0,1892.221923828125,196.28952026367188,389.5942077636719,21.54374887135246,12199977,"182,218,182",0.0,2235.88330078125,160.6016387939453,346.82904052734375,21.542502512106303,18399,"182,218,182",3,12351,12351.0,,,13551,13551.0,0,0.0,0,0.0,1200,1200.0,0.0,1200.0,1200.0,,
BraTS-GLI-02147-100,02147,100,10827896,"182,218,182",0.0,1913.46875,79.96537017822266,171.00775146484375,19.121920523271466,10839296,"182,218,182",0.0,924.1665649414062,71.54586029052734,152.95314025878906,19.121920523271466,10847689,"182,218,182",0.0,713.5341796875,42.57548522949219,92.07166290283203,19.121906674835397,10872455,"182,218,182",0.0,1834.88818359375,86.64940643310547,199.73666381835938,19.121920523271466,277302,"182,218,182",4,29936,29936.0,,,39074,39074.0,0,0.0,4346,4346.0,9138,9138.0,0.0,9138.0,9138.0,4346.0,4346.0
BraTS-GLI-02147-101,02147,101,10815410,"182,218,182",0.0,1940.016357421875,76.02994537353516,163.07669067382812,19.098225849158403,10823002,"182,218,182",0.0,952.4865112304688,67.99887084960938,145.31773376464844,19.098225849158403,10836676,"182,218,182",0.0,735.6744995117188,42.24379348754883,91.37836456298828,19.098225849158403,10859851,"182,218,182",0.0,1645.035888671875,88.68064880371094,204.8973388671875,19.098170455414127,289907,"182,218,182",4,49225,49225.0,,,60890,60890.0,0,0.0,5379,5379.0,11665,11665.0,0.0,11665.0,11665.0,5379.0,5379.0
BraTS-GLI-02149-100,02149,100,9125111,"182,218,182",0.0,4514.55029296875,167.1039276123047,410.5597229003906,15.970321139693052,9138229,"182,218,182",0.0,2031.954833984375,142.85643005371094,356.7019958496094,15.970321139693052,9105923,"182,218,182",0.0,747.820068359375,52.02436065673828,124.15613555908203,15.970321139693052,9141810,"182,218,182",0.0,1969.607666015625,98.38306427001953,253.5429229736328,15.970321139693052,19501,"182,218,182",4,13211,13211.0,5456.0,5456.0,13353,13353.0,5456,5456.0,0,0.0,142,142.0,0.0007555706718928818,142.0,142.0,,
BraTS-GLI-02149-102,02149,102,9463977,"182,218,182",0.0,7762.8115234375,293.5260009765625,702.388671875,16.57535931152223,9471507,"182,218,182",0.0,3034.686767578125,257.5740661621094,618.5858764648438,16.57535931152223,9454536,"182,218,182",0.0,1612.3428955078125,126.7618408203125,294.8580322265625,16.57535931152223,9479538,"182,218,182",0.0,2151.191650390625,116.72879028320312,294.4258117675781,16.57535931152223,21543,"182,218,182",4,22036,22036.0,3114.0,3114.0,22573,22573.0,3114,3114.0,0,0.0,537,537.0,0.00043124029917053405,537.0,537.0,,
BraTS-GLI-02149-101,02149,101,9242015,"182,218,182",0.0,1840.0885009765625,67.21788787841797,160.0123291015625,16.202116262606232,9249343,"182,218,182",0.0,1131.0181884765625,60.48321533203125,144.11953735351562,16.202116262606232,9254247,"182,218,182",0.0,1022.7357788085938,35.1518669128418,83.48426818847656,16.202116262606232,9277524,"182,218,182",0.0,1731.39892578125,87.77629852294922,225.2356719970703,16.202116262606232,271527,"182,218,182",4,18498,18498.0,3765.0,3765.0,19182,19182.0,3765,3765.0,0,0.0,684,684.0,0.0005213936179759347,684.0,684.0,,
BraTS-GLI-02149-103,02149,103,9467174,"182,218,182",0.0,7947.1044921875,293.6292724609375,703.5328979492188,16.58703354312791,9478758,"182,218,182",0.0,3174.651123046875,244.60813903808594,589.6240844726562,16.58703354312791,9457085,"182,218,182",0.0,1638.351318359375,127.16313934326172,294.01812744140625,16.586895058767222,9485767,"182,218,182",0.0,2220.04931640625,119.51639556884766,301.0347900390625,16.58703354312791,22180,"182,218,182",4,25212,25212.0,2335.0,2335.0,26004,26004.0,2335,2335.0,0,0.0,792,792.0,0.00032336098219755844,792.0,792.0,,
BraTS-GLI-02149-104,02149,104,9454406,"182,218,182",0.0,8111.94677734375,291.6629638671875,698.2318725585938,16.56400359394613,9466972,"182,218,182",0.0,2925.6376953125,245.0093536376953,591.0121459960938,16.56400359394613,9445545,"182,218,182",0.0,1598.9263916015625,126.2974853515625,292.671142578125,16.56400359394613,9473344,"182,218,182",0.0,2209.3310546875,118.72694396972656,300.2857971191406,16.56347735337553,23020,"182,218,182",4,28951,28951.0,2086.0,2086.0,29948,29948.0,2086,2086.0,0,0.0,997,997.0,0.00028887837638719784,997.0,997.0,,
BraTS-GLI-02151-100,02151,100,11981206,"182,218,182",0.0,942.7030029296875,50.05276870727539,102.1181411743164,21.22191121712243,11991734,"182,218,182",0.0,627.9462890625,43.086360931396484,85.9816665649414,21.221869671814222,11980846,"182,218,182",0.0,715.30908203125,44.84431076049805,92.37942504882812,21.22191121712243,12008124,"182,218,182",0.0,1448.822998046875,84.68061828613281,183.40040588378906,21.22182812650602,329038,"182,218,182",5,143480,143480.0,4429.0,4429.0,183365,183365.0,4429,4429.0,3821,3821.0,39885,39885.0,0.0006133472334702298,39885.0,39885.0,3821.0,3821.0
BraTS-GLI-02151-101,02151,101,11749795,"182,218,182",0.0,1650.673828125,78.17028045654297,158.79623413085938,20.847269476163518,11758351,"182,218,182",0.0,812.0199584960938,69.60531616210938,140.45538330078125,20.847269476163518,11783307,"182,218,182",0.0,670.0490112304688,45.94172668457031,93.6984634399414,20.847269476163518,11806023,"182,218,182",0.0,2012.1629638671875,97.61495971679688,209.92108154296875,20.847020204314287,316282,"182,218,182",5,115337,115337.0,2173.0,2173.0,133702,133702.0,2173,2173.0,2084,2084.0,18365,18365.0,0.00030092651576672146,18365.0,18365.0,2084.0,2084.0
BraTS-GLI-02151-102,02151,102,11793038,"182,218,182",0.0,1951.00634765625,87.35079193115234,176.76646423339844,20.928684431809746,11806483,"182,218,182",0.0,920.0953979492188,77.59761047363281,155.81495666503906,20.928684431809746,11825267,"182,218,182",0.0,683.25537109375,49.9354133605957,101.4149398803711,20.928684431809746,11855865,"182,218,182",0.0,2229.91015625,106.47860717773438,229.08877563476562,20.92847670526872,317053,"182,218,182",5,97413,97413.0,3068.0,3068.0,115557,115557.0,3068,3068.0,1190,1190.0,18144,18144.0,0.00042487001857906184,18144.0,18144.0,1190.0,1190.0
BraTS-GLI-02152-100,02152,100,11956665,"182,218,182",0.0,7103.1484375,357.52117919921875,749.5331420898438,21.117937159120746,11966267,"182,218,182",0.0,4182.076171875,310.75616455078125,644.3923950195312,21.117937159120746,11941342,"182,218,182",0.0,2599.773681640625,154.84024047851562,316.06768798828125,21.111096031702946,11969569,"182,218,182",0.0,2401.690673828125,157.71994018554688,353.01220703125,21.109392674066534,25192,"182,218,182",5,22399,22399.0,6926.0,6926.0,33716,33716.0,6926,6926.0,2469,2469.0,11317,11317.0,0.0009591426820986253,11317.0,11317.0,2469.0,2469.0
BraTS-GLI-02152-101,02152,101,11790439,"182,218,182",0.0,1277.024658203125,62.72037887573242,129.78016662597656,20.857101865772094,11807617,"182,218,182",0.0,613.9893188476562,55.81916046142578,115.4183578491211,20.857101865772094,11813889,"182,218,182",0.0,736.1264038085938,48.79795837402344,101.6011734008789,20.857101865772094,11839190,"182,218,182",0.0,1977.4644775390625,118.56111907958984,275.8736572265625,20.857018775155684,30755,"182,218,182",4,62904,62904.0,,,82409,82409.0,0,0.0,4172,4172.0,19505,19505.0,0.0,19505.0,19505.0,4172.0,4172.0
BraTS-GLI-02152-102,02152,102,11781549,"182,218,182",0.0,1090.9818115234375,54.518211364746094,113.11385345458984,20.8449983326483,11802210,"182,218,182",0.0,584.8723754882812,49.319007873535156,102.67654418945312,20.8449983326483,11802632,"182,218,182",0.0,686.0281372070312,39.69617462158203,81.30270385742188,20.8449983326483,11831172,"182,218,182",0.0,1652.9283447265625,99.20890808105469,234.1500244140625,20.843544246861114,21451,"182,218,182",3,22222,22222.0,,,24225,24225.0,0,0.0,0,0.0,2003,2003.0,0.0,2003.0,2003.0,,
BraTS-GLI-02152-103,02152,103,11556352,"182,218,182",0.0,2371.107421875,107.1351318359375,221.96275329589844,20.45678512434234,11566985,"182,218,182",0.0,1068.9158935546875,96.88105010986328,201.21502685546875,20.45678512434234,11593047,"182,218,182",0.0,1072.0318603515625,51.85054016113281,109.71231079101562,20.45678512434234,11621781,"182,218,182",0.0,2567.25341796875,147.68991088867188,336.91802978515625,20.45678512434234,24423,"182,218,182",4,35417,35417.0,1406.0,1406.0,35417,35417.0,1406,1406.0,1382,1382.0,0,0.0,0.00019470901112195597,,,1382.0,1382.0
BraTS-GLI-02152-104,02152,104,12111843,"182,218,182",0.0,11709.7353515625,515.8436279296875,1075.9061279296875,21.414155206624205,12128242,"182,218,182",0.0,5267.95458984375,390.7745361328125,812.6898803710938,21.414155206624205,12112232,"182,218,182",0.0,2350.470947265625,191.0032958984375,380.1529541015625,21.414155206624205,12140131,"182,218,182",0.0,2884.666015625,202.60472106933594,451.5372314453125,21.414155206624205,24708,"182,218,182",3,38102,38102.0,,,39657,39657.0,0,0.0,0,0.0,1555,1555.0,0.0,1555.0,1555.0,,
BraTS-GLI-02153-101,02153,101,11352230,"182,218,182",0.0,2191.373046875,83.25253295898438,174.97019958496094,20.049931921088287,11359544,"182,218,182",0.0,823.407958984375,75.71434020996094,159.10403442382812,20.049931921088287,11364802,"182,218,182",0.0,742.983642578125,43.66043472290039,93.21647644042969,20.049931921088287,11390982,"182,218,182",0.0,2083.91650390625,116.0870590209961,265.32830810546875,20.049918072652222,283262,"182,218,182",4,28962,28962.0,14077.0,14077.0,29481,29481.0,14077,14077.0,0,0.0,519,519.0,0.0019494443453511908,519.0,519.0,,
BraTS-GLI-02153-100,02153,100,11397799,"182,218,182",0.0,2302.950439453125,84.04332733154297,176.10125732421875,20.14410128635353,11406295,"182,218,182",0.0,844.5791625976562,75.12763977050781,157.1595458984375,20.14410128635353,11406815,"182,218,182",0.0,765.8514404296875,45.02983093261719,94.79248809814453,20.14410128635353,11439055,"182,218,182",0.0,2153.1298828125,115.26036071777344,262.1070556640625,20.14365813639934,266364,"182,218,182",4,7965,7965.0,12526.0,12526.0,9189,9189.0,12526,12526.0,0,0.0,1224,1224.0,0.0017346551019300287,1224.0,1224.0,,
BraTS-GLI-02153-102,02153,102,11323110,"182,218,182",0.0,1990.2335205078125,82.69995880126953,174.2087860107422,20.001296213616005,11332529,"182,218,182",0.0,819.0109252929688,74.86259460449219,157.78387451171875,20.001296213616005,11343747,"182,218,182",0.0,761.5043334960938,43.559478759765625,93.56078338623047,20.001296213616005,11363181,"182,218,182",0.0,1929.9840087890625,115.49703979492188,264.1263122558594,20.001268516743867,287207,"182,218,182",4,40157,40157.0,14315.0,14315.0,40238,40238.0,14315,14315.0,0,0.0,81,81.0,0.0019824036231940257,81.0,81.0,,
BraTS-GLI-02154-100,02154,100,13205591,"182,218,182",0.0,7442.25537109375,399.7693176269531,791.3553466796875,23.413329285897085,13214854,"182,218,182",0.0,3220.519775390625,334.5425720214844,647.2426147460938,23.413329285897085,13176830,"182,218,182",0.0,1952.5732421875,188.2490692138672,354.75482177734375,23.412456834424773,13197046,"182,218,182",0.0,2473.259033203125,194.4663848876953,404.0250244140625,23.413273892152812,35492,"182,218,182",4,60204,60204.0,73870.0,73870.0,63438,63438.0,73870,73870.0,0,0.0,3234,3234.0,0.010229839723740319,3234.0,3234.0,,
BraTS-GLI-02153-103,02153,103,11632423,"182,218,182",0.0,9704.7314453125,434.10040283203125,923.6752319335938,20.54807401490535,11648134,"182,218,182",0.0,4376.82568359375,355.63372802734375,757.469482421875,20.54807401490535,11624209,"182,218,182",0.0,2433.51513671875,189.5475311279297,391.60968017578125,20.5469107462756,11655870,"182,218,182",0.0,3036.2978515625,219.9993133544922,493.5157470703125,20.546924594711673,290080,"182,218,182",4,41222,41222.0,22237.0,22237.0,41312,41312.0,22237,22237.0,0,0.0,90,90.0,0.003079476728534093,90.0,90.0,,
BraTS-GLI-02154-101,02154,101,12689073,"182,218,182",0.0,1927.6024169921875,88.06110382080078,172.3415069580078,22.527389436856115,12690505,"182,218,182",0.0,694.8766479492188,78.75971984863281,152.8356475830078,22.527389436856115,12711435,"182,218,182",0.0,716.6492919921875,46.9346809387207,93.94296264648438,22.527167861879022,12726625,"182,218,182",0.0,1738.8909912109375,115.5309829711914,244.861328125,22.52694628690193,314104,"182,218,182",4,79923,79923.0,49786.0,49786.0,97300,97300.0,49786,49786.0,0,0.0,17377,17377.0,0.006894582381022547,17377.0,17377.0,,
BraTS-GLI-02155-100,02155,100,12893849,"182,218,182",0.0,2046.197998046875,88.94116973876953,171.38412475585938,22.88912443539926,12904186,"182,218,182",0.0,1633.46728515625,82.8077621459961,159.35647583007812,22.88912443539926,12915565,"182,218,182",0.0,781.33251953125,47.57001876831055,92.21732330322266,22.88894440573037,12945667,"182,218,182",0.0,1807.6571044921875,117.40706634521484,247.27346801757812,22.888238135490884,281233,"182,218,182",5,40658,40658.0,7031.0,7031.0,42752,42752.0,7031,7031.0,87,87.0,2094,2094.0,0.0009736835399704641,2094.0,2094.0,87.0,87.0
BraTS-GLI-02155-101,02155,101,12844123,"182,218,182",0.0,2208.22119140625,109.38101959228516,211.27084350585938,22.833342934915674,12858222,"182,218,182",0.0,1700.701171875,98.92366790771484,190.62217712402344,22.833342934915674,12885675,"182,218,182",0.0,968.6983642578125,53.68708419799805,104.49089050292969,22.833342934915674,12919737,"182,218,182",0.0,2186.661376953125,134.76144409179688,283.51080322265625,22.833342934915674,289510,"182,218,182",5,53934,53934.0,6900.0,6900.0,58284,58284.0,6900,6900.0,173,173.0,4350,4350.0,0.0009555420887208365,4350.0,4350.0,173.0,173.0
BraTS-GLI-02156-100,02156,100,12490998,"182,218,182",0.0,1545.708740234375,75.71060180664062,149.02810668945312,22.1611259997186,12493648,"182,218,182",0.0,522.50341796875,68.56261444091797,134.62066650390625,22.1611259997186,12515502,"182,218,182",0.0,570.3707885742188,40.2786979675293,81.55838012695312,22.1611259997186,12548174,"182,218,182",0.0,1495.851806640625,104.94412231445312,225.07679748535156,22.1611259997186,328115,"182,218,182",4,73881,73881.0,,,108847,108847.0,0,0.0,34250,34250.0,34966,34966.0,0.0,34966.0,34966.0,34250.0,34250.0
BraTS-GLI-02157-100,02157,100,13710304,"182,218,182",0.0,2417.6630859375,121.01005554199219,223.73594665527344,24.3911119629438,13724524,"182,218,182",0.0,1373.5916748046875,109.73835754394531,202.1006622314453,24.3911119629438,13748811,"182,218,182",0.0,1058.80859375,73.97769927978516,142.16488647460938,24.390571873937134,13784799,"182,218,182",0.0,2487.281982421875,164.4213409423828,326.2773742675781,24.390544177064996,45362,"182,218,182",4,164126,164126.0,,,193895,193895.0,0,0.0,4033,4033.0,29769,29769.0,0.0,29769.0,29769.0,4033.0,4033.0
BraTS-GLI-02156-101,02156,101,12457051,"182,218,182",0.0,1321.220458984375,83.55592346191406,164.43710327148438,22.080638889288956,12456601,"182,218,182",0.0,640.7137451171875,76.98778533935547,151.41722106933594,22.080638889288956,12481231,"182,218,182",0.0,733.1621704101562,48.523807525634766,100.28251647949219,22.080638889288956,12502433,"182,218,182",0.0,1715.80419921875,123.30521392822266,264.4093322753906,22.080638889288956,356212,"182,218,182",5,140250,140250.0,1.0,1.0,202046,202046.0,1,1.0,34311,34311.0,61796,61796.0,1.384843606841792e-07,61796.0,61796.0,34311.0,34311.0
BraTS-GLI-02157-101,02157,101,13771543,"182,218,182",0.0,9262.5400390625,512.4386596679688,967.2213134765625,24.43832128150104,13790199,"182,218,182",0.0,4839.1572265625,415.0582275390625,782.209228515625,24.43832128150104,13745428,"182,218,182",0.0,2428.830322265625,262.36297607421875,482.53802490234375,24.43832128150104,13799609,"182,218,182",0.0,2869.515625,214.5996856689453,432.19036865234375,24.43832128150104,35923,"182,218,182",4,94839,94839.0,,,124390,124390.0,0,0.0,3302,3302.0,29551,29551.0,0.0,29551.0,29551.0,3302.0,3302.0
BraTS-GLI-02158-100,02158,100,12239864,"182,218,182",0.0,818.3719482421875,48.00756072998047,96.74833679199219,21.6497586494562,12222785,"182,218,182",0.0,340.9012451171875,38.87819290161133,76.49884796142578,21.6497586494562,12187417,"182,218,182",0.0,706.6651611328125,39.658714294433594,80.98824310302734,21.643997700051738,12265139,"182,218,182",0.0,512.8432006835938,31.1325740814209,66.48551940917969,21.649717104147996,46912,"182,218,182",4,141342,141342.0,,,195877,195877.0,0,0.0,17342,17342.0,54535,54535.0,0.0,54535.0,54535.0,17342.0,17342.0
BraTS-GLI-02158-101,02158,101,12126314,"182,218,182",0.0,6191.71435546875,292.4234313964844,594.8124389648438,21.439677874298297,12133512,"182,218,182",0.0,3390.604248046875,253.624267578125,517.3097534179688,21.439677874298297,12098496,"182,218,182",0.0,682.9547729492188,64.9587173461914,130.34689331054688,21.439677874298297,12149275,"182,218,182",0.0,1824.5782470703125,114.6758804321289,239.64508056640625,21.439677874298297,36792,"182,218,182",3,116541,116541.0,14962.0,14962.0,116541,116541.0,14962,14962.0,0,0.0,0,0.0,0.0020720030045566894,,,,
BraTS-GLI-02160-100,02160,100,13312388,"182,218,182",0.0,9669.9638671875,490.8028869628906,953.3395385742188,23.606154909713737,13333584,"182,218,182",0.0,3661.98486328125,375.28741455078125,733.1671752929688,23.606154909713737,13294277,"182,218,182",0.0,2130.9326171875,230.6978759765625,436.3372497558594,23.60603027378912,13341789,"182,218,182",0.0,2543.42822265625,204.59251403808594,423.6760559082031,23.606154909713737,296619,"182,218,182",5,76926,76926.0,24815.0,24815.0,80173,80173.0,24815,24815.0,74,74.0,3247,3247.0,0.003436489410377907,3247.0,3247.0,74.0,74.0
BraTS-GLI-02160-101,02160,101,12898870,"182,218,182",0.0,1918.421875,90.59709930419922,174.97166442871094,22.861981500705163,12902595,"182,218,182",0.0,955.7959594726562,82.17960357666016,158.97361755371094,22.861981500705163,12918477,"182,218,182",0.0,826.0501708984375,51.12452697753906,102.63467407226562,22.861981500705163,12940023,"182,218,182",0.0,1832.1009521484375,129.6667938232422,274.5401916503906,22.861981500705163,307374,"182,218,182",5,88876,88876.0,23203.0,23203.0,95088,95088.0,23203,23203.0,112,112.0,6212,6212.0,0.0032132526209550103,6212.0,6212.0,112.0,112.0
BraTS-GLI-02160-102,02160,102,12966835,"182,218,182",0.0,1877.5272216796875,93.062255859375,179.0128631591797,22.99985653020233,12970932,"182,218,182",0.0,813.568603515625,83.48687744140625,160.78057861328125,22.99985653020233,12993351,"182,218,182",0.0,1366.0843505859375,51.509552001953125,103.19535827636719,22.99985653020233,13011912,"182,218,182",0.0,1906.44091796875,136.69358825683594,287.1307067871094,22.99854092877583,315484,"182,218,182",5,103521,103521.0,25344.0,25344.0,111570,111570.0,25344,25344.0,4615,4615.0,8049,8049.0,0.003509747637179838,8049.0,8049.0,4615.0,4615.0
BraTS-GLI-02162-100,02162,100,11508207,"182,218,182",0.0,8813.283203125,390.8998718261719,837.3016967773438,20.295312359784585,11515184,"182,218,182",0.0,3646.098876953125,333.0561218261719,710.5130004882812,20.295312359784585,11475052,"182,218,182",0.0,2029.8074951171875,203.1601104736328,421.2659606933594,20.295312359784585,11519778,"182,218,182",0.0,2164.673095703125,153.37278747558594,345.39678955078125,20.295312359784585,18761,"182,218,182",5,13731,13731.0,68.0,68.0,14706,14706.0,68,68.0,45,45.0,975,975.0,9.416936526524187e-06,975.0,975.0,45.0,45.0
BraTS-GLI-02162-101,02162,101,11163996,"182,218,182",0.0,1451.721435546875,65.26880645751953,139.14932250976562,19.71054829835957,11168635,"182,218,182",0.0,619.978515625,59.898624420166016,127.15052032470703,19.71054829835957,11182840,"182,218,182",0.0,781.129150390625,36.46331024169922,78.28697204589844,19.71054829835957,11203315,"182,218,182",0.0,1679.515625,93.46537780761719,213.48532104492188,19.71054829835957,20804,"182,218,182",5,23046,23046.0,17.0,17.0,24076,24076.0,17,17.0,9,9.0,1030,1030.0,2.354234131631047e-06,1030.0,1030.0,9.0,9.0
BraTS-GLI-02164-100,02164,100,10187575,"182,218,182",0.0,9431.939453125,315.4215087890625,717.9385375976562,17.91926694134578,10198067,"182,218,182",0.0,3638.7080078125,248.64295959472656,563.6583862304688,17.91926694134578,10171313,"182,218,182",0.0,1590.739990234375,138.0582275390625,304.06732177734375,17.91926694134578,10203668,"182,218,182",0.0,1748.006591796875,95.879638671875,227.09054565429688,17.91926694134578,20592,"182,218,182",5,12136,12136.0,4796.0,4796.0,18349,18349.0,4796,4796.0,136,136.0,6213,6213.0,0.0006641709938413235,6213.0,6213.0,136.0,136.0
BraTS-GLI-02164-101,02164,101,9929509,"182,218,182",0.0,1347.856201171875,58.16999053955078,131.50816345214844,17.509934868035483,9946450,"182,218,182",0.0,576.9442749023438,55.02067565917969,124.51229858398438,17.509934868035483,9951599,"182,218,182",0.0,625.015869140625,30.995361328125,70.4256591796875,17.509934868035483,9979518,"182,218,182",0.0,1480.325927734375,70.28657531738281,170.59141540527344,17.509934868035483,21783,"182,218,182",5,20387,20387.0,3609.0,3609.0,26086,26086.0,3609,3609.0,90,90.0,5699,5699.0,0.0004997900577092028,5699.0,5699.0,90.0,90.0
BraTS-GLI-02164-102,02164,102,9944460,"182,218,182",0.0,1436.760498046875,57.89860916137695,131.70510864257812,17.525555903920658,9952128,"182,218,182",0.0,478.4418640136719,51.13347625732422,115.81519317626953,17.525555903920658,9962124,"182,218,182",0.0,647.768798828125,30.84337615966797,70.21412658691406,17.525555903920658,9989408,"182,218,182",0.0,1551.3529052734375,68.501953125,165.95062255859375,17.525514358612455,22987,"182,218,182",5,25521,25521.0,2507.0,2507.0,30392,30392.0,2507,2507.0,86,86.0,4871,4871.0,0.0003471802922352373,4871.0,4871.0,86.0,86.0
BraTS-GLI-02164-103,02164,103,9959861,"182,218,182",0.0,1500.7803955078125,59.6939811706543,134.8957977294922,17.568306026063865,9971215,"182,218,182",0.0,542.4915161132812,53.302093505859375,120.31273651123047,17.568306026063865,9986499,"182,218,182",0.0,776.7086791992188,30.954063415527344,70.36698150634766,17.568306026063865,10012700,"182,218,182",0.0,1506.7537841796875,72.90396881103516,176.36965942382812,17.56825063231959,23085,"182,218,182",5,30173,30173.0,2776.0,2776.0,33546,33546.0,2776,2776.0,50,50.0,3373,3373.0,0.0003844325852592815,3373.0,3373.0,50.0,50.0
BraTS-GLI-02164-104,02164,104,9927670,"182,218,182",0.0,1455.3115234375,57.49440383911133,131.08961486816406,17.49193190114654,9935768,"182,218,182",0.0,501.56939697265625,51.78575134277344,117.66638946533203,17.49193190114654,9945895,"182,218,182",0.0,1125.625,31.311384201049805,71.33731842041016,17.49193190114654,9972132,"182,218,182",0.0,1557.5611572265625,73.28086853027344,177.68048095703125,17.49193190114654,23493,"182,218,182",5,32074,32074.0,2635.0,2635.0,34898,34898.0,2635,2635.0,27,27.0,2824,2824.0,0.0003649062904028122,2824.0,2824.0,27.0,27.0
BraTS-GLI-02165-100,02165,100,9482733,"182,218,182",0.0,7676.83447265625,294.9524230957031,703.1238403320312,16.63593237088549,9496899,"182,218,182",0.0,2676.67724609375,233.99728393554688,556.82763671875,16.63593237088549,9473081,"182,218,182",0.0,1937.4217529296875,131.4477081298828,302.8041076660156,16.63593237088549,9493247,"182,218,182",0.0,2037.308837890625,108.59400177001953,268.018798828125,16.63593237088549,20563,"182,218,182",4,15605,15605.0,15604.0,15604.0,15991,15991.0,15604,15604.0,0,0.0,386,386.0,0.0021609099641159324,386.0,386.0,,
BraTS-GLI-02165-101,02165,101,9325594,"182,218,182",0.0,1955.918701171875,69.02054595947266,162.38963317871094,16.370790213919562,9335781,"182,218,182",0.0,1029.5443115234375,61.60454559326172,145.22032165527344,16.370790213919562,9328107,"182,218,182",0.0,1047.159423828125,37.4953727722168,88.03905487060547,16.370790213919562,9354285,"182,218,182",0.0,2026.417724609375,90.1935043334961,224.7659912109375,16.370762517047424,266728,"182,218,182",3,15755,15755.0,13587.0,13587.0,15755,15755.0,13587,13587.0,0,0.0,0,0.0,0.001881587008615943,,,,
BraTS-GLI-02166-100,02166,100,10979006,"182,218,182",0.0,1566.63671875,70.95803833007812,152.16554260253906,19.39796139942324,10985623,"182,218,182",0.0,754.0653686523438,64.31886291503906,138.14866638183594,19.39796139942324,11001946,"182,218,182",0.0,725.8128662109375,36.8599967956543,79.74497985839844,19.39796139942324,11022506,"182,218,182",0.0,1623.6983642578125,94.74864959716797,221.30323791503906,19.39701970577059,20711,"182,218,182",3,15728,15728.0,18871.0,18871.0,15728,15728.0,18871,18871.0,0,0.0,0,0.0,0.002613338370471146,,,,
BraTS-GLI-02166-101,02166,101,10982447,"182,218,182",0.0,990.9585571289062,44.514244079589844,96.75777435302734,19.37293727544761,10993823,"182,218,182",0.0,498.6738586425781,40.58750915527344,88.87096405029297,19.37293727544761,10984157,"182,218,182",0.0,560.8692016601562,35.53334426879883,75.97258758544922,19.37293727544761,11012801,"182,218,182",0.0,1505.5328369140625,93.50554656982422,225.30917358398438,19.37282648795906,21435,"182,218,182",3,17883,17883.0,20487.0,20487.0,17883,17883.0,20487,20487.0,0,0.0,0,0.0,0.0028371290973367796,,,,
BraTS-GLI-02167-100,02167,100,11333073,"182,218,182",0.0,8626.37109375,289.6432800292969,630.1903686523438,19.97628593807644,11337520,"182,218,182",0.0,3160.422119140625,238.8662567138672,516.8082275390625,19.97628593807644,11219926,"182,218,182",0.0,1319.2216796875,117.19988250732422,240.20639038085938,19.97628593807644,11320821,"182,218,182",0.0,2614.5625,198.13365173339844,435.85650634765625,19.97628593807644,265531,"182,218,182",5,13726,13726.0,3566.0,3566.0,16180,16180.0,3566,3566.0,1,1.0,2454,2454.0,0.000493835230199783,2454.0,2454.0,1.0,1.0
BraTS-GLI-02167-101,02167,101,11510093,"182,218,182",0.0,1072.197509765625,51.35281753540039,107.69464111328125,20.357048687777592,11528202,"182,218,182",0.0,659.0892944335938,46.31388473510742,97.21431732177734,20.357048687777592,11504202,"182,218,182",0.0,712.21728515625,45.14535903930664,93.26411437988281,20.357048687777592,11538118,"182,218,182",0.0,1598.58251953125,106.97969818115234,243.5637664794922,20.357048687777592,21335,"182,218,182",4,17863,17863.0,3372.0,3372.0,18772,18772.0,3372,3372.0,0,0.0,909,909.0,0.0004669692642270523,909.0,909.0,,
BraTS-GLI-02169-100,02169,100,10938184,"182,218,182",0.0,10467.953125,414.45672607421875,918.7137451171875,19.29028980899129,10947726,"182,218,182",0.0,4051.72412109375,319.69268798828125,691.4995727539062,19.29028980899129,10927824,"182,218,182",0.0,1636.2843017578125,150.61398315429688,318.52337646484375,19.290137476194538,10953755,"182,218,182",0.0,2432.88720703125,147.50860595703125,335.4668884277344,19.289611235623937,315616,"182,218,182",4,122202,122202.0,,,146569,146569.0,0,0.0,4439,4439.0,24367,24367.0,0.0,24367.0,24367.0,4439.0,4439.0
BraTS-GLI-02169-101,02169,101,10846780,"182,218,182",0.0,1735.4588623046875,72.8605728149414,157.33311462402344,19.1451443505582,10846920,"182,218,182",0.0,870.0482788085938,63.978885650634766,136.09091186523438,19.1451443505582,10878702,"182,218,182",0.0,639.7110595703125,47.002197265625,106.04393005371094,19.1451443505582,10893500,"182,218,182",0.0,1679.2303466796875,98.8324203491211,227.45614624023438,19.1451443505582,336323,"182,218,182",4,178447,178447.0,,,209816,209816.0,0,0.0,2641,2641.0,31369,31369.0,0.0,31369.0,31369.0,2641.0,2641.0
BraTS-GLI-02169-102,02169,102,10476803,"182,218,182",0.0,1621.8106689453125,72.30489349365234,158.4542999267578,18.464050567841273,10481816,"182,218,182",0.0,811.4667358398438,64.84322357177734,142.1326141357422,18.464050567841273,10500896,"182,218,182",0.0,614.4160766601562,37.79676055908203,84.92994689941406,18.464050567841273,10515409,"182,218,182",0.0,1545.542724609375,86.04839324951172,203.3886260986328,18.464022870969135,292688,"182,218,182",4,51731,51731.0,,,67624,67624.0,0,0.0,9926,9926.0,15893,15893.0,0.0,15893.0,15893.0,9926.0,9926.0
BraTS-GLI-02170-100,02170,100,10534045,"182,218,182",0.0,8690.625,223.4561767578125,508.5904235839844,18.538001216446624,10546683,"182,218,182",0.0,2671.06103515625,195.8409423828125,443.8714904785156,18.538001216446624,10484557,"182,218,182",0.0,868.2562255859375,83.56826782226562,179.2467803955078,18.538001216446624,10542917,"182,218,182",0.0,3112.391845703125,138.19676208496094,332.27069091796875,18.538001216446624,263573,"182,218,182",4,10112,10112.0,,,12729,12729.0,0,0.0,4204,4204.0,2617,2617.0,0.0,2617.0,2617.0,4204.0,4204.0
BraTS-GLI-02170-101,02170,101,10910592,"182,218,182",0.0,1929.1878662109375,77.15506744384766,165.2007598876953,19.258729223191366,10916975,"182,218,182",0.0,1516.083251953125,71.174072265625,152.3455810546875,19.258729223191366,10922158,"182,218,182",0.0,779.5844116210938,46.70149230957031,103.10985565185547,19.258729223191366,10946622,"182,218,182",0.0,1885.7081298828125,108.06072998046875,246.3941650390625,19.25870152631923,29033,"182,218,182",4,78161,78161.0,,,85238,85238.0,0,0.0,2138,2138.0,7077,7077.0,0.0,7077.0,7077.0,2138.0,2138.0
BraTS-GLI-02170-102,02170,102,10962038,"182,218,182",0.0,2003.813232421875,74.55577850341797,159.16209411621094,19.36874119931888,10968168,"182,218,182",0.0,1586.819580078125,67.705078125,144.15574645996094,19.36874119931888,10982707,"182,218,182",0.0,648.8717041015625,46.54958724975586,102.62451171875,19.36874119931888,11006793,"182,218,182",0.0,1722.9490966796875,100.3462905883789,228.36166381835938,19.36872735088281,32293,"182,218,182",4,96362,96362.0,,,106896,106896.0,0,0.0,1843,1843.0,10534,10534.0,0.0,10534.0,10534.0,1843.0,1843.0
BraTS-GLI-02171-100,02171,100,12041985,"182,218,182",0.0,8203.494140625,256.006103515625,543.7451782226562,21.25917735858254,12056737,"182,218,182",0.0,2943.8427734375,207.15008544921875,437.9501647949219,21.25917735858254,11978553,"182,218,182",0.0,1442.613037109375,113.02699279785156,226.36862182617188,21.25917735858254,12044305,"182,218,182",0.0,2624.81201171875,198.48385620117188,431.08056640625,21.25917735858254,280439,"182,218,182",4,54211,54211.0,,,54911,54911.0,0,0.0,105,105.0,700,700.0,0.0,700.0,700.0,105.0,105.0
BraTS-GLI-02171-101,02171,101,12090939,"182,218,182",0.0,10666.119140625,476.64666748046875,1000.8694458007812,21.35435765968078,12102751,"182,218,182",0.0,5274.77392578125,398.26055908203125,835.228515625,21.35435765968078,12070362,"182,218,182",0.0,1882.2794189453125,177.7737579345703,362.2937316894531,21.35435765968078,12101724,"182,218,182",0.0,5671.89453125,426.6536560058594,948.6254272460938,21.35435765968078,281833,"182,218,182",5,60830,60830.0,629.0,629.0,60994,60994.0,629,629.0,24,24.0,164,164.0,8.710666287034873e-05,164.0,164.0,24.0,24.0
BraTS-GLI-02172-100,02172,100,13449364,"182,218,182",0.0,1687.079345703125,89.74775695800781,166.90835571289062,23.971684379739628,13465285,"182,218,182",0.0,890.3320922851562,81.41393280029297,150.51678466796875,23.971684379739628,13485854,"182,218,182",0.0,1570.9075927734375,55.966407775878906,106.55790710449219,23.961505779229338,13528334,"182,218,182",0.0,1961.0831298828125,114.540771484375,249.68081665039062,23.960425601216002,284193,"182,218,182",5,22708,22708.0,14964.0,14964.0,33285,33285.0,14964,14964.0,7,7.0,10577,10577.0,0.0020722799732780578,10577.0,10577.0,7.0,7.0
BraTS-GLI-02172-101,02172,101,13607515,"182,218,182",0.0,2047.5804443359375,104.5051498413086,194.48460388183594,24.250785760262524,13619192,"182,218,182",0.0,1153.535400390625,92.89765930175781,170.0605010986328,24.250785760262524,13640774,"182,218,182",0.0,1583.53759765625,68.89830780029297,136.0032501220703,24.250785760262524,13689529,"182,218,182",0.0,2054.168701171875,126.2094955444336,268.9864807128906,24.250730366518248,313358,"182,218,182",5,57632,57632.0,1097.0,1097.0,112594,112594.0,1097,1097.0,1010,1010.0,54962,54962.0,0.0001519173436705446,54962.0,54962.0,1010.0,1010.0
BraTS-GLI-02174-100,02174,100,13695039,"182,218,182",0.0,7249.49853515625,422.29180908203125,806.8859252929688,24.298216653796853,13704478,"182,218,182",0.0,3552.517822265625,384.5650939941406,734.4344482421875,24.298216653796853,13689900,"182,218,182",0.0,1824.04931640625,178.93505859375,335.4289855957031,24.298216653796853,13708269,"182,218,182",0.0,2428.0859375,197.87393188476562,409.99932861328125,24.298216653796853,286238,"182,218,182",4,39626,39626.0,14726.0,14726.0,40181,40181.0,14726,14726.0,0,0.0,555,555.0,0.002039320695435223,555.0,555.0,,
BraTS-GLI-02174-101,02174,101,13277750,"182,218,182",0.0,2140.841796875,91.71133422851562,174.71783447265625,23.576519256527323,13282588,"182,218,182",0.0,1234.85009765625,83.8053970336914,159.19989013671875,23.576519256527323,13312831,"182,218,182",0.0,708.7981567382812,43.6100959777832,85.77362823486328,23.576491559655185,13329447,"182,218,182",0.0,2223.855712890625,126.27506256103516,270.4403991699219,23.576519256527323,290568,"182,218,182",4,43096,43096.0,13509.0,13509.0,43185,43185.0,13509,13509.0,0,0.0,89,89.0,0.001870785228482577,89.0,89.0,,
BraTS-GLI-02175-100,02175,100,11162063,"182,218,182",0.0,10135.2958984375,460.9385986328125,991.4694213867188,19.724119765706618,11177964,"182,218,182",0.0,4264.462890625,400.8267822265625,856.0518798828125,19.724119765706618,11163777,"182,218,182",0.0,2217.9521484375,187.3728485107422,392.7868957519531,19.724119765706618,11192563,"182,218,182",0.0,2286.704345703125,147.8512420654297,331.2519836425781,19.724119765706618,29134,"182,218,182",4,34329,34329.0,,,52430,52430.0,0,0.0,4362,4362.0,18101,18101.0,0.0,18101.0,18101.0,4362.0,4362.0
BraTS-GLI-02175-101,02175,101,10774617,"182,218,182",0.0,10412.013671875,439.1637268066406,964.26416015625,18.9956643316357,10792246,"182,218,182",0.0,5544.48681640625,363.5434265136719,806.6914672851562,18.99821244387229,10774095,"182,218,182",0.0,1646.0283203125,119.0223159790039,259.2382507324219,19.000926737341697,10808231,"182,218,182",0.0,3766.570556640625,219.266845703125,508.12652587890625,19.001134463882725,32847,"182,218,182",4,38359,38359.0,,,72072,72072.0,0,0.0,12664,12664.0,33713,33713.0,0.0,33713.0,33713.0,12664.0,12664.0
BraTS-GLI-02175-102,02175,102,10980827,"182,218,182",0.0,1865.684326171875,77.95250701904297,166.37759399414062,19.387242709906285,10985172,"182,218,182",0.0,622.565185546875,68.67424011230469,145.9435272216797,19.387242709906285,10997564,"182,218,182",0.0,694.745361328125,42.266029357910156,91.13032531738281,19.38718731616201,11016534,"182,218,182",0.0,1630.959228515625,99.09455108642578,226.40130615234375,19.387242709906285,31305,"182,218,182",4,35048,35048.0,,,61907,61907.0,0,0.0,11249,11249.0,26859,26859.0,0.0,26859.0,26859.0,11249.0,11249.0
BraTS-GLI-02175-103,02175,103,10999853,"182,218,182",0.0,1883.2061767578125,79.34999084472656,169.30210876464844,19.428829563419743,11006591,"182,218,182",0.0,620.6339721679688,70.52790832519531,149.54881286621094,19.428829563419743,11019504,"182,218,182",0.0,686.1026611328125,44.46315002441406,95.81901550292969,19.428829563419743,11039838,"182,218,182",0.0,1682.6375732421875,100.36509704589844,227.9923095703125,19.428829563419743,315086,"182,218,182",4,62467,62467.0,,,93990,93990.0,0,0.0,13126,13126.0,31523,31523.0,0.0,31523.0,31523.0,13126.0,13126.0
BraTS-GLI-02176-100,02176,100,10418117,"182,218,182",0.0,9797.0205078125,331.3244323730469,768.9657592773438,18.292468444953574,10430009,"182,218,182",0.0,4373.27734375,302.7342834472656,701.9669189453125,18.292468444953574,10416805,"182,218,182",0.0,1747.95654296875,140.48336791992188,313.63140869140625,18.292440748081436,10429459,"182,218,182",0.0,2015.1781005859375,124.72505950927734,299.9757385253906,18.292468444953574,35951,"182,218,182",5,89770,89770.0,20900.0,20900.0,91563,91563.0,20900,20900.0,13,13.0,1793,1793.0,0.002894323138299346,1793.0,1793.0,13.0,13.0
BraTS-GLI-02176-101,02176,101,10465392,"182,218,182",0.0,933.3572998046875,37.99516677856445,84.34454345703125,18.418572303792587,10472061,"182,218,182",0.0,606.5115966796875,34.34576416015625,75.81134796142578,18.418572303792587,10489851,"182,218,182",0.0,917.6765747070312,22.3763370513916,51.8212776184082,18.418572303792587,10502353,"182,218,182",0.0,1178.13037109375,61.2930908203125,145.44041442871094,18.418572303792587,329617,"182,218,182",5,121937,121937.0,13319.0,13319.0,136585,136585.0,13319,13319.0,2734,2734.0,14648,14648.0,0.001844473199952583,14648.0,14648.0,2734.0,2734.0
BraTS-GLI-02176-102,02176,102,10431231,"182,218,182",0.0,1978.7686767578125,77.07327270507812,171.48704528808594,18.358234667842492,10438470,"182,218,182",0.0,1409.5789794921875,68.05046844482422,150.4956512451172,18.358234667842492,10458070,"182,218,182",0.0,1176.588623046875,46.098079681396484,106.88268280029297,18.358234667842492,10469712,"182,218,182",0.0,2031.93017578125,113.53404235839844,269.7591247558594,18.358220819406423,345458,"182,218,182",5,132646,132646.0,10209.0,10209.0,174032,174032.0,10209,10209.0,3068,3068.0,41386,41386.0,0.0014137868382247856,41386.0,41386.0,3068.0,3068.0
BraTS-GLI-02176-103,02176,103,10673252,"182,218,182",0.0,1871.4932861328125,78.75910186767578,172.89463806152344,18.79940429567408,10676448,"182,218,182",0.0,1383.779541015625,68.79306030273438,149.7251434326172,18.79940429567408,10702884,"182,218,182",0.0,1076.07958984375,45.5221061706543,104.29725646972656,18.79940429567408,10702119,"182,218,182",0.0,1568.820556640625,102.35039520263672,231.01007080078125,18.79940429567408,384399,"182,218,182",5,179774,179774.0,11157.0,11157.0,260120,260120.0,11157,11157.0,10529,10529.0,80346,80346.0,0.0015450700121533874,80346.0,80346.0,10529.0,10529.0
BraTS-GLI-02178-100,02178,100,11483770,"182,218,182",0.0,2084.166748046875,86.32369995117188,177.37283325195312,20.30551865716701,11494374,"182,218,182",0.0,1489.4029541015625,80.6280517578125,165.88311767578125,20.30551865716701,11492204,"182,218,182",0.0,1106.0950927734375,67.19996643066406,140.5272674560547,20.30551865716701,11523501,"182,218,182",0.0,2746.865234375,155.4351348876953,340.0836486816406,20.30551865716701,278034,"182,218,182",5,41242,41242.0,1489.0,1489.0,43971,43971.0,1489,1489.0,83,83.0,2729,2729.0,0.00020620321305874284,2729.0,2729.0,83.0,83.0
BraTS-GLI-02178-101,02178,101,11782499,"182,218,182",0.0,1259.6947021484375,65.3625717163086,133.58668518066406,20.843613489041456,11794479,"182,218,182",0.0,506.1370849609375,59.916019439697266,123.15804290771484,20.843613489041456,11799437,"182,218,182",0.0,606.3739013671875,45.63311004638672,94.72080993652344,20.842824128185555,11822957,"182,218,182",0.0,1269.177490234375,94.70250701904297,203.77963256835938,20.843544246861114,25101,"182,218,182",4,49381,49381.0,4588.0,4588.0,50844,50844.0,4588,4588.0,0,0.0,1463,1463.0,0.0006353662468190143,1463.0,1463.0,,
BraTS-GLI-02178-102,02178,102,11631924,"182,218,182",0.0,1078.169189453125,55.86981964111328,115.91287994384766,20.571713295274137,11646496,"182,218,182",0.0,410.90130615234375,51.01908493041992,106.61321258544922,20.571713295274137,11649938,"182,218,182",0.0,627.3390502929688,41.787940979003906,87.48677062988281,20.571713295274137,11662730,"182,218,182",0.0,1254.721923828125,91.4674072265625,194.24806213378906,20.571713295274137,282742,"182,218,182",4,59006,59006.0,4733.0,4733.0,59598,59598.0,4733,4733.0,0,0.0,592,592.0,0.0006554464791182202,592.0,592.0,,
BraTS-GLI-02181-100,02181,100,12576814,"182,218,182",0.0,2124.2607421875,100.75106048583984,197.19943237304688,22.30701927369938,12584527,"182,218,182",0.0,982.6300048828125,90.8763427734375,177.00743103027344,22.30701927369938,12599880,"182,218,182",0.0,731.9862060546875,53.34056854248047,107.02818298339844,22.30701927369938,12628412,"182,218,182",0.0,2130.302978515625,147.60708618164062,316.87554931640625,22.30701927369938,30965,"182,218,182",5,46159,46159.0,512.0,512.0,68862,68862.0,512,512.0,6658,6658.0,22703,22703.0,7.090399267029976e-05,22703.0,22703.0,6658.0,6658.0
BraTS-GLI-02181-101,02181,101,12459796,"182,218,182",0.0,1914.850341796875,99.3111572265625,194.941650390625,22.109997573754,12471099,"182,218,182",0.0,785.5214233398438,90.59288024902344,177.4475860595703,22.109997573754,12486715,"182,218,182",0.0,1199.483642578125,55.61827087402344,114.00597381591797,22.109997573754,12515493,"182,218,182",0.0,2033.6156005859375,139.55938720703125,298.5354919433594,22.109997573754,31979,"182,218,182",5,60288,60288.0,171.0,171.0,71669,71669.0,171,171.0,6792,6792.0,11381,11381.0,2.3680825676994644e-05,11381.0,11381.0,6792.0,6792.0
BraTS-GLI-02181-102,02181,102,12612026,"182,218,182",0.0,11404.2744140625,610.0921020507812,1219.6700439453125,22.343925355821717,12635621,"182,218,182",0.0,3952.765869140625,391.1940002441406,787.4942626953125,22.343925355821717,12604906,"182,218,182",0.0,1386.9453125,149.06886291503906,293.2936096191406,22.343925355821717,12644108,"182,218,182",0.0,2968.87890625,214.31910705566406,464.2801208496094,22.343925355821717,26861,"182,218,182",4,40131,40131.0,10280.0,10280.0,41947,41947.0,10280,10280.0,0,0.0,1816,1816.0,0.0014236192278333623,1816.0,1816.0,,
BraTS-GLI-02184-100,02184,100,10494094,"182,218,182",0.0,8530.1259765625,303.740234375,692.0016479492188,18.46247184612947,10507429,"182,218,182",0.0,2849.17041015625,250.92356872558594,565.9542846679688,18.46247184612947,10483360,"182,218,182",0.0,1733.4937744140625,144.2809600830078,313.79132080078125,18.46247184612947,10503036,"182,218,182",0.0,1865.329345703125,112.8812484741211,263.0462341308594,18.46247184612947,29142,"182,218,182",3,57763,57763.0,2084.0,2084.0,57763,57763.0,2084,2084.0,0,0.0,0,0.0,0.00028860140766582946,,,,
BraTS-GLI-02184-101,02184,101,10320835,"182,218,182",0.0,9094.88671875,313.7685546875,719.0270385742188,18.14441481494612,10330288,"182,218,182",0.0,4021.5322265625,267.5939636230469,609.6927490234375,18.14441481494612,10313788,"182,218,182",0.0,1708.8043212890625,136.27284240722656,302.3540344238281,18.14441481494612,10330580,"182,218,182",0.0,1588.7706298828125,99.54103088378906,235.94418334960938,18.14441481494612,291008,"182,218,182",4,50746,50746.0,3073.0,3073.0,50847,50847.0,3073,3073.0,0,0.0,101,101.0,0.00042556244038248275,101.0,101.0,,
BraTS-GLI-02185-100,02185,100,12844422,"182,218,182",0.0,9218.359375,443.31146240234375,890.4025268554688,22.748327385891656,12854186,"182,218,182",0.0,4821.59912109375,371.0073547363281,731.2178344726562,22.748327385891656,12831640,"182,218,182",0.0,2140.310546875,167.4234161376953,321.7527770996094,22.748327385891656,12866138,"182,218,182",0.0,2059.219482421875,161.2254180908203,341.6898498535156,22.748327385891656,312599,"182,218,182",4,48428,48428.0,53670.0,53670.0,58448,58448.0,53670,53670.0,0,0.0,10020,10020.0,0.0074324556379198985,10020.0,10020.0,,
BraTS-GLI-02185-101,02185,101,12542990,"182,218,182",0.0,1777.099853515625,79.62541198730469,157.7633056640625,22.22824936934222,12542037,"182,218,182",0.0,818.9331665039062,69.77505493164062,136.72860717773438,22.22824936934222,12564008,"182,218,182",0.0,761.06787109375,47.127235412597656,94.93182373046875,22.227847764696236,12580699,"182,218,182",0.0,1597.7952880859375,115.29631042480469,247.50144958496094,22.228221672470085,323871,"182,218,182",5,67207,67207.0,53546.0,53546.0,86058,86058.0,53546,53546.0,1,1.0,18851,18851.0,0.00741528357719506,18851.0,18851.0,1.0,1.0
BraTS-GLI-02185-102,02185,102,12513711,"182,218,182",0.0,1449.753173828125,74.55441284179688,148.128662109375,22.187479573556796,12509852,"182,218,182",0.0,651.1729125976562,65.79332733154297,129.11033630371094,22.187479573556796,12543233,"182,218,182",0.0,726.6893310546875,45.05390548706055,90.69428253173828,22.18729954388791,12554581,"182,218,182",0.0,1587.9302978515625,108.12438201904297,231.5028533935547,22.186911787677992,328488,"182,218,182",4,78866,78866.0,50574.0,50574.0,94253,94253.0,50574,50574.0,0,0.0,15387,15387.0,0.007003708057241679,15387.0,15387.0,,
BraTS-GLI-02186-100,02186,100,10101803,"182,218,182",0.0,1877.791259765625,76.33231353759766,170.6859893798828,17.796112799389338,10112919,"182,218,182",0.0,1223.4796142578125,69.03832244873047,154.24490356445312,17.796112799389338,10128480,"182,218,182",0.0,763.1244506835938,40.93513488769531,92.63047790527344,17.796085102517203,10149503,"182,218,182",0.0,2031.2626953125,105.26332092285156,253.2984619140625,17.796098950953272,26223,"182,218,182",5,46901,46901.0,2348.0,2348.0,52621,52621.0,2348,2348.0,43,43.0,5720,5720.0,0.0003251612788864528,5720.0,5720.0,43.0,43.0
BraTS-GLI-02186-101,02186,101,10073126,"182,218,182",0.0,6682.28564453125,224.88650512695312,514.9362182617188,17.713783846962595,10080784,"182,218,182",0.0,2704.952880859375,184.0708770751953,421.7233581542969,17.713783846962595,10064666,"182,218,182",0.0,456.5367431640625,31.216083526611328,69.55323028564453,17.713783846962595,10101200,"182,218,182",0.0,1044.844482421875,52.578670501708984,123.49492645263672,17.713783846962595,28498,"182,218,182",5,43353,43353.0,3467.0,3467.0,50514,50514.0,3467,3467.0,26,26.0,7161,7161.0,0.00048012527849204933,7161.0,7161.0,26.0,26.0
BraTS-GLI-02186-102,02186,102,10279045,"182,218,182",0.0,2026.53759765625,78.03468322753906,172.6563720703125,18.107065582869595,10286278,"182,218,182",0.0,1031.871337890625,68.60173034667969,151.6726837158203,18.107065582869595,10301644,"182,218,182",0.0,702.909912109375,46.32083511352539,105.36793518066406,18.107065582869595,10314746,"182,218,182",0.0,1427.1192626953125,91.27400207519531,210.1237030029297,18.107065582869595,349651,"182,218,182",4,113131,113131.0,,,160913,160913.0,0,0.0,22089,22089.0,47782,47782.0,0.0,47782.0,47782.0,22089.0,22089.0
BraTS-GLI-02186-103,02186,103,10798962,"182,218,182",0.0,12400.8408203125,456.4273681640625,1025.9117431640625,19.013902721937807,10783721,"182,218,182",0.0,2300.912109375,179.86276245117188,397.6323547363281,19.013736540704983,10774865,"182,218,182",0.0,2033.3765869140625,193.15101623535156,412.7366638183594,19.013902721937807,10811364,"182,218,182",0.0,3522.520263671875,216.7393798828125,499.8170166015625,19.013902721937807,55854,"182,218,182",4,327009,327009.0,17854.0,17854.0,327711,327711.0,17854,17854.0,0,0.0,702,702.0,0.0024724997756553355,702.0,702.0,,
BraTS-GLI-02188-100,02188,100,12557531,"182,218,182",0.0,1902.0474853515625,88.16287231445312,171.12722778320312,22.315120608799408,12573272,"182,218,182",0.0,1410.3499755859375,80.01485443115234,155.0109100341797,22.315120608799408,12583782,"182,218,182",0.0,845.0376586914062,46.91340637207031,90.90636444091797,22.315120608799408,12606829,"182,218,182",0.0,1424.304443359375,94.29431915283203,188.4583282470703,22.314802094769835,263333,"182,218,182",4,20780,20780.0,3249.0,3249.0,20781,20781.0,3249,3249.0,0,0.0,1,1.0,0.00044993568786289825,1.0,1.0,,
BraTS-GLI-02188-101,02188,101,12563175,"182,218,182",0.0,2071.825439453125,93.5746078491211,181.7830810546875,22.31236477002179,12577217,"182,218,182",0.0,1385.0567626953125,83.63282775878906,162.09848022460938,22.31236477002179,12585883,"182,218,182",0.0,723.7621459960938,47.81486892700195,92.7089614868164,22.31236477002179,12606427,"182,218,182",0.0,1244.0364990234375,94.16558837890625,187.67161560058594,22.311893923195466,262555,"182,218,182",3,19516,19516.0,3602.0,3602.0,19516,19516.0,3602,3602.0,0,0.0,0,0.0,0.0004988206671844135,,,,
BraTS-GLI-02191-100,02191,100,11863157,"182,218,182",0.0,8296.6767578125,387.7759094238281,805.1329345703125,20.974910511406126,11875031,"182,218,182",0.0,4793.5,338.5373229980469,705.9365234375,20.974910511406126,11852789,"182,218,182",0.0,1885.2486572265625,182.26324462890625,373.8337097167969,20.974910511406126,11876149,"182,218,182",0.0,2830.837890625,204.93458557128906,454.3263244628906,20.974910511406126,26051,"182,218,182",3,28571,28571.0,43094.0,43094.0,28571,28571.0,43094,43094.0,0,0.0,0,0.0,0.005967845039324019,,,,
BraTS-GLI-02191-101,02191,101,11554383,"182,218,182",0.0,1990.9085693359375,80.40255737304688,167.10604858398438,20.442645871116483,11563633,"182,218,182",0.0,1186.6849365234375,74.78776550292969,154.94358825683594,20.442645871116483,11578368,"182,218,182",0.0,765.40771484375,41.3798713684082,87.017578125,20.442645871116483,11604435,"182,218,182",0.0,2247.521240234375,117.2415771484375,275.60992431640625,20.442645871116483,293362,"182,218,182",3,41815,41815.0,37791.0,37791.0,41815,41815.0,37791,37791.0,0,0.0,0,0.0,0.005233462474615817,,,,
BraTS-GLI-02192-100,02192,100,14073464,"182,218,182",0.0,2107.095458984375,110.59982299804688,202.14114379882812,25.062096387330783,14086500,"182,218,182",0.0,1000.4915161132812,99.01234436035156,180.20887756347656,25.062096387330783,14107373,"182,218,182",0.0,927.5800170898438,59.097293853759766,110.14192199707031,25.062096387330783,14140215,"182,218,182",0.0,2291.59423828125,147.80743408203125,296.95257568359375,25.062096387330783,296288,"182,218,182",4,61700,61700.0,1047.0,1047.0,63513,63513.0,1047,1047.0,0,0.0,1813,1813.0,0.00014499312563633564,1813.0,1813.0,,
BraTS-GLI-02192-101,02192,101,14067760,"182,218,182",0.0,1034.3966064453125,59.09198760986328,109.33348083496094,25.02992647034385,14086896,"182,218,182",0.0,484.26556396484375,52.84249496459961,97.3785171508789,25.02992647034385,14081036,"182,218,182",0.0,685.6919555664062,47.43950271606445,86.63069152832031,25.02992647034385,14114902,"182,218,182",0.0,1490.910888671875,115.25350189208984,237.4317626953125,25.02987107659958,29469,"182,218,182",5,58862,58862.0,48.0,48.0,63846,63846.0,48,48.0,93,93.0,4984,4984.0,6.647249312840602e-06,4984.0,4984.0,93.0,93.0
BraTS-GLI-02192-102,02192,102,14263236,"182,218,182",0.0,2097.523193359375,101.9359130859375,184.68658447265625,25.411450884028763,14276136,"182,218,182",0.0,1479.6669921875,91.65859985351562,164.7786865234375,25.411450884028763,14307780,"182,218,182",0.0,812.7481079101562,54.95294189453125,101.52904510498047,25.411450884028763,14330184,"182,218,182",0.0,1995.6217041015625,136.62701416015625,270.82000732421875,25.411450884028763,34498,"182,218,182",4,69445,69445.0,,,87461,87461.0,0,0.0,567,567.0,18016,18016.0,0.0,18016.0,18016.0,567.0,567.0
BraTS-GLI-02192-103,02192,103,14110919,"182,218,182",0.0,1065.344970703125,57.2750358581543,105.99348449707031,25.098697803859615,14128417,"182,218,182",0.0,581.6082153320312,51.92243576049805,95.44348907470703,25.098697803859615,14124360,"182,218,182",0.0,596.5099487304688,47.3546142578125,87.15900421142578,25.098697803859615,14156602,"182,218,182",0.0,1499.2490234375,118.89868927001953,242.84390258789062,25.09864241011534,36661,"182,218,182",4,116440,116440.0,242.0,242.0,121679,121679.0,242,242.0,0,0.0,5239,5239.0,3.351321528557137e-05,5239.0,5239.0,,
BraTS-GLI-02193-100,02193,100,11568591,"182,218,182",0.0,1244.765625,63.142704010009766,131.59994506835938,20.45869620851978,11580592,"182,218,182",0.0,566.180908203125,56.19797897338867,117.54928588867188,20.45869620851978,11589692,"182,218,182",0.0,1434.8798828125,43.36537551879883,92.75456237792969,20.45869620851978,11610535,"182,218,182",0.0,1913.6405029296875,88.65559387207031,196.31582641601562,20.45868236008371,26362,"182,218,182",4,49960,49960.0,9265.0,9265.0,50259,50259.0,9265,9265.0,0,0.0,299,299.0,0.0012830576017389204,299.0,299.0,,
BraTS-GLI-02193-101,02193,101,11580579,"182,218,182",0.0,1198.9056396484375,60.675010681152344,126.3737564086914,20.483484909082247,11594178,"182,218,182",0.0,578.4054565429688,54.355125427246094,113.6456298828125,20.483484909082247,11602540,"182,218,182",0.0,1210.7545166015625,43.16648483276367,92.00599670410156,20.483401818465836,11623127,"182,218,182",0.0,2181.041259765625,87.55760955810547,193.5985870361328,20.483443363774043,26484,"182,218,182",4,49220,49220.0,9703.0,9703.0,49490,49490.0,9703,9703.0,0,0.0,270,270.0,0.0013437137517185909,270.0,270.0,,
BraTS-GLI-02193-102,02193,102,11593609,"182,218,182",0.0,1186.6505126953125,57.17889404296875,119.005126953125,20.509256848605574,11607915,"182,218,182",0.0,510.79815673828125,51.58513259887695,107.78196716308594,20.509256848605574,11616891,"182,218,182",0.0,1122.670166015625,41.33572006225586,87.85693359375,20.509159909553095,11638652,"182,218,182",0.0,2127.808837890625,82.64567565917969,182.72268676757812,20.509256848605574,26849,"182,218,182",4,47757,47757.0,9839.0,9839.0,48288,48288.0,9839,9839.0,0,0.0,531,531.0,0.0013625476247716393,531.0,531.0,,
BraTS-GLI-02193-103,02193,103,11575215,"182,218,182",0.0,1092.2552490234375,54.73446273803711,114.11235809326172,20.47723926441539,11592442,"182,218,182",0.0,488.91571044921875,49.09800338745117,102.81404113769531,20.47723926441539,11599136,"182,218,182",0.0,1071.0306396484375,38.820674896240234,82.84076690673828,20.477183870671116,11621250,"182,218,182",0.0,1816.8492431640625,79.48357391357422,176.0496368408203,20.47723926441539,285608,"182,218,182",4,47062,47062.0,10152.0,10152.0,47349,47349.0,10152,10152.0,0,0.0,287,287.0,0.0014058932296657873,287.0,287.0,,
BraTS-GLI-02193-104,02193,104,11672775,"182,218,182",0.0,13739.294921875,588.3937377929688,1248.272705078125,20.60179209841474,11674770,"182,218,182",0.0,6781.2607421875,455.3539733886719,961.505126953125,20.60179209841474,11664394,"182,218,182",0.0,3469.252685546875,170.54002380371094,354.0762939453125,20.60179209841474,11685743,"182,218,182",0.0,5766.89404296875,240.31895446777344,527.9713134765625,20.60179209841474,286192,"182,218,182",4,36842,36842.0,14670.0,14670.0,36889,36889.0,14670,14670.0,0,0.0,47,47.0,0.0020315655712369093,47.0,47.0,,
BraTS-GLI-02193-105,02193,105,11625203,"182,218,182",0.0,1298.8309326171875,67.62693786621094,141.2413787841797,20.544944268353888,11634622,"182,218,182",0.0,631.2050170898438,60.59219741821289,126.75553894042969,20.544944268353888,11633110,"182,218,182",0.0,1267.5841064453125,37.972625732421875,80.42987823486328,20.54488887460961,11658917,"182,218,182",0.0,2192.221923828125,99.03887939453125,219.74642944335938,20.544944268353888,27571,"182,218,182",4,55725,55725.0,7262.0,7262.0,56802,56802.0,7262,7262.0,0,0.0,1077,1077.0,0.0010056734272885094,1077.0,1077.0,,
BraTS-GLI-02194-100,02194,100,10761131,"182,218,182",0.0,1906.9305419921875,76.4333724975586,165.1973419189453,19.006036810250944,10771491,"182,218,182",0.0,1164.538330078125,69.91670227050781,150.8275146484375,19.006036810250944,10789026,"182,218,182",0.0,726.6098022460938,42.3997688293457,92.41063690185547,19.00600911337881,10810111,"182,218,182",0.0,1910.17431640625,100.95028686523438,235.2383575439453,19.00600911337881,301927,"182,218,182",5,57504,57504.0,17048.0,17048.0,59000,59000.0,17048,17048.0,10,10.0,1496,1496.0,0.002360881380943887,1496.0,1496.0,10.0,10.0
BraTS-GLI-02194-101,02194,101,10871758,"182,218,182",0.0,2214.8759765625,90.59465026855469,193.83865356445312,19.23508994282258,10886100,"182,218,182",0.0,1434.9014892578125,82.35248565673828,176.2377471923828,19.23508994282258,10905430,"182,218,182",0.0,788.4129638671875,49.11436080932617,106.55580139160156,19.235048397514372,10938028,"182,218,182",0.0,2111.295654296875,113.62586212158203,263.1001892089844,19.23508994282258,301458,"182,218,182",4,61573,61573.0,19346.0,19346.0,65289,65289.0,19346,19346.0,0,0.0,3716,3716.0,0.0026791184417961312,3716.0,3716.0,,
BraTS-GLI-02194-102,02194,102,10945025,"182,218,182",0.0,8071.57373046875,370.50384521484375,804.9730834960938,19.31671262500983,10962444,"182,218,182",0.0,5530.197265625,314.0160827636719,679.7536010742188,19.31671262500983,10948912,"182,218,182",0.0,1712.196044921875,158.7202606201172,336.7713928222656,19.31671262500983,10968468,"182,218,182",0.0,2042.0040283203125,129.3227081298828,292.9425964355469,19.31671262500983,310503,"182,218,182",5,95186,95186.0,14163.0,14163.0,108117,108117.0,14163,14163.0,83,83.0,12931,12931.0,0.00196135400037003,12931.0,12931.0,83.0,83.0
BraTS-GLI-02194-103,02194,103,10995386,"182,218,182",0.0,2130.876953125,68.35191345214844,146.228515625,19.43816340932986,11002018,"182,218,182",0.0,1230.7451171875,61.257545471191406,129.99803161621094,19.43816340932986,11027896,"182,218,182",0.0,767.5812377929688,45.613407135009766,102.98881530761719,19.43816340932986,11047014,"182,218,182",0.0,1784.9248046875,103.49209594726562,232.86471557617188,19.43816340932986,350863,"182,218,182",5,222061,222061.0,9623.0,9623.0,254930,254930.0,9623,9623.0,1067,1067.0,32869,32869.0,0.0013326350028638565,32869.0,32869.0,1067.0,1067.0
BraTS-GLI-02194-104,02194,104,10986250,"182,218,182",0.0,7520.826171875,341.9637756347656,745.2655029296875,19.376842534418902,10999909,"182,218,182",0.0,4821.50341796875,285.9757995605469,622.600830078125,19.376842534418902,10988395,"182,218,182",0.0,1630.4217529296875,146.000244140625,311.3704528808594,19.37669020162215,11008023,"182,218,182",0.0,2406.61767578125,156.6842498779297,359.05743408203125,19.376842534418902,34815,"182,218,182",5,73667,73667.0,19506.0,19506.0,79831,79831.0,19506,19506.0,758,758.0,6164,6164.0,0.0027012759395055996,6164.0,6164.0,758.0,758.0
BraTS-GLI-02194-105,02194,105,10785328,"182,218,182",0.0,1806.3953857421875,73.33917236328125,158.8539581298828,19.026463253451862,10788899,"182,218,182",0.0,880.47021484375,66.511474609375,143.65850830078125,19.026463253451862,10805302,"182,218,182",0.0,873.2962036132812,41.50848388671875,91.22187805175781,19.026463253451862,10823302,"182,218,182",0.0,1731.2427978515625,97.45380401611328,229.44752502441406,19.026463253451862,26420,"182,218,182",5,69908,69908.0,21570.0,21570.0,75315,75315.0,21570,21570.0,549,549.0,5407,5407.0,0.0029871076599577457,5407.0,5407.0,549.0,549.0
BraTS-GLI-02194-106,02194,106,10693421,"182,218,182",0.0,1927.019775390625,76.90409851074219,167.78326416015625,18.86357794841513,10698984,"182,218,182",0.0,1248.886474609375,70.24694061279297,152.78785705566406,18.86357794841513,10716052,"182,218,182",0.0,746.08447265625,42.612403869628906,94.72163391113281,18.86357794841513,10736309,"182,218,182",0.0,1969.42138671875,110.917724609375,262.8585510253906,18.86357794841513,309618,"182,218,182",4,72296,72296.0,29928.0,29928.0,76040,76040.0,29928,29928.0,0,0.0,3744,3744.0,0.0041445599465561155,3744.0,3744.0,,
BraTS-GLI-02194-107,02194,107,10665876,"182,218,182",0.0,1932.2806396484375,77.03358459472656,168.3181915283203,18.80343419056999,10671140,"182,218,182",0.0,1160.315673828125,70.37030029296875,153.45338439941406,18.80343419056999,10682786,"182,218,182",0.0,759.343505859375,42.43695068359375,94.40133666992188,18.80343419056999,10701904,"182,218,182",0.0,1822.65673828125,104.80443572998047,248.78233337402344,18.80343419056999,309240,"182,218,182",5,70186,70186.0,30930.0,30930.0,75554,75554.0,30930,30930.0,159,159.0,5368,5368.0,0.004283321275961663,5368.0,5368.0,159.0,159.0
BraTS-GLI-02195-100,02195,100,11224079,"182,218,182",0.0,11389.0498046875,453.9640808105469,993.4081420898438,19.746831200858825,11230048,"182,218,182",0.0,5219.90234375,377.0655212402344,830.0596313476562,19.746831200858825,11177187,"182,218,182",0.0,2578.585693359375,216.11221313476562,459.8588562011719,19.745626386920872,11228276,"182,218,182",0.0,6223.40478515625,402.4453430175781,888.9384765625,19.746831200858825,272638,"182,218,182",5,16188,16188.0,12254.0,12254.0,19661,19661.0,12254,12254.0,148,148.0,3473,3473.0,0.001696987355823932,3473.0,3473.0,148.0,148.0
BraTS-GLI-02195-101,02195,101,11411611,"182,218,182",0.0,2170.017822265625,88.80636596679688,186.3531951904297,20.154972308667237,11415968,"182,218,182",0.0,1108.136474609375,84.88417053222656,177.46408081054688,20.154972308667237,11422863,"182,218,182",0.0,909.6122436523438,49.77431106567383,104.58839416503906,20.154972308667237,11458756,"182,218,182",0.0,2219.0439453125,138.4440460205078,310.8954162597656,20.154972308667237,26146,"182,218,182",5,27068,27068.0,9575.0,9575.0,37897,37897.0,9575,9575.0,374,374.0,10829,10829.0,0.001325987753551016,10829.0,10829.0,374.0,374.0
BraTS-GLI-02196-100,02196,100,12009915,"182,218,182",0.0,7433.30908203125,376.8095703125,765.7670288085938,21.25539673553586,12030412,"182,218,182",0.0,2936.845458984375,320.74847412109375,656.8478393554688,21.25539673553586,11994773,"182,218,182",0.0,1749.8297119140625,176.6202392578125,350.2138671875,21.25539673553586,12029632,"182,218,182",0.0,2454.744873046875,161.21641540527344,348.7134704589844,21.25539673553586,40423,"182,218,182",5,52360,52360.0,12340.0,12340.0,98617,98617.0,12340,12340.0,1500,1500.0,46257,46257.0,0.0017088970108427716,46257.0,46257.0,1500.0,1500.0
BraTS-GLI-02196-101,02196,101,12136360,"182,218,182",0.0,8348.5625,398.5351867675781,811.6210327148438,21.486582527262033,12149223,"182,218,182",0.0,2874.96044921875,342.93792724609375,691.0126342773438,21.486582527262033,12120034,"182,218,182",0.0,1661.719482421875,181.22695922851562,358.4221496582031,21.486582527262033,12151146,"182,218,182",0.0,2598.79931640625,170.31715393066406,362.838623046875,21.486582527262033,45429,"182,218,182",5,64639,64639.0,15012.0,15012.0,139200,139200.0,15012,15012.0,4469,4469.0,74561,74561.0,0.0020789272225908983,74561.0,74561.0,4469.0,4469.0
BraTS-GLI-02196-102,02196,102,11753319,"182,218,182",0.0,2001.2972412109375,83.57331085205078,169.92840576171875,20.81926793843318,11755983,"182,218,182",0.0,1706.222412109375,75.16405487060547,152.88372802734375,20.81926793843318,11768406,"182,218,182",0.0,830.3109741210938,45.9967155456543,93.94048309326172,20.819212544688902,11798151,"182,218,182",0.0,1462.3985595703125,98.55144500732422,209.31790161132812,20.81926793843318,35938,"182,218,182",5,74336,74336.0,17352.0,17352.0,89966,89966.0,17352,17352.0,95,95.0,15630,15630.0,0.0024029806265918776,15630.0,15630.0,95.0,95.0
BraTS-GLI-02196-103,02196,103,11705430,"182,218,182",0.0,2171.361572265625,95.45990753173828,194.1840057373047,20.751355207953655,11713260,"182,218,182",0.0,1398.0537109375,87.61011505126953,178.22433471679688,20.751355207953655,11721346,"182,218,182",0.0,852.3451538085938,54.44342803955078,111.94849395751953,20.751355207953655,11762155,"182,218,182",0.0,2147.400146484375,115.93224334716797,253.21974182128906,20.751341359517586,333530,"182,218,182",5,108736,108736.0,11652.0,11652.0,157335,157335.0,11652,11652.0,1299,1299.0,48599,48599.0,0.0016136197706920561,48599.0,48599.0,1299.0,1299.0
BraTS-GLI-02196-104,02196,104,11556687,"182,218,182",0.0,1782.2930908203125,93.01053619384766,190.64093017578125,20.46962262457776,11565982,"182,218,182",0.0,1423.0916748046875,82.8738784790039,170.16793823242188,20.46962262457776,11579064,"182,218,182",0.0,751.029541015625,50.87166213989258,106.0770263671875,20.46962262457776,11615605,"182,218,182",0.0,2098.5615234375,116.54804992675781,259.7083435058594,20.46962262457776,334442,"182,218,182",5,104927,104927.0,14875.0,14875.0,151459,151459.0,14875,14875.0,1262,1262.0,46532,46532.0,0.0020599548651771657,46532.0,46532.0,1262.0,1262.0
BraTS-GLI-02196-105,02196,105,11495921,"182,218,182",0.0,1788.6810302734375,84.18791198730469,173.15696716308594,20.354583666157414,11503320,"182,218,182",0.0,948.0103759765625,73.67538452148438,151.6202392578125,20.354583666157414,11520606,"182,218,182",0.0,654.8342895507812,45.564247131347656,95.4021987915039,20.354583666157414,11547616,"182,218,182",0.0,1861.3494873046875,108.51964569091797,245.0963134765625,20.354583666157414,347443,"182,218,182",5,133563,133563.0,16089.0,16089.0,191979,191979.0,16089,16089.0,1621,1621.0,58416,58416.0,0.0022280748790477595,58416.0,58416.0,1621.0,1621.0
BraTS-GLI-02196-106,02196,106,11441381,"182,218,182",0.0,2189.821533203125,92.87702178955078,192.7894744873047,20.26541358631287,11453792,"182,218,182",0.0,1247.721923828125,81.6050033569336,168.98745727539062,20.26541358631287,11478945,"182,218,182",0.0,708.5401611328125,51.151283264160156,110.05101013183594,20.26541358631287,11497746,"182,218,182",0.0,1920.494384765625,119.91850280761719,280.16168212890625,20.26541358631287,352396,"182,218,182",5,154583,154583.0,28610.0,28610.0,182254,182254.0,28610,28610.0,467,467.0,27671,27671.0,0.003962037559174367,27671.0,27671.0,467.0,467.0
BraTS-GLI-02197-100,02197,100,11955847,"182,218,182",0.0,2082.150634765625,77.79170227050781,158.6118621826172,21.180172030812216,11964458,"182,218,182",0.0,581.6287841796875,68.71158599853516,139.08267211914062,21.180172030812216,11982657,"182,218,182",0.0,762.7592163085938,40.22523498535156,82.2383041381836,21.180172030812216,12012339,"182,218,182",0.0,1783.74267578125,100.30364990234375,221.13795471191406,21.1792580340317,284061,"182,218,182",5,39335,39335.0,7878.0,7878.0,43153,43153.0,7878,7878.0,8,8.0,3818,3818.0,0.001090979793469964,3818.0,3818.0,8.0,8.0
BraTS-GLI-02197-101,02197,101,11939130,"182,218,182",0.0,1081.265380859375,51.083099365234375,105.12151336669922,21.115956832762965,11957839,"182,218,182",0.0,511.1763916015625,45.65782928466797,94.30819702148438,21.115956832762965,11947317,"182,218,182",0.0,592.437744140625,40.549346923828125,82.25765228271484,21.11569371247766,11978850,"182,218,182",0.0,1550.1197509765625,97.99514770507812,222.2195587158203,21.1151951687792,289714,"182,218,182",4,52715,52715.0,6127.0,6127.0,53034,53034.0,6127,6127.0,0,0.0,319,319.0,0.000848493677911966,319.0,319.0,,
BraTS-GLI-02198-100,02198,100,11338988,"182,218,182",0.0,8497.5263671875,346.6546936035156,747.2674560546875,19.99039749443016,11346758,"182,218,182",0.0,3141.12744140625,301.41400146484375,644.59375,19.99039749443016,11317226,"182,218,182",0.0,1771.1864013671875,176.56863403320312,367.59765625,19.99039749443016,11342640,"182,218,182",0.0,2362.6015625,160.99627685546875,364.1484680175781,19.99039749443016,27379,"182,218,182",4,44407,44407.0,17014.0,17014.0,44408,44408.0,17014,17014.0,0,0.0,1,1.0,0.002356172912680625,1.0,1.0,,
BraTS-GLI-02198-101,02198,101,11004054,"182,218,182",0.0,1722.4508056640625,70.6583251953125,151.41195678710938,19.40863854363199,11007848,"182,218,182",0.0,846.1834106445312,64.61467742919922,137.9832763671875,19.40863854363199,11017131,"182,218,182",0.0,770.196044921875,42.54806900024414,92.41349792480469,19.40848621083524,11036031,"182,218,182",0.0,1747.9180908203125,112.08792114257812,255.99771118164062,19.40830618116635,28656,"182,218,182",3,50717,50717.0,16007.0,16007.0,50717,50717.0,16007,16007.0,0,0.0,0,0.0,0.0022167191614716566,,,,
BraTS-GLI-02198-102,02198,102,10427813,"182,218,182",0.0,2771.2763671875,109.1084976196289,243.6075897216797,18.3548556494418,10438293,"182,218,182",0.0,976.62451171875,90.43924713134766,202.25341796875,18.3548556494418,10420705,"182,218,182",0.0,320.6648254394531,23.2122745513916,51.95291519165039,18.3548556494418,10443434,"182,218,182",0.0,746.632568359375,46.282291412353516,103.81531524658203,18.3548556494418,27511,"182,218,182",3,42736,42736.0,18747.0,18747.0,42736,42736.0,18747,18747.0,0,0.0,0,0.0,0.0025961663097463076,,,,
BraTS-GLI-02198-103,02198,103,11017661,"182,218,182",0.0,1784.0867919921875,73.21633911132812,156.64865112304688,19.433995030073266,11021360,"182,218,182",0.0,987.0902709960938,66.93779754638672,142.6650848388672,19.433995030073266,11033603,"182,218,182",0.0,1028.7958984375,41.32475280761719,89.82574462890625,19.433995030073266,11047347,"182,218,182",0.0,1757.1065673828125,100.22191619873047,231.43064880371094,19.433995030073266,27959,"182,218,182",3,44539,44539.0,17369.0,17369.0,44539,44539.0,17369,17369.0,0,0.0,0,0.0,0.002405334860723509,,,,
BraTS-GLI-02199-100,02199,100,4767726,"182,218,182",0.0,7657.9345703125,381.75225830078125,854.4354248046875,17.891653159825356,4671658,"182,218,182",0.0,696.2271728515625,61.18985366821289,135.182373046875,17.891653159825356,4692589,"182,218,182",0.0,664.5158081054688,51.604095458984375,115.05255126953125,17.89144543328433,4778800,"182,218,182",0.0,1427.7752685546875,83.55598449707031,194.72824096679688,17.891556220772877,21339,"182,218,182",3,9582,9582.0,21230.0,21230.0,9582,9582.0,21230,21230.0,0,0.0,0,0.0,0.0029400229773251245,,,,
BraTS-GLI-02198-104,02198,104,11375106,"182,218,182",0.0,10291.513671875,437.92431640625,948.2233276367188,20.064957474222524,11387703,"182,218,182",0.0,4288.19189453125,358.5791320800781,771.1248168945312,20.064957474222524,11337554,"182,218,182",0.0,1974.62841796875,206.30247497558594,429.9499816894531,20.064957474222524,11385791,"182,218,182",0.0,2743.299072265625,191.5877685546875,434.6946105957031,20.064306597727306,27422,"182,218,182",3,41137,41137.0,18078.0,18078.0,41137,41137.0,18078,18078.0,0,0.0,0,0.0,0.002503520272448592,,,,
BraTS-GLI-02199-101,02199,101,4722076,"182,218,182",0.0,9049.572265625,306.4894104003906,699.719482421875,17.738891061554636,4723986,"182,218,182",0.0,3228.8525390625,262.2254638671875,601.452392578125,17.738891061554636,4678700,"182,218,182",0.0,1860.1822509765625,131.9171142578125,293.9156494140625,17.738891061554636,4739058,"182,218,182",0.0,2184.297607421875,120.76190948486328,289.6739501953125,17.738891061554636,22377,"182,218,182",3,13933,13933.0,23051.0,23051.0,13933,13933.0,23051,23051.0,0,0.0,0,0.0,0.0031922029981310152,,,,
BraTS-GLI-02199-102,02199,102,4493486,"182,218,182",0.0,1825.7109375,63.69261169433594,146.86846923828125,17.06009611922506,4480505,"182,218,182",0.0,867.2183837890625,57.38552474975586,132.0448455810547,17.06009611922506,4514391,"182,218,182",0.0,819.5655517578125,35.69336700439453,82.1705551147461,17.06009611922506,4588192,"182,218,182",0.0,1803.9051513671875,85.0821304321289,208.79124450683594,17.06009611922506,278179,"182,218,182",3,19143,19143.0,23388.0,23388.0,19143,19143.0,23388,23388.0,0,0.0,0,0.0,0.0032388722276815835,,,,
BraTS-GLI-02199-103,02199,103,4530480,"182,218,182",0.0,2085.919677734375,70.94843292236328,163.42637634277344,17.133492830387677,4513287,"182,218,182",0.0,1267.697021484375,63.74969482421875,146.2213134765625,17.133492830387677,4529897,"182,218,182",0.0,880.1183471679688,40.332557678222656,92.67041015625,17.133492830387677,4610610,"182,218,182",0.0,1857.2327880859375,91.8943099975586,225.4373779296875,17.133492830387677,278982,"182,218,182",3,19949,19949.0,23278.0,23278.0,19949,19949.0,23278,23278.0,0,0.0,0,0.0,0.0032236389480063236,,,,
BraTS-GLI-02199-104,02199,104,4584032,"182,218,182",0.0,4220.57470703125,128.89239501953125,308.97198486328125,17.190479144809217,4640308,"182,218,182",0.0,1800.624267578125,100.24757385253906,243.9888458251953,17.190479144809217,4610369,"182,218,182",0.0,1111.5396728515625,77.0837173461914,176.87208557128906,17.190479144809217,4546982,"182,218,182",0.0,3463.123291015625,167.419921875,416.2099304199219,17.190049843291096,277922,"182,218,182",4,19520,19520.0,24157.0,24157.0,19539,19539.0,24157,24157.0,0,0.0,19,19.0,0.003345366701047717,19.0,19.0,,
BraTS-GLI-02204-100,02204,100,5532519,"182,218,182",0.0,696.0223999023438,35.698543548583984,73.74018859863281,20.952268318434264,5411049,"182,218,182",0.0,614.8738403320312,62.147029876708984,123.52766418457031,20.952268318434264,5462350,"182,218,182",0.0,490.96051025390625,47.542598724365234,95.21808624267578,20.952268318434264,5486247,"182,218,182",0.0,913.2557983398438,74.2291259765625,150.17160034179688,20.952268318434264,20245,"182,218,182",2,38201,38201.0,,,38201,38201.0,0,0.0,0,0.0,0,0.0,0.0,,,,
BraTS-GLI-02204-101,02204,101,5579360,"182,218,182",0.0,2025.9283447265625,100.4644546508789,201.27865600585938,21.18792715501053,5569350,"182,218,182",0.0,926.044189453125,89.61963653564453,179.2560272216797,21.18792715501053,5535207,"182,218,182",0.0,683.433349609375,53.327640533447266,107.33888244628906,21.18766403472523,5647837,"182,218,182",0.0,2046.3179931640625,127.84773254394531,269.54656982421875,21.18765018628916,20333,"182,218,182",2,40971,40971.0,,,40971,40971.0,0,0.0,0,0.0,0,0.0,0.0,,,,
BraTS-GLI-02204-102,02204,102,5711287,"182,218,182",0.0,7674.98388671875,393.2833251953125,786.9254150390625,21.59111052270645,5684881,"182,218,182",0.0,4015.284423828125,330.2628479003906,662.1956787109375,21.59111052270645,5640371,"182,218,182",0.0,1544.4481201171875,153.42762756347656,300.8291320800781,21.58944871037824,5734759,"182,218,182",0.0,2339.37548828125,134.2759552001953,281.7517395019531,21.588493168289517,19403,"182,218,182",2,29906,29906.0,,,29906,29906.0,0,0.0,0,0.0,0,0.0,0.0,,,,
BraTS-GLI-02204-103,02204,103,5545964,"182,218,182",0.0,1734.0626220703125,83.91705322265625,167.7454071044922,21.251754596849867,5529427,"182,218,182",0.0,947.8988037109375,76.59614562988281,153.3292694091797,21.251754596849867,5552814,"182,218,182",0.0,782.961669921875,47.79301071166992,95.47872161865234,21.251588415617046,5660093,"182,218,182",0.0,1785.9063720703125,102.23655700683594,214.05833435058594,21.251546870308843,264921,"182,218,182",2,27457,27457.0,,,27457,27457.0,0,0.0,0,0.0,0,0.0,0.0,,,,
BraTS-GLI-02204-104,02204,104,5430092,"182,218,182",0.0,7162.0771484375,365.4847412109375,745.1297607421875,20.6164991375194,5365281,"182,218,182",0.0,3204.5439453125,314.9576721191406,639.9690551757812,20.6164991375194,5442343,"182,218,182",0.0,3060.9140625,304.2488098144531,633.2052612304688,20.6164991375194,5444375,"182,218,182",0.0,4674.3671875,300.1275939941406,646.28955078125,20.614809628319055,276216,"182,218,182",4,60012,60012.0,,,60323,60323.0,0,0.0,675,675.0,311,311.0,0.0,311.0,311.0,675.0,675.0
BraTS-GLI-02205-100,02205,100,5336389,"182,218,182",0.0,7936.9150390625,444.6954040527344,927.571533203125,20.114133270701473,5246290,"182,218,182",0.0,864.1394653320312,80.11800384521484,164.21607971191406,20.113856301980103,5259426,"182,218,182",0.0,881.6453247070312,67.3720932006836,139.64991760253906,20.11380090823583,5365086,"182,218,182",0.0,1607.9801025390625,99.6740493774414,220.03919982910156,20.113066941124206,22740,"182,218,182",3,19763,19763.0,23929.0,23929.0,19763,19763.0,23929,23929.0,0,0.0,0,0.0,0.0033137922668117245,,,,
BraTS-GLI-02205-101,02205,101,5067458,"182,218,182",0.0,1321.9412841796875,51.1341438293457,111.08570098876953,19.262772966523343,5028059,"182,218,182",0.0,468.12158203125,54.32848358154297,115.03565216064453,19.261388122916504,5067413,"182,218,182",0.0,617.4329223632812,41.63965606689453,88.9725341796875,19.26088957921804,5093055,"182,218,182",0.0,944.7673950195312,66.03300476074219,146.43234252929688,19.260861882345903,22505,"182,218,182",4,13022,13022.0,28516.0,28516.0,13034,13034.0,28516,28516.0,0,0.0,12,12.0,0.003949020029270054,12.0,12.0,,
BraTS-GLI-02205-102,02205,102,5078716,"182,218,182",0.0,5778.896484375,195.8761444091797,426.4849853515625,19.33046412202577,5124396,"182,218,182",0.0,2209.912841796875,161.47853088378906,353.94390869140625,19.33046412202577,5134338,"182,218,182",0.0,399.425048828125,26.65117073059082,56.715911865234375,19.33046412202577,5080060,"182,218,182",0.0,822.1323852539062,49.328033447265625,110.12828063964844,19.33046412202577,275223,"182,218,182",3,12811,12811.0,28329.0,28329.0,12811,12811.0,28329,28329.0,0,0.0,0,0.0,0.003923123453822113,,,,
BraTS-GLI-02205-103,02205,103,5167042,"182,218,182",0.0,2034.36181640625,82.9537124633789,176.00494384765625,19.61309685374611,5142380,"182,218,182",0.0,1419.4324951171875,74.29796600341797,157.28240966796875,19.61309685374611,5167793,"182,218,182",0.0,700.434814453125,43.73532485961914,93.39171600341797,19.61309685374611,5255281,"182,218,182",0.0,1823.3829345703125,105.61090850830078,245.2508544921875,19.613083005310045,24196,"182,218,182",4,27202,27202.0,30822.0,30822.0,27205,27205.0,30822,30822.0,0,0.0,3,3.0,0.004268364965007772,3.0,3.0,,
BraTS-GLI-02205-104,02205,104,5148792,"182,218,182",0.0,2026.859619140625,82.66168212890625,175.36390686035156,19.55062655864148,5125238,"182,218,182",0.0,1300.226318359375,74.29956817626953,157.36851501464844,19.55062655864148,5153342,"182,218,182",0.0,620.064453125,42.95649719238281,92.00469970703125,19.55062655864148,5237142,"182,218,182",0.0,1698.0308837890625,100.84503936767578,234.90223693847656,19.55061271020541,281130,"182,218,182",3,30734,30734.0,30252.0,30252.0,30734,30734.0,30252,30252.0,0,0.0,0,0.0,0.00418942887941779,,,,
BraTS-GLI-02205-105,02205,105,4975348,"182,218,182",0.0,1452.9820556640625,47.856021881103516,105.4026107788086,18.898032857353353,4998470,"182,218,182",0.0,475.80230712890625,42.00913619995117,92.15763854980469,18.898032857353353,5004056,"182,218,182",0.0,478.44525146484375,32.569332122802734,71.18692016601562,18.898019008917284,5053058,"182,218,182",0.0,1667.8411865234375,79.69905090332031,205.5381317138672,18.897755888631984,278734,"182,218,182",4,24519,24519.0,31362.0,31362.0,24520,24520.0,31362,31362.0,0,0.0,1,1.0,0.004343146519777228,1.0,1.0,,
BraTS-GLI-02206-100,02206,100,5840209,"182,218,182",0.0,8089.49755859375,514.4323120117188,1002.83203125,22.171678508002735,5810915,"182,218,182",0.0,1122.5518798828125,112.34271240234375,215.12454223632812,22.171678508002735,5772197,"182,218,182",0.0,878.118896484375,79.42649841308594,153.76138305664062,22.171678508002735,5902114,"182,218,182",0.0,2145.058349609375,124.54664611816406,257.4393615722656,22.171678508002735,24879,"182,218,182",3,41692,41692.0,17192.0,17192.0,41692,41692.0,17192,17192.0,0,0.0,0,0.0,0.002380823128882409,,,,
BraTS-GLI-02206-101,02206,101,5814770,"182,218,182",0.0,8131.8427734375,378.7178649902344,757.1605224609375,22.00445864247659,5809917,"182,218,182",0.0,4478.404296875,347.84295654296875,690.1865844726562,22.00445864247659,5773747,"182,218,182",0.0,1579.519775390625,153.07156372070312,299.92584228515625,22.00445864247659,5843238,"182,218,182",0.0,2279.64111328125,143.0156707763672,297.5384521484375,22.00445864247659,26245,"182,218,182",3,46339,46339.0,16984.0,16984.0,46339,46339.0,16984,16984.0,0,0.0,0,0.0,0.0023520183818601,,,,
BraTS-GLI-02206-102,02206,102,5573849,"182,218,182",0.0,1869.686767578125,83.60875701904297,167.45191955566406,21.33725484113628,5552033,"182,218,182",0.0,853.2848510742188,75.45832824707031,150.7569122314453,21.33725484113628,5593949,"182,218,182",0.0,857.399169921875,48.29331970214844,98.14286804199219,21.33725484113628,5702115,"182,218,182",0.0,1657.54638671875,112.60157012939453,236.8507843017578,21.337213295828075,33157,"182,218,182",3,104735,104735.0,14161.0,14161.0,104735,104735.0,14161,14161.0,0,0.0,0,0.0,0.001961077031648662,,,,
BraTS-GLI-02206-103,02206,103,5613088,"182,218,182",0.0,1926.6378173828125,80.89256286621094,161.0198211669922,21.542280937129206,5598391,"182,218,182",0.0,951.836181640625,73.4852294921875,146.08551025390625,21.542280937129206,5653176,"182,218,182",0.0,713.7492065429688,46.65502166748047,93.76487731933594,21.541976271535702,5748176,"182,218,182",0.0,1783.8707275390625,104.55555725097656,225.86962890625,21.541685454378264,27620,"182,218,182",4,44299,44299.0,19062.0,19062.0,44303,44303.0,19062,19062.0,0,0.0,4,4.0,0.0026397888833618243,4.0,4.0,,
BraTS-GLI-02206-104,02206,104,5661157,"182,218,182",0.0,2149.30908203125,102.2506103515625,204.2467803955078,21.378537029056236,5654069,"182,218,182",0.0,1113.3946533203125,92.51214599609375,184.91006469726562,21.378537029056236,5691125,"182,218,182",0.0,324.08538818359375,29.46497344970703,60.6396484375,21.376653641750927,5716643,"182,218,182",0.0,2108.76708984375,128.2061004638672,280.7832946777344,21.37623818866888,22893,"182,218,182",3,21206,21206.0,21941.0,21941.0,21206,21206.0,21941,21941.0,0,0.0,0,0.0,0.0030384853577715763,,,,
BraTS-GLI-02207-101,02207,101,5957679,"182,218,182",0.0,2214.7001953125,105.91434478759766,206.4534149169922,22.62682120782736,5952951,"182,218,182",0.0,1581.7412109375,96.4608154296875,187.46437072753906,22.62682120782736,5975652,"182,218,182",0.0,311.1250915527344,33.386802673339844,66.80854034423828,22.622971342600337,6014408,"182,218,182",0.0,2120.4423828125,142.98065185546875,297.11895751953125,22.626599632850265,28144,"182,218,182",4,59410,59410.0,63818.0,63818.0,59411,59411.0,63818,63818.0,0,0.0,1,1.0,0.008837794930142948,1.0,1.0,,
BraTS-GLI-02207-100,02207,100,5876301,"182,218,182",0.0,1900.3377685546875,92.480712890625,181.8230438232422,22.433746312161475,5855739,"182,218,182",0.0,1542.275390625,83.98838806152344,164.3086700439453,22.433746312161475,5877668,"182,218,182",0.0,828.8426513671875,53.83608627319336,106.9947509765625,22.433746312161475,5966540,"182,218,182",0.0,1777.90087890625,118.52029418945312,250.72186279296875,22.433649373108995,312497,"182,218,182",3,133932,133932.0,61045.0,61045.0,133932,133932.0,61045,61045.0,0,0.0,0,0.0,0.00845377779796572,,,,
BraTS-GLI-02208-100,02208,100,5481277,"182,218,182",0.0,8016.130859375,287.98309326171875,589.2346801757812,21.03422336308716,5491529,"182,218,182",0.0,2507.369873046875,249.58944702148438,510.1597595214844,21.03422336308716,5479727,"182,218,182",0.0,397.4825744628906,42.16765594482422,83.96487426757812,21.03422336308716,5507882,"182,218,182",0.0,1235.211181640625,68.87669372558594,140.74327087402344,21.03422336308716,16023,"182,218,182",3,2026,2026.0,,,2026,2026.0,0,0.0,2368,2368.0,0,0.0,0.0,,,2368.0,2368.0
BraTS-GLI-02208-101,02208,101,5634440,"182,218,182",0.0,10907.5859375,479.3002624511719,982.05322265625,21.280711676668933,5660901,"182,218,182",0.0,3553.94189453125,410.5090637207031,828.7047119140625,21.280711676668933,5515355,"182,218,182",0.0,1851.9244384765625,221.9827880859375,436.27978515625,21.280711676668933,5585941,"182,218,182",0.0,2772.48095703125,153.96292114257812,317.3855285644531,21.280711676668933,15797,"182,218,182",3,2146,2146.0,,,2146,2146.0,0,0.0,1972,1972.0,0,0.0,0.0,,,1972.0,1972.0
BraTS-GLI-02208-102,02208,102,5537881,"182,218,182",0.0,2707.220703125,108.7530746459961,220.03839111328125,20.95830623656009,5545365,"182,218,182",0.0,2191.40625,97.1498031616211,195.84188842773438,20.95830623656009,5534846,"182,218,182",0.0,350.0619201660156,30.854997634887695,63.144283294677734,20.957336846035304,5592401,"182,218,182",0.0,2200.73291015625,118.7091293334961,249.41773986816406,20.958278539687957,15338,"182,218,182",3,806,806.0,,,806,806.0,0,0.0,1890,1890.0,0,0.0,0.0,,,1890.0,1890.0
BraTS-GLI-02209-100,02209,100,4958826,"182,218,182",0.0,7311.19677734375,257.7591857910156,566.8414916992188,18.860378959683324,4970586,"182,218,182",0.0,2893.29296875,226.72085571289062,501.757568359375,18.860378959683324,4958068,"182,218,182",0.0,602.2567138671875,37.97852325439453,81.67658996582031,18.85945111446674,5007499,"182,218,182",0.0,1299.3720703125,69.02019500732422,156.80471801757812,18.86036511124726,21114,"182,218,182",4,24785,24785.0,10077.0,10077.0,26209,26209.0,10077,10077.0,0,0.0,1424,1424.0,0.001395506902614474,1424.0,1424.0,,
BraTS-GLI-02209-101,02209,101,4957722,"182,218,182",0.0,1314.8739013671875,66.90591430664062,144.62246704101562,18.924247946830867,4962123,"182,218,182",0.0,661.80615234375,60.1020393371582,130.38323974609375,18.924247946830867,4984877,"182,218,182",0.0,949.3663940429688,46.324256896972656,101.23131561279297,18.9242340983948,5044551,"182,218,182",0.0,1502.1771240234375,78.70929718017578,182.37994384765625,18.924247946830867,25190,"182,218,182",3,49469,49469.0,16035.0,16035.0,49469,49469.0,16035,16035.0,0,0.0,0,0.0,0.0022205967235708135,,,,
BraTS-GLI-02209-102,02209,102,5211339,"182,218,182",0.0,8536.337890625,354.1481018066406,755.2658081054688,19.643660352149112,5174389,"182,218,182",0.0,2807.284912109375,287.11907958984375,609.7866821289062,19.643660352149112,5150560,"182,218,182",0.0,1952.054443359375,156.6130828857422,326.942626953125,19.643660352149112,5183346,"182,218,182",0.0,2539.6591796875,153.29812622070312,338.4531555175781,19.643660352149112,32758,"182,218,182",4,105363,105363.0,15176.0,15176.0,105606,105606.0,15176,15176.0,0,0.0,243,243.0,0.0021016386577431038,243.0,243.0,,
BraTS-GLI-02209-103,02209,103,4939629,"182,218,182",0.0,6683.998046875,277.11224365234375,614.7763671875,18.667179428092826,4932196,"182,218,182",0.0,2904.79736328125,226.37979125976562,506.5133056640625,18.667179428092826,4929376,"182,218,182",0.0,1372.5135498046875,119.47176361083984,259.1589050292969,18.667068640604278,4929026,"182,218,182",0.0,4120.634765625,216.75701904296875,504.51800537109375,18.66636237036479,28727,"182,218,182",4,83451,83451.0,15014.0,15014.0,83724,83724.0,15014,15014.0,0,0.0,273,273.0,0.0020792041913122667,273.0,273.0,,
BraTS-GLI-02209-104,02209,104,4997382,"182,218,182",0.0,14552.484375,552.6423950195312,1210.1199951171875,18.964879258255607,5041525,"182,218,182",0.0,5018.6474609375,481.5702819824219,1048.6220703125,18.964879258255607,5090439,"182,218,182",0.0,4229.8037109375,381.5467224121094,834.4032592773438,18.964879258255607,5067657,"182,218,182",0.0,6678.6826171875,368.2546691894531,847.83251953125,18.964879258255607,28061,"182,218,182",4,74723,74723.0,15419.0,15419.0,74941,74941.0,15419,15419.0,0,0.0,218,218.0,0.002135290357389359,218.0,218.0,,
BraTS-GLI-02211-100,02211,100,5103077,"182,218,182",0.0,1082.34228515625,52.585086822509766,112.40863800048828,19.462536656810272,5120880,"182,218,182",0.0,798.8233642578125,46.82261657714844,99.84752655029297,19.462536656810272,5098525,"182,218,182",0.0,849.5335693359375,47.18240737915039,99.41988372802734,19.461414933488733,5191219,"182,218,182",0.0,1609.73681640625,88.35958862304688,204.3504180908203,19.461664205337964,20219,"182,218,182",4,9420,9420.0,25322.0,25322.0,9466,9466.0,25322,25322.0,0,0.0,46,46.0,0.003506700981244786,46.0,46.0,,
BraTS-GLI-02215-100,02215,100,5100973,"182,218,182",0.0,1874.218505859375,75.64537811279297,160.57643127441406,19.49801635001756,5086625,"182,218,182",0.0,840.422607421875,68.92039489746094,146.15719604492188,19.49801635001756,5134912,"182,218,182",0.0,1117.3521728515625,58.473289489746094,125.80901336669922,19.497960956273285,5138135,"182,218,182",0.0,895.8297729492188,45.17530822753906,105.01292419433594,19.497711684424054,17038,"182,218,182",3,13136,13136.0,294.0,294.0,13136,13136.0,294,294.0,0,0.0,0,0.0,4.071440204114869e-05,,,,
BraTS-GLI-02215-101,02215,101,5274072,"182,218,182",0.0,9888.4658203125,398.1844177246094,854.9065551757812,19.785163671896207,5286676,"182,218,182",0.0,3347.6591796875,363.3627624511719,778.1421508789062,19.785163671896207,5176042,"182,218,182",0.0,2007.1392822265625,209.55783081054688,437.52325439453125,19.785163671896207,5206738,"182,218,182",0.0,2853.111328125,175.20672607421875,399.07000732421875,19.785163671896207,267269,"182,218,182",4,16055,16055.0,5056.0,5056.0,16058,16058.0,5056,5056.0,0,0.0,3,3.0,0.0007001769276192101,3.0,3.0,,
BraTS-GLI-02215-102,02215,102,5015647,"182,218,182",0.0,1145.072509765625,49.959259033203125,107.64070892333984,19.11366685537469,5040580,"182,218,182",0.0,596.9898681640625,43.65232849121094,94.16136932373047,19.11366685537469,5025745,"182,218,182",0.0,939.74853515625,42.004737854003906,90.57465362548828,19.11366685537469,5103601,"182,218,182",0.0,1648.5848388671875,87.80366516113281,208.13841247558594,19.113431431961526,278653,"182,218,182",4,46430,46430.0,882.0,882.0,47621,47621.0,882,882.0,0,0.0,1191,1191.0,0.00012214320612344607,1191.0,1191.0,,
BraTS-GLI-02215-103,02215,103,5000326,"182,218,182",0.0,7771.646484375,307.81072998046875,674.4111328125,18.88939143324666,4967467,"182,218,182",0.0,3067.244140625,260.1149597167969,571.2044677734375,18.88939143324666,5022925,"182,218,182",0.0,3071.109619140625,228.822998046875,517.3170166015625,18.88939143324666,5028630,"182,218,182",0.0,4548.298828125,276.9473571777344,644.2909545898438,18.885126114937588,270753,"182,218,182",4,27413,27413.0,1836.0,1836.0,27417,27417.0,1836,1836.0,0,0.0,4,4.0,0.000254257286216153,4.0,4.0,,
BraTS-GLI-02216-100,02216,100,5078986,"182,218,182",0.0,8293.84765625,339.8543701171875,742.614990234375,19.110481715078954,5060503,"182,218,182",0.0,3436.084228515625,286.22149658203125,622.0225219726562,19.110481715078954,5014192,"182,218,182",0.0,1445.6724853515625,133.43475341796875,281.79998779296875,19.110454018206816,5116063,"182,218,182",0.0,2096.661376953125,107.1988525390625,240.75137329101562,19.110481715078954,22187,"182,218,182",4,36228,36228.0,1471.0,1471.0,40430,40430.0,1471,1471.0,0,0.0,4202,4202.0,0.00020371049456642762,4202.0,4202.0,,
BraTS-GLI-02216-101,02216,101,4831358,"182,218,182",0.0,1693.560791015625,70.27605438232422,154.558349609375,18.419209331851736,4818286,"182,218,182",0.0,1351.5008544921875,63.73746109008789,140.03323364257812,18.419209331851736,4842336,"182,218,182",0.0,767.9959106445312,38.94783401489258,85.2071762084961,18.419209331851736,4944983,"182,218,182",0.0,1635.3392333984375,91.74559783935547,212.44786071777344,18.419209331851736,266792,"182,218,182",4,24429,24429.0,1738.0,1738.0,24640,24640.0,1738,1738.0,0,0.0,211,211.0,0.00024068581886910347,211.0,211.0,,
BraTS-GLI-02216-102,02216,102,4862076,"182,218,182",0.0,2196.010009765625,82.42909240722656,181.52821350097656,18.346546587800745,4864180,"182,218,182",0.0,1663.8099365234375,76.33922576904297,167.64828491210938,18.346546587800745,4825472,"182,218,182",0.0,1042.615478515625,44.542076110839844,97.7571029663086,18.346546587800745,4931783,"182,218,182",0.0,1825.5965576171875,97.56364440917969,228.56202697753906,18.346546587800745,20693,"182,218,182",5,25111,25111.0,2530.0,2530.0,25793,25793.0,2530,2530.0,7,7.0,682,682.0,0.00035036543253097344,682.0,682.0,7.0,7.0
BraTS-GLI-02216-103,02216,103,4830046,"182,218,182",0.0,999.0227661132812,40.78663635253906,90.58830261230469,18.35157357009358,4866044,"182,218,182",0.0,520.735107421875,36.04206085205078,79.77664184570312,18.35157357009358,4833172,"182,218,182",0.0,475.3794250488281,31.810283660888672,69.28150177001953,18.35157357009358,4893357,"182,218,182",0.0,1413.2960205078125,67.6712646484375,163.3066864013672,18.35149047947717,270320,"182,218,182",4,26480,26480.0,3647.0,3647.0,26518,26518.0,3647,3647.0,0,0.0,38,38.0,0.0005050524634152016,38.0,38.0,,
BraTS-GLI-02216-104,02216,104,4960010,"182,218,182",0.0,1936.4063720703125,84.9231948852539,185.4869842529297,18.725135133039156,4904080,"182,218,182",0.0,1335.6016845703125,72.33353424072266,156.44480895996094,18.725135133039156,4926660,"182,218,182",0.0,1494.724853515625,49.14654541015625,112.82230377197266,18.725135133039156,5000111,"182,218,182",0.0,1695.072998046875,89.02008819580078,207.3675079345703,18.725135133039156,375126,"182,218,182",5,117495,117495.0,3519.0,3519.0,208617,208617.0,3519,3519.0,26956,26956.0,91122,91122.0,0.00048732646524762667,91122.0,91122.0,26956.0,26956.0
BraTS-GLI-02217-100,02217,100,5069034,"182,218,182",0.0,1135.5284423828125,53.70153045654297,114.36896514892578,19.369918316384695,5084805,"182,218,182",0.0,645.9139404296875,47.05228042602539,100.09310913085938,19.369918316384695,5064137,"182,218,182",0.0,582.71484375,41.731014251708984,87.50050354003906,19.369793680460077,5112469,"182,218,182",0.0,1099.48876953125,69.25682067871094,148.97064208984375,19.369696741407598,32597,"182,218,182",3,26561,26561.0,,,26563,26563.0,0,0.0,0,0.0,2,2.0,0.0,2.0,2.0,,
BraTS-GLI-02217-101,02217,101,5184365,"182,218,182",0.0,7526.765625,331.1355285644531,707.8492431640625,19.6282747396771,5173330,"182,218,182",0.0,3129.450927734375,288.0328674316406,612.0330200195312,19.6282747396771,5145741,"182,218,182",0.0,1640.0208740234375,147.6522979736328,307.0142517089844,19.6282747396771,5248819,"182,218,182",0.0,2002.8521728515625,111.2713394165039,241.66134643554688,19.6282747396771,17114,"182,218,182",2,18662,18662.0,,,18662,18662.0,0,0.0,0,0.0,0,0.0,0.0,,,,
BraTS-GLI-02217-102,02217,102,5069338,"182,218,182",0.0,2061.7763671875,80.87059783935547,172.01748657226562,19.282230019199474,5044048,"182,218,182",0.0,1806.5975341796875,72.60067749023438,153.747314453125,19.282230019199474,5051520,"182,218,182",0.0,821.4718017578125,44.71242904663086,94.8770523071289,19.282230019199474,5162344,"182,218,182",0.0,1941.3104248046875,95.11841583251953,210.00253295898438,19.282230019199474,18085,"182,218,182",3,29677,29677.0,,,29678,29678.0,0,0.0,0,0.0,1,1.0,0.0,1.0,1.0,,
BraTS-GLI-02217-103,02217,103,5047937,"182,218,182",0.0,2018.8558349609375,84.27420043945312,179.3631134033203,19.150351362519928,5026006,"182,218,182",0.0,1616.82763671875,75.60255432128906,160.3804168701172,19.150351362519928,5016472,"182,218,182",0.0,809.9950561523438,45.620933532714844,97.23314666748047,19.150351362519928,5125920,"182,218,182",0.0,2096.549072265625,90.48102569580078,200.71218872070312,19.150351362519928,18743,"182,218,182",3,35128,35128.0,,,35130,35130.0,0,0.0,0,0.0,2,2.0,0.0,2.0,2.0,,
BraTS-GLI-02217-104,02217,104,5097072,"182,218,182",0.0,2371.844482421875,91.1368637084961,193.98680114746094,19.236128575527708,5085722,"182,218,182",0.0,1802.90625,82.06922149658203,173.77569580078125,19.236128575527708,5117246,"182,218,182",0.0,264.6899719238281,26.496305465698242,56.97802734375,19.235173033438986,5154794,"182,218,182",0.0,2130.6474609375,97.37686920166016,215.09756469726562,19.236128575527708,264742,"182,218,182",3,37826,37826.0,,,37978,37978.0,0,0.0,0,0.0,152,152.0,0.0,152.0,152.0,,
BraTS-GLI-02218-100,02218,100,5376775,"182,218,182",0.0,1766.77978515625,76.85027313232422,155.6409912109375,20.700088297628373,5369211,"182,218,182",0.0,1433.7548828125,70.71179962158203,143.1232147216797,20.700088297628373,5403428,"182,218,182",0.0,915.2330322265625,41.875003814697266,85.16401672363281,20.700088297628373,5511745,"182,218,182",0.0,1729.6763916015625,96.84735870361328,207.08822631835938,20.700088297628373,17576,"182,218,182",2,22310,22310.0,,,22310,22310.0,0,0.0,0,0.0,0,0.0,0.0,,,,
BraTS-GLI-02218-101,02218,101,5400204,"182,218,182",0.0,2230.9296875,92.781005859375,189.90077209472656,20.469359504292463,5393838,"182,218,182",0.0,1660.7701416015625,85.38042449951172,175.18409729003906,20.469359504292463,5356302,"182,218,182",0.0,877.1875610351562,51.09101486206055,104.86686706542969,20.469359504292463,5471267,"182,218,182",0.0,2442.832275390625,109.24897766113281,244.31536865234375,20.46895789964648,21261,"182,218,182",3,10090,10090.0,22666.0,22666.0,10090,10090.0,22666,22666.0,0,0.0,0,0.0,0.003138886519267606,,,,
BraTS-GLI-02218-102,02218,102,5238903,"182,218,182",0.0,7288.1435546875,241.68455505371094,521.4533081054688,19.939033645052398,5261519,"182,218,182",0.0,2249.074951171875,209.16554260253906,451.13873291015625,19.939033645052398,5245431,"182,218,182",0.0,847.7623901367188,87.89552307128906,179.82228088378906,19.939033645052398,5320681,"182,218,182",0.0,2127.28076171875,131.381591796875,295.0781555175781,19.939033645052398,22275,"182,218,182",3,14265,14265.0,27734.0,27734.0,14265,14265.0,27734,27734.0,0,0.0,0,0.0,0.0038407252592150263,,,,
BraTS-GLI-02218-103,02218,103,5502374,"182,218,182",0.0,8969.08203125,466.4783630371094,964.3741455078125,20.734958659648647,5534127,"182,218,182",0.0,4074.634521484375,368.233642578125,769.3959350585938,20.734958659648647,5401560,"182,218,182",0.0,2130.015869140625,212.9988555908203,428.6260070800781,20.734806326851896,5476420,"182,218,182",0.0,2783.97607421875,177.6023712158203,398.45306396484375,20.734903265904375,21899,"182,218,182",3,10665,10665.0,30969.0,30969.0,10665,10665.0,30969,30969.0,0,0.0,0,0.0,0.0042887221660283465,,,,
BraTS-GLI-02218-104,02218,104,5268866,"182,218,182",0.0,4561.59521484375,188.3196258544922,405.6806640625,19.99115915841392,5318895,"182,218,182",0.0,2030.3365478515625,159.68128967285156,351.52996826171875,19.99115915841392,5324029,"182,218,182",0.0,1102.679443359375,90.24817657470703,188.30694580078125,19.99115915841392,5298101,"182,218,182",0.0,3546.764892578125,199.208984375,466.91314697265625,19.99115915841392,21539,"182,218,182",3,8619,8619.0,30516.0,30516.0,8619,8619.0,30516,30516.0,0,0.0,0,0.0,0.0042259887506384125,,,,
BraTS-GLI-02219-100,02219,100,6164388,"182,218,182",0.0,8976.7861328125,473.6757507324219,926.0263061523438,23.184373092377932,6168628,"182,218,182",0.0,4517.63916015625,402.6199645996094,782.5328369140625,23.184373092377932,6050106,"182,218,182",0.0,2176.116943359375,216.14849853515625,407.5392150878906,23.184373092377932,6092009,"182,218,182",0.0,2842.31201171875,201.44583129882812,416.92779541015625,23.184373092377932,17702,"182,218,182",4,7496,7496.0,6680.0,6680.0,7540,7540.0,6680,6680.0,0,0.0,44,44.0,0.0009250755293703171,44.0,44.0,,
BraTS-GLI-02219-101,02219,101,5964546,"182,218,182",0.0,1979.2744140625,89.65216827392578,173.90155029296875,22.803402616135752,5943886,"182,218,182",0.0,1070.42236328125,81.88876342773438,158.31407165527344,22.803402616135752,5987581,"182,218,182",0.0,950.1134643554688,47.91551971435547,93.02391815185547,22.803402616135752,6086081,"182,218,182",0.0,1877.05615234375,119.73408508300781,252.07066345214844,22.803388767699687,262931,"182,218,182",3,7133,7133.0,12357.0,12357.0,7133,7133.0,12357,12357.0,0,0.0,0,0.0,0.0017112512449744025,,,,
BraTS-GLI-02219-102,02219,102,6168515,"182,218,182",0.0,11036.0966796875,522.2276611328125,1017.9873657226562,23.25811601444226,6197076,"182,218,182",0.0,4719.34912109375,417.27740478515625,813.6253051757812,23.25811601444226,6047947,"182,218,182",0.0,2825.66552734375,260.72515869140625,491.5306701660156,23.25811601444226,6109853,"182,218,182",0.0,3331.867919921875,245.857177734375,511.4720153808594,23.25811601444226,18631,"182,218,182",3,12341,12341.0,10332.0,10332.0,12341,12341.0,10332,10332.0,0,0.0,0,0.0,0.0014308204145889397,,,,
BraTS-GLI-02219-103,02219,103,5888652,"182,218,182",0.0,7091.2197265625,375.603759765625,740.2826538085938,22.30208923045903,5821462,"182,218,182",0.0,3714.101318359375,325.73760986328125,640.5064086914062,22.30208923045903,5919268,"182,218,182",0.0,3401.129150390625,318.88055419921875,644.9937744140625,22.30208923045903,5924580,"182,218,182",0.0,5089.0205078125,375.7644348144531,805.41552734375,22.30208923045903,18253,"182,218,182",3,10110,10110.0,10568.0,10568.0,10110,10110.0,10568,10568.0,0,0.0,0,0.0,0.0014635027237104058,,,,
BraTS-GLI-02220-100,02220,100,4880457,"182,218,182",0.0,1003.12939453125,44.214107513427734,97.12305450439453,18.55158653222974,4906243,"182,218,182",0.0,524.574951171875,39.86125946044922,87.41585540771484,18.55158653222974,4880116,"182,218,182",0.0,544.8687744140625,35.56462860107422,78.19459533691406,18.55158653222974,4923635,"182,218,182",0.0,1073.38671875,66.36146545410156,151.6166229248047,18.551558835357607,38097,"182,218,182",2,74761,74761.0,,,74761,74761.0,0,0.0,0,0.0,0,0.0,0.0,,,,
BraTS-GLI-02220-101,02220,101,4827895,"182,218,182",0.0,1102.1365966796875,54.90412521362305,120.90162658691406,18.37506051766562,4847370,"182,218,182",0.0,564.7899169921875,48.36347198486328,107.25272369384766,18.37506051766562,4851895,"182,218,182",0.0,582.256591796875,34.92671203613281,76.86783599853516,18.37506051766562,4906888,"182,218,182",0.0,1161.035888671875,68.37450408935547,160.8113555908203,18.375032820793482,19928,"182,218,182",3,14144,14144.0,11735.0,11735.0,14144,14144.0,11735,11735.0,0,0.0,0,0.0,0.001625113972628843,,,,
BraTS-GLI-02220-102,02220,102,4808433,"182,218,182",0.0,752.6614379882812,35.06404495239258,79.34042358398438,18.13343300514386,4847582,"182,218,182",0.0,452.0472106933594,31.109325408935547,70.9090576171875,18.13343300514386,4828684,"182,218,182",0.0,393.35064697265625,27.130130767822266,60.05870819091797,18.13343300514386,4827174,"182,218,182",0.0,1085.0921630859375,53.68165969848633,134.8423309326172,18.13343300514386,20665,"182,218,182",3,19037,19037.0,12330.0,12330.0,19037,19037.0,12330,12330.0,0,0.0,0,0.0,0.0017075121672359298,,,,
BraTS-GLI-02221-100,02221,100,5967821,"182,218,182",0.0,8380.1337890625,436.8407287597656,858.498046875,22.5132778805024,5977771,"182,218,182",0.0,4000.722900390625,384.50555419921875,753.790283203125,22.5132778805024,5858613,"182,218,182",0.0,1758.9208984375,198.84201049804688,380.45184326171875,22.51302860865317,5987550,"182,218,182",0.0,2635.516845703125,149.3790283203125,311.3534240722656,22.51185149158735,36578,"182,218,182",4,138470,138470.0,,,144921,144921.0,0,0.0,3842,3842.0,6451,6451.0,0.0,6451.0,6451.0,3842.0,3842.0
BraTS-GLI-02221-101,02221,101,5757133,"182,218,182",0.0,1841.279052734375,92.04888916015625,180.10585021972656,21.994958615333655,5725681,"182,218,182",0.0,620.260986328125,84.23999786376953,164.1605224609375,21.994958615333655,5758067,"182,218,182",0.0,689.3050537109375,50.82326889038086,102.54280853271484,21.994958615333655,5860819,"182,218,182",0.0,1947.5008544921875,105.89727783203125,225.1725311279297,21.994958615333655,322846,"182,218,182",4,160014,160014.0,,,161899,161899.0,0,0.0,20914,20914.0,1885,1885.0,0.0,1885.0,1885.0,20914.0,20914.0
BraTS-GLI-02221-102,02221,102,5745044,"182,218,182",0.0,2109.4912109375,97.71139526367188,193.28964233398438,21.784351599605152,5730797,"182,218,182",0.0,941.9609985351562,88.3860092163086,174.94390869140625,21.784351599605152,5734531,"182,218,182",0.0,994.7677612304688,51.76182174682617,106.07148742675781,21.784337751169087,5821976,"182,218,182",0.0,2237.317626953125,122.39381408691406,268.1600341796875,21.784351599605152,322331,"182,218,182",4,115261,115261.0,,,120856,120856.0,0,0.0,12842,12842.0,5595,5595.0,0.0,5595.0,5595.0,12842.0,12842.0
BraTS-GLI-02221-103,02221,103,5720253,"182,218,182",0.0,4486.09228515625,193.62635803222656,401.9322204589844,21.72214442478582,5774381,"182,218,182",0.0,1895.4615478515625,156.01905822753906,328.121826171875,21.72214442478582,5786054,"182,218,182",0.0,1134.885986328125,106.35421752929688,213.23294067382812,21.72214442478582,5751175,"182,218,182",0.0,3451.4296875,224.59304809570312,501.83526611328125,21.721936698244793,40130,"182,218,182",4,112550,112550.0,,,119590,119590.0,0,0.0,27294,27294.0,7040,7040.0,0.0,7040.0,7040.0,27294.0,27294.0
BraTS-GLI-02222-100,02222,100,5388452,"182,218,182",0.0,1936.9688720703125,82.00800323486328,167.44354248046875,20.593081432127708,5359111,"182,218,182",0.0,1731.78955078125,73.8592758178711,150.29730224609375,20.593081432127708,5398598,"182,218,182",0.0,1429.958740234375,49.68666458129883,111.6384048461914,20.593081432127708,5476033,"182,218,182",0.0,1924.5830078125,91.86820220947266,198.76754760742188,20.59295679620309,28297,"182,218,182",4,20730,20730.0,46717.0,46717.0,28994,28994.0,46717,46717.0,0,0.0,8264,8264.0,0.0064695738780828,8264.0,8264.0,,
BraTS-GLI-02223-100,02223,100,5156465,"182,218,182",0.0,1650.062255859375,69.3178939819336,145.3266143798828,19.770567420280095,5151064,"182,218,182",0.0,1031.7039794921875,61.57016372680664,128.73240661621094,19.770567420280095,5178753,"182,218,182",0.0,1032.90283203125,43.459716796875,90.5562515258789,19.768448609561627,5261911,"182,218,182",0.0,1386.2449951171875,83.34176635742188,181.4646759033203,19.770262754686588,264510,"182,218,182",4,14517,14517.0,1200.0,1200.0,15046,15046.0,1200,1200.0,0,0.0,529,529.0,0.00016618123282101504,529.0,529.0,,
BraTS-GLI-02224-100,02224,100,5488852,"182,218,182",0.0,6719.49072265625,346.0744323730469,693.6006469726562,21.091819008695712,5472560,"182,218,182",0.0,3764.324951171875,289.5535888671875,579.373291015625,21.091819008695712,5517347,"182,218,182",0.0,2651.747802734375,280.7367248535156,572.4344482421875,21.091819008695712,5517905,"182,218,182",0.0,4351.8818359375,268.2648010253906,553.6021118164062,21.089409380819806,18274,"182,218,182",4,19165,19165.0,1.0,1.0,19165,19165.0,1,1.0,2114,2114.0,0,0.0,1.384843606841792e-07,,,2114.0,2114.0
BraTS-GLI-02225-100,02225,100,4948683,"182,218,182",0.0,1766.7095947265625,79.84262084960938,170.41372680664062,18.830867942421527,4927673,"182,218,182",0.0,1050.0592041015625,73.20488739013672,156.57025146484375,18.830867942421527,4936967,"182,218,182",0.0,690.5499267578125,41.9605827331543,90.962890625,18.830867942421527,5024364,"182,218,182",0.0,1785.314697265625,81.15718841552734,182.95343017578125,18.83082639711332,22508,"182,218,182",4,54718,54718.0,180.0,180.0,54755,54755.0,180,180.0,0,0.0,37,37.0,2.4927184923152258e-05,37.0,37.0,,
BraTS-GLI-02225-101,02225,101,4879901,"182,218,182",0.0,6249.0126953125,294.034912109375,633.3944091796875,18.643983297678226,4867590,"182,218,182",0.0,2064.281982421875,248.97145080566406,536.4384765625,18.643983297678226,4910850,"182,218,182",0.0,2693.306884765625,251.50344848632812,552.456298828125,18.643983297678226,4904254,"182,218,182",0.0,4089.43212890625,212.5721435546875,482.7552185058594,18.642667696251728,21150,"182,218,182",3,41412,41412.0,198.0,198.0,41412,41412.0,198,198.0,0,0.0,0,0.0,2.7419903415467485e-05,,,,
BraTS-GLI-02226-100,02226,100,5899305,"182,218,182",0.0,10404.0126953125,537.7284545898438,1066.8253173828125,22.345185563503943,5950144,"182,218,182",0.0,5071.21630859375,423.4258117675781,847.3984375,22.345185563503943,5809558,"182,218,182",0.0,1997.253662109375,211.32888793945312,406.57891845703125,22.34190348415573,5854699,"182,218,182",0.0,2946.863525390625,201.74891662597656,422.8960876464844,22.34065712490957,20062,"182,218,182",3,24630,24630.0,7743.0,7743.0,24630,24630.0,7743,7743.0,0,0.0,0,0.0,0.0010722844047775996,,,,
BraTS-GLI-02226-101,02226,101,5702677,"182,218,182",0.0,7535.3564453125,366.9971618652344,730.9493408203125,21.723667752753347,5652523,"182,218,182",0.0,2308.66796875,295.5632019042969,586.6218872070312,21.723667752753347,5718055,"182,218,182",0.0,2689.331787109375,277.839111328125,569.8994140625,21.723667752753347,5728842,"182,218,182",0.0,4482.88037109375,305.0343322753906,641.0897216796875,21.720939610847868,19407,"182,218,182",3,16960,16960.0,9051.0,9051.0,16960,16960.0,9051,9051.0,0,0.0,0,0.0,0.001253421948552506,,,,
BraTS-GLI-02227-100,02227,100,4816171,"182,218,182",0.0,2020.3626708984375,72.4525375366211,159.61036682128906,18.315623030059967,4791076,"182,218,182",0.0,1488.567138671875,65.16807556152344,143.314453125,18.315623030059967,4839776,"182,218,182",0.0,777.0559692382812,38.25735855102539,85.35786437988281,18.315623030059967,4910404,"182,218,182",0.0,1600.6751708984375,89.18362426757812,213.6562957763672,18.315623030059967,24737,"182,218,182",3,42816,42816.0,16418.0,16418.0,42816,42816.0,16418,16418.0,0,0.0,0,0.0,0.0022736362337128545,,,,
BraTS-GLI-02227-101,02227,101,4868581,"182,218,182",0.0,2626.419677734375,116.15959930419922,267.6525573730469,18.149704917524254,4898218,"182,218,182",0.0,1515.0322265625,102.4330825805664,241.17974853515625,18.149704917524254,4848267,"182,218,182",0.0,1105.058837890625,79.11990356445312,176.82118225097656,18.149704917524254,4834971,"182,218,182",0.0,2983.04833984375,158.17433166503906,386.6044006347656,18.14938640349468,24686,"182,218,182",3,41237,41237.0,18896.0,18896.0,41237,41237.0,18896,18896.0,0,0.0,0,0.0,0.0026168004794882506,,,,
BraTS-GLI-02228-100,02228,100,4463910,"182,218,182",0.0,1244.2681884765625,37.627506256103516,91.52091217041016,16.821169051736646,4475152,"182,218,182",0.0,592.3436889648438,32.20859909057617,77.72174072265625,16.821169051736646,4491500,"182,218,182",0.0,771.6248168945312,46.54615783691406,114.77629089355469,16.821169051736646,4502096,"182,218,182",0.0,1837.06640625,80.81307983398438,227.45013427734375,16.821169051736646,24483,"182,218,182",3,51771,51771.0,,,52740,52740.0,0,0.0,0,0.0,969,969.0,0.0,969.0,969.0,,
BraTS-GLI-02229-100,02229,100,5799403,"182,218,182",0.0,7867.67431640625,371.2838439941406,761.4295043945312,21.80609364423257,5793262,"182,218,182",0.0,3413.70849609375,318.8392028808594,655.2644653320312,21.80609364423257,5749973,"182,218,182",0.0,2033.2353515625,160.0009765625,320.6993103027344,21.8058166755112,5758418,"182,218,182",0.0,2496.607177734375,192.64334106445312,412.4045104980469,21.805969008307954,28852,"182,218,182",3,95785,95785.0,353.0,353.0,95785,95785.0,353,353.0,0,0.0,0,0.0,4.888497932151526e-05,,,,
BraTS-GLI-02230-100,02230,100,5209192,"182,218,182",0.0,1735.7259521484375,74.02467346191406,154.7169189453125,19.935516142291018,5199991,"182,218,182",0.0,1328.5963134765625,67.54686737060547,141.31336975097656,19.935516142291018,5241683,"182,218,182",0.0,1033.00439453125,41.112369537353516,86.80860137939453,19.935516142291018,5333966,"182,218,182",0.0,1722.0634765625,105.1500473022461,232.67320251464844,19.93548844541888,23115,"182,218,182",3,34130,34130.0,16534.0,16534.0,34130,34130.0,16534,16534.0,0,0.0,0,0.0,0.0022897004195522193,,,,
BraTS-GLI-02230-101,02230,101,5409712,"182,218,182",0.0,9526.287109375,411.47576904296875,873.4913940429688,20.30849607092172,5424909,"182,218,182",0.0,4277.56787109375,339.879638671875,724.809326171875,20.30849607092172,5340449,"182,218,182",0.0,1796.8824462890625,159.8843536376953,330.70220947265625,20.30849607092172,5415396,"182,218,182",0.0,2140.84716796875,138.702880859375,312.2430725097656,20.30849607092172,24020,"182,218,182",3,27497,27497.0,25500.0,25500.0,27497,27497.0,25500,25500.0,0,0.0,0,0.0,0.00353135119744657,,,,
BraTS-GLI-02230-102,02230,102,5173608,"182,218,182",0.0,1593.79833984375,64.28266143798828,135.19729614257812,19.809620009993033,5169589,"182,218,182",0.0,1427.3546142578125,62.13547134399414,130.6841583251953,19.809620009993033,5225649,"182,218,182",0.0,732.044189453125,36.413536071777344,77.31710052490234,19.809620009993033,5284992,"182,218,182",0.0,1501.2117919921875,92.22920227050781,211.51980590820312,19.809620009993033,278212,"182,218,182",3,29951,29951.0,24310.0,24310.0,29951,29951.0,24310,24310.0,0,0.0,0,0.0,0.0033665548082323967,,,,
BraTS-GLI-02236-100,02236,100,5828698,"182,218,182",0.0,5532.9892578125,361.5841979980469,704.880859375,22.238386424544306,5777917,"182,218,182",0.0,1135.894775390625,92.88543701171875,177.5148468017578,22.238386424544306,5885141,"182,218,182",0.0,1684.792236328125,120.51368713378906,235.72496032714844,22.233594865664628,5896925,"182,218,182",0.0,1547.7716064453125,96.78150177001953,199.67953491210938,22.238386424544306,14375,"182,218,182",2,511,511.0,,,511,511.0,0,0.0,0,0.0,0,0.0,0.0,,,,
BraTS-GLI-02236-101,02236,101,5830171,"182,218,182",0.0,1867.4034423828125,88.83903503417969,172.9384765625,22.36577818793768,5815074,"182,218,182",0.0,1272.4564208984375,80.2810287475586,155.9726104736328,22.36577818793768,5860168,"182,218,182",0.0,913.33056640625,45.77888107299805,89.31318664550781,22.36575049106554,5941746,"182,218,182",0.0,1756.46826171875,97.65541076660156,205.4670867919922,22.36577818793768,15071,"182,218,182",2,3523,3523.0,,,3523,3523.0,0,0.0,0,0.0,0,0.0,0.0,,,,
BraTS-GLI-02236-102,02236,102,5804447,"182,218,182",0.0,2039.86767578125,90.70082092285156,177.2305450439453,22.220605032632452,5781404,"182,218,182",0.0,1613.9364013671875,82.93942260742188,161.4589385986328,22.220605032632452,5819339,"182,218,182",0.0,767.1494140625,47.06293869018555,92.26705169677734,22.220508093579976,5912660,"182,218,182",0.0,1806.3809814453125,102.79328155517578,216.93296813964844,22.220605032632452,17636,"182,218,182",2,23804,23804.0,,,23804,23804.0,0,0.0,0,0.0,0,0.0,0.0,,,,
BraTS-GLI-02236-103,02236,103,5841362,"182,218,182",0.0,2276.419189453125,99.95501708984375,196.043701171875,22.2351874358125,5835612,"182,218,182",0.0,1702.540283203125,90.80001831054688,177.22364807128906,22.2351874358125,5909724,"182,218,182",0.0,344.6225891113281,29.75383758544922,59.498008728027344,22.233497926612152,5932614,"182,218,182",0.0,2188.41259765625,115.81000518798828,244.94960021972656,22.2351874358125,17892,"182,218,182",3,28557,28557.0,18.0,18.0,28557,28557.0,18,18.0,0,0.0,0,0.0,2.492718492315226e-06,,,,
BraTS-GLI-02237-100,02237,100,5436985,"182,218,182",0.0,769.004638671875,36.408321380615234,77.5904312133789,20.497596465435965,5320158,"182,218,182",0.0,593.217041015625,64.4066162109375,130.82077026367188,20.497596465435965,5384325,"182,218,182",0.0,584.7828979492188,49.097694396972656,101.77523040771484,20.49617007652092,5445807,"182,218,182",0.0,1021.4589233398438,83.60665893554688,178.1007843017578,20.49686249832434,25736,"182,218,182",4,45965,45965.0,5731.0,5731.0,46534,46534.0,5731,5731.0,0,0.0,569,569.0,0.000793653871081031,569.0,569.0,,
BraTS-GLI-02237-101,02237,101,5340888,"182,218,182",0.0,1752.986328125,72.12085723876953,149.3053436279297,20.449002303271886,5333023,"182,218,182",0.0,1141.5361328125,64.95437622070312,134.4410858154297,20.449002303271886,5393478,"182,218,182",0.0,1026.73876953125,38.89338302612305,81.59918975830078,20.449002303271886,5445595,"182,218,182",0.0,1165.8094482421875,84.18277740478516,181.00320434570312,20.44897460639975,289986,"182,218,182",4,53506,53506.0,5521.0,5521.0,53907,53907.0,5521,5521.0,0,0.0,401,401.0,0.0007645721553373535,401.0,401.0,,
BraTS-GLI-02237-102,02237,102,5202183,"182,218,182",0.0,1208.63330078125,47.75541305541992,103.10311126708984,19.743549121510608,5222547,"182,218,182",0.0,622.0912475585938,42.59545135498047,91.91413879394531,19.743549121510608,5232711,"182,218,182",0.0,709.3057861328125,55.01242446899414,120.56583404541016,19.743521424638473,5276977,"182,218,182",0.0,2001.80029296875,89.22074890136719,227.9181365966797,19.743438334022063,26675,"182,218,182",5,23749,23749.0,31856.0,31856.0,26313,26313.0,31856,31856.0,340,340.0,2564,2564.0,0.004411557793955213,2564.0,2564.0,340.0,340.0
BraTS-GLI-02238-100,02238,100,5699348,"182,218,182",0.0,7276.33544921875,458.1887512207031,908.3932495117188,21.53181151946148,5597590,"182,218,182",0.0,1122.5096435546875,86.3958740234375,169.66578674316406,21.53063440239567,5608679,"182,218,182",0.0,794.4259033203125,72.40924835205078,143.99212646484375,21.530412827418573,5722609,"182,218,182",0.0,1731.3984375,109.90446472167969,227.43740844726562,21.53064825083174,21785,"182,218,182",4,19059,19059.0,16236.0,16236.0,19186,19186.0,16236,16236.0,0,0.0,127,127.0,0.0022484320800683338,127.0,127.0,,
BraTS-GLI-02238-101,02238,101,5435538,"182,218,182",0.0,2026.44677734375,84.45072174072266,174.63719177246094,20.656050270930805,5382851,"182,218,182",0.0,1412.6064453125,72.24738311767578,147.89913940429688,20.656050270930805,5408770,"182,218,182",0.0,597.3779907226562,43.162662506103516,87.90875244140625,20.656050270930805,5490498,"182,218,182",0.0,1754.37890625,96.18082427978516,215.07704162597656,20.656050270930805,276987,"182,218,182",3,8915,8915.0,57771.0,57771.0,8915,8915.0,57771,57771.0,0,0.0,0,0.0,0.008000380001085718,,,,
BraTS-GLI-02238-102,02238,102,5445976,"182,218,182",0.0,5955.8515625,217.7330780029297,453.1237487792969,20.79945082641927,5477202,"182,218,182",0.0,2978.1025390625,181.9716339111328,379.3846130371094,20.80084951846218,5447388,"182,218,182",0.0,648.71484375,54.24890899658203,111.25922393798828,20.80084951846218,5514449,"182,218,182",0.0,1662.228759765625,82.65478515625,179.5422821044922,20.80084951846218,283552,"182,218,182",4,16133,16133.0,63865.0,63865.0,16159,16159.0,63865,63865.0,0,0.0,26,26.0,0.008844303695095106,26.0,26.0,,
BraTS-GLI-02238-103,02238,103,5427037,"182,218,182",0.0,9140.7021484375,321.57244873046875,682.0003662109375,20.467891570069206,5415507,"182,218,182",0.0,4505.7119140625,282.0326232910156,598.3209228515625,20.467891570069206,5485297,"182,218,182",0.0,3500.8251953125,355.75201416015625,754.519287109375,20.467891570069206,5399307,"182,218,182",0.0,4237.4208984375,252.12896728515625,593.0671997070312,20.467683843528185,25063,"182,218,182",4,15054,15054.0,66561.0,66561.0,15058,15058.0,66561,66561.0,0,0.0,4,4.0,0.009217657531499652,4.0,4.0,,
BraTS-GLI-02239-100,02239,100,5583636,"182,218,182",0.0,14016.3095703125,590.4522094726562,1215.344482421875,21.186916219177533,5649324,"182,218,182",0.0,6426.73974609375,447.5094299316406,920.6618041992188,21.186916219177533,5553002,"182,218,182",0.0,2761.866455078125,169.7056884765625,341.2626647949219,21.186916219177533,5552768,"182,218,182",0.0,8594.712890625,218.98133850097656,464.4637451171875,21.186916219177533,265277,"182,218,182",4,10479,10479.0,21125.0,21125.0,10479,10479.0,21125,21125.0,376,376.0,0,0.0,0.002925482119453286,,,376.0,376.0
BraTS-GLI-02239-101,02239,101,5468094,"182,218,182",0.0,11201.3740234375,514.78515625,1074.639892578125,20.651771104185663,5505094,"182,218,182",0.0,6121.498046875,446.8434143066406,934.900146484375,20.651771104185663,5391100,"182,218,182",0.0,2648.11181640625,244.4771270751953,497.8981628417969,20.651771104185663,5501661,"182,218,182",0.0,5633.0302734375,356.1501770019531,785.3308715820312,20.651771104185663,263963,"182,218,182",3,11700,11700.0,8707.0,8707.0,11700,11700.0,8707,8707.0,0,0.0,0,0.0,0.0012057833284771485,,,,
BraTS-GLI-02239-102,02239,102,5233265,"182,218,182",0.0,1510.2691650390625,46.53947830200195,100.54808807373047,19.88009470114521,5264670,"182,218,182",0.0,703.0026245117188,40.78016662597656,87.9478530883789,19.88009470114521,5303691,"182,218,182",0.0,937.2145385742188,94.59742736816406,200.3709259033203,19.879956216784525,5295464,"182,218,182",0.0,1649.728515625,76.73280334472656,187.15948486328125,19.880080852709142,263641,"182,218,182",3,9650,9650.0,9091.0,9091.0,9650,9650.0,9091,9091.0,0,0.0,0,0.0,0.0012589613229798732,,,,
BraTS-GLI-02239-103,02239,103,5244840,"182,218,182",0.0,1297.4456787109375,50.23286437988281,106.87841796875,19.97671523959456,5277043,"182,218,182",0.0,644.7639770507812,43.249237060546875,92.24376678466797,19.97671523959456,5260449,"182,218,182",0.0,693.8419799804688,58.42308044433594,123.99190521240234,19.976687542722427,5330536,"182,218,182",0.0,1520.600341796875,83.2746810913086,193.0616455078125,19.97671523959456,18558,"182,218,182",3,10337,10337.0,10153.0,10153.0,10337,10337.0,10153,10153.0,0,0.0,0,0.0,0.0014060317140264715,,,,
BraTS-GLI-02240-100,02240,100,5435657,"182,218,182",0.0,8043.64794921875,388.82415771484375,825.0441284179688,20.35985992029948,5436846,"182,218,182",0.0,3909.017822265625,328.1634826660156,694.9940795898438,20.35985992029948,5355568,"182,218,182",0.0,1849.3087158203125,154.82017517089844,317.7498779296875,20.35985992029948,5445359,"182,218,182",0.0,2026.3304443359375,131.9724884033203,294.2149353027344,20.35985992029948,25030,"182,218,182",4,42978,42978.0,,,43432,43432.0,0,0.0,9135,9135.0,454,454.0,0.0,454.0,454.0,9135.0,9135.0
BraTS-GLI-02240-101,02240,101,5384265,"182,218,182",0.0,14733.2373046875,500.3536071777344,1077.967041015625,20.229656924384216,5417204,"182,218,182",0.0,4784.12060546875,398.6957092285156,855.70654296875,20.229656924384216,5323010,"182,218,182",0.0,1985.6488037109375,168.53897094726562,351.2582092285156,20.229656924384216,5326451,"182,218,182",0.0,2886.275146484375,205.67904663085938,451.7254638671875,20.229656924384216,280976,"182,218,182",4,41112,41112.0,5897.0,5897.0,42555,42555.0,5897,5897.0,0,0.0,1443,1443.0,0.0008166422749546048,1443.0,1443.0,,
BraTS-GLI-02241-100,02241,100,4810631,"182,218,182",0.0,6734.42529296875,262.15362548828125,585.2341918945312,18.264453058787165,4761707,"182,218,182",0.0,674.1300659179688,61.43733215332031,133.54115295410156,18.261614129393138,4915640,"182,218,182",0.0,1067.6219482421875,83.65495300292969,191.5623779296875,18.258705957818773,4878948,"182,218,182",0.0,1459.16943359375,79.24088287353516,182.1949005126953,18.260935556025785,29108,"182,218,182",4,21044,21044.0,99987.0,99987.0,21106,21106.0,99987,99987.0,0,0.0,62,62.0,0.013846635771729027,62.0,62.0,,
BraTS-GLI-02241-101,02241,101,4757364,"182,218,182",0.0,7229.0537109375,220.8772430419922,522.7330322265625,17.867584577938445,4764390,"182,218,182",0.0,3601.2041015625,189.45196533203125,450.9391174316406,17.867584577938445,4773814,"182,218,182",0.0,1608.8182373046875,124.59872436523438,291.58123779296875,17.863374653373647,4727738,"182,218,182",0.0,3784.69677734375,209.6417236328125,493.41119384765625,17.867584577938445,27206,"182,218,182",3,11527,11527.0,105210.0,105210.0,11527,11527.0,105210,105210.0,0,0.0,0,0.0,0.014569939587582495,,,,
BraTS-GLI-02241-102,02241,102,4708687,"182,218,182",0.0,1958.1849365234375,67.8802490234375,155.81553649902344,17.810944474418616,4685557,"182,218,182",0.0,1428.69677734375,60.126914978027344,137.02381896972656,17.810944474418616,4820595,"182,218,182",0.0,253.9470672607422,19.425477981567383,47.12785720825195,17.806859185778432,4789056,"182,218,182",0.0,1853.4471435546875,105.78450012207031,260.5176086425781,17.810889080674343,29676,"182,218,182",3,27111,27111.0,105274.0,105274.0,27111,27111.0,105274,105274.0,0,0.0,0,0.0,0.014578802586666283,,,,
BraTS-GLI-02242-100,02242,100,4826400,"182,218,182",0.0,3544.517333984375,231.4813995361328,512.2268676757812,18.356157402432228,4797444,"182,218,182",0.0,575.7482299804688,53.19182205200195,115.75898742675781,18.354952588494275,4832269,"182,218,182",0.0,559.281982421875,49.0278434753418,108.51151275634766,18.35467561977291,4888539,"182,218,182",0.0,1179.6141357421875,70.638916015625,163.28392028808594,18.353913955789146,22283,"182,218,182",4,20162,20162.0,27903.0,27903.0,20388,20388.0,27903,27903.0,0,0.0,226,226.0,0.0038641291161706525,226.0,226.0,,
BraTS-GLI-02242-101,02242,101,4874738,"182,218,182",0.0,4742.37109375,172.8509979248047,387.79388427734375,18.47494928702712,4918610,"182,218,182",0.0,2160.143310546875,143.92849731445312,327.20306396484375,18.47494928702712,4855101,"182,218,182",0.0,754.1019287109375,62.169532775878906,135.71641540527344,18.474547682381136,4931775,"182,218,182",0.0,1450.3746337890625,78.8167724609375,184.8517608642578,18.473038202849676,279234,"182,218,182",3,52535,52535.0,16734.0,16734.0,52535,52535.0,16734,16734.0,0,0.0,0,0.0,0.002317397291689055,,,,
BraTS-GLI-02242-102,02242,102,4720621,"182,218,182",0.0,1343.53564453125,43.97218322753906,98.30451965332031,17.953860334644688,4733034,"182,218,182",0.0,1183.517333984375,40.377323150634766,90.45421600341797,17.953860334644688,4746769,"182,218,182",0.0,476.9876708984375,32.336002349853516,72.67289733886719,17.953860334644688,4780984,"182,218,182",0.0,1100.5972900390625,64.73247528076172,148.6658935546875,17.953860334644688,283721,"182,218,182",3,71656,71656.0,10009.0,10009.0,71656,71656.0,10009,10009.0,0,0.0,0,0.0,0.0013860899660879497,,,,
BraTS-GLI-02242-103,02242,103,4914091,"182,218,182",0.0,3523.9443359375,161.43080139160156,361.8821716308594,18.59579074016013,4938609,"182,218,182",0.0,1720.33740234375,151.6558380126953,342.8109130859375,18.59579074016013,4904368,"182,218,182",0.0,838.7673950195312,69.0638656616211,151.62197875976562,18.59579074016013,4984501,"182,218,182",0.0,1594.259765625,91.38237762451172,214.57444763183594,18.59579074016013,28390,"182,218,182",3,99546,99546.0,8846.0,8846.0,99546,99546.0,8846,8846.0,0,0.0,0,0.0,0.0012250326546122494,,,,
BraTS-GLI-02242-104,02242,104,5065395,"182,218,182",0.0,3886.3466796875,159.0730438232422,350.2439270019531,19.187243596206194,5108987,"182,218,182",0.0,1617.0888671875,136.52850341796875,300.1060791015625,19.187243596206194,5056158,"182,218,182",0.0,527.2033081054688,41.63715362548828,91.66757202148438,19.187243596206194,5094857,"182,218,182",0.0,1300.381103515625,73.02214050292969,168.06385803222656,19.187243596206194,318976,"182,218,182",4,218703,218703.0,1828.0,1828.0,218716,218716.0,1828,1828.0,0,0.0,13,13.0,0.0002531494113306796,13.0,13.0,,
BraTS-GLI-02243-100,02243,100,5666251,"182,218,182",0.0,951.125732421875,46.51770782470703,94.37517547607422,21.646268843566958,5713206,"182,218,182",0.0,385.435302734375,40.853206634521484,83.2650375366211,21.646268843566958,5649372,"182,218,182",0.0,598.3458251953125,38.91096878051758,76.82398986816406,21.646268843566958,5696119,"182,218,182",0.0,1226.8687744140625,66.29859924316406,144.13909912109375,21.646268843566958,274732,"182,218,182",4,21489,21489.0,6328.0,6328.0,28194,28194.0,6328,6328.0,0,0.0,6705,6705.0,0.000876329034409486,6705.0,6705.0,,
BraTS-GLI-02243-101,02243,101,5597890,"182,218,182",0.0,1984.0927734375,84.5218276977539,169.47528076171875,21.443333861420363,5572108,"182,218,182",0.0,1571.8394775390625,75.71158599853516,151.0128631591797,21.443333861420363,5696688,"182,218,182",0.0,219.99134826660156,25.073360443115234,50.87173843383789,21.441838230324972,5698728,"182,218,182",0.0,1612.1563720703125,97.18987274169922,204.4486846923828,21.443333861420363,20225,"182,218,182",4,13583,13583.0,15105.0,15105.0,13585,13585.0,15105,15105.0,0,0.0,2,2.0,0.002091806268134527,2.0,2.0,,
BraTS-GLI-02244-100,02244,100,5424569,"182,218,182",0.0,8695.3857421875,436.35479736328125,905.6021728515625,20.367711983550272,5410064,"182,218,182",0.0,892.7711181640625,98.26018524169922,202.23388671875,20.367711983550272,5389795,"182,218,182",0.0,786.11572265625,74.6970443725586,157.93936157226562,20.36767043824207,5419554,"182,218,182",0.0,2177.382080078125,152.75477600097656,337.6785888671875,20.367711983550272,26143,"182,218,182",4,22076,22076.0,39485.0,39485.0,22079,22079.0,39485,39485.0,0,0.0,3,3.0,0.005468054981614816,3.0,3.0,,
BraTS-GLI-02244-101,02244,101,5361700,"182,218,182",0.0,11159.5,462.5002136230469,986.9343872070312,20.15461224932946,5389383,"182,218,182",0.0,4217.24072265625,390.88360595703125,837.5374145507812,20.15461224932946,5302629,"182,218,182",0.0,2545.5361328125,191.42364501953125,401.2303466796875,20.15461224932946,5317164,"182,218,182",0.0,3282.25634765625,212.1941680908203,485.6273193359375,20.15461224932946,26292,"182,218,182",4,27199,27199.0,40185.0,40185.0,27202,27202.0,40185,40185.0,0,0.0,3,3.0,0.005564994034093742,3.0,3.0,,
BraTS-GLI-02244-102,02244,102,5308464,"182,218,182",0.0,8341.431640625,343.7919616699219,736.5695190429688,19.957327429098775,5311660,"182,218,182",0.0,3334.662353515625,293.8674011230469,637.3572387695312,19.957327429098775,5261526,"182,218,182",0.0,2317.719970703125,160.11923217773438,338.65252685546875,19.955333254304925,5273405,"182,218,182",0.0,2742.5751953125,175.75167846679688,400.87298583984375,19.952272749933805,26846,"182,218,182",3,34347,34347.0,38888.0,38888.0,34347,34347.0,38888,38888.0,0,0.0,0,0.0,0.0053853798182863614,,,,
BraTS-GLI-02244-103,02244,103,5135650,"182,218,182",0.0,7142.2451171875,303.29400634765625,671.2872924804688,19.29336416179848,5144623,"182,218,182",0.0,3005.01025390625,259.2740173339844,579.5641479492188,19.29336416179848,5137635,"182,218,182",0.0,1127.626953125,94.6420669555664,201.6080322265625,19.29336416179848,5109814,"182,218,182",0.0,3076.2265625,188.36932373046875,443.4305725097656,19.29336416179848,27242,"182,218,182",4,35795,35795.0,40708.0,40708.0,35837,35837.0,40708,40708.0,0,0.0,42,42.0,0.005637421354731567,42.0,42.0,,
BraTS-GLI-02244-104,02244,104,5118407,"182,218,182",0.0,2216.9931640625,90.1444091796875,195.07252502441406,19.248065927418683,5108857,"182,218,182",0.0,1301.3076171875,79.7817153930664,171.9695281982422,19.248065927418683,5151266,"182,218,182",0.0,313.3595275878906,25.136920928955078,56.01349639892578,19.246362569782267,5164126,"182,218,182",0.0,2095.504638671875,127.41692352294922,297.6708679199219,19.247581232156293,25770,"182,218,182",4,26670,26670.0,43426.0,43426.0,26878,26878.0,43426,43426.0,0,0.0,208,208.0,0.006013821847071167,208.0,208.0,,
BraTS-GLI-02245-100,02245,100,5554787,"182,218,182",0.0,6750.4462890625,343.82861328125,702.5868530273438,21.118269521586388,5569631,"182,218,182",0.0,2542.372802734375,314.3629150390625,641.446044921875,21.118269521586388,5544864,"182,218,182",0.0,1533.2991943359375,137.43788146972656,274.2255554199219,21.118269521586388,5623287,"182,218,182",0.0,1735.3572998046875,106.85360717773438,224.1692352294922,21.118269521586388,264061,"182,218,182",3,9811,9811.0,7253.0,7253.0,9811,9811.0,7253,7253.0,0,0.0,0,0.0,0.001004427068042352,,,,
BraTS-GLI-02245-101,02245,101,5578162,"182,218,182",0.0,9783.439453125,402.5537414550781,830.7393798828125,21.015375641598045,5572948,"182,218,182",0.0,3048.26416015625,332.8408203125,685.1006469726562,21.015375641598045,5517046,"182,218,182",0.0,1523.5887451171875,135.98171997070312,272.7491455078125,21.015057127568472,5524557,"182,218,182",0.0,2630.60546875,164.1060333251953,348.9901123046875,21.015126369748813,20822,"182,218,182",3,23538,23538.0,10320.0,10320.0,23538,23538.0,10320,10320.0,0,0.0,0,0.0,0.0014291586022607294,,,,
BraTS-GLI-02245-102,02245,102,5433472,"182,218,182",0.0,8741.173828125,354.7297668457031,759.4815063476562,20.42648474622464,5431897,"182,218,182",0.0,5128.71533203125,300.9745788574219,637.9270629882812,20.42648474622464,5339565,"182,218,182",0.0,1714.8275146484375,156.52877807617188,320.54034423828125,20.42648474622464,5401122,"182,218,182",0.0,4748.2451171875,281.5089416503906,610.40087890625,20.426332413427886,286556,"182,218,182",4,89522,89522.0,6637.0,6637.0,89884,89884.0,6637,6637.0,0,0.0,362,362.0,0.0009191207018608975,362.0,362.0,,
BraTS-GLI-02245-103,02245,103,5444639,"182,218,182",0.0,2191.8232421875,86.74209594726562,178.2642059326172,20.708854357659682,5426280,"182,218,182",0.0,1806.983154296875,78.65168762207031,160.8778533935547,20.708854357659682,5431796,"182,218,182",0.0,752.5969848632812,48.7901725769043,100.19856262207031,20.708854357659682,5546023,"182,218,182",0.0,1817.9862060546875,108.28369140625,238.01229858398438,20.708798963915406,22967,"182,218,182",4,42250,42250.0,6569.0,6569.0,43339,43339.0,6569,6569.0,0,0.0,1089,1089.0,0.0009097037653343732,1089.0,1089.0,,
BraTS-GLI-02245-104,02245,104,5350923,"182,218,182",0.0,1048.76025390625,49.79278564453125,104.45205688476562,20.36451299481847,5378793,"182,218,182",0.0,622.1548461914062,44.46184539794922,93.0089111328125,20.36451299481847,5438649,"182,218,182",0.0,209.7685089111328,19.72216796875,41.94279479980469,20.36442990420206,5440991,"182,218,182",0.0,1546.948974609375,91.25182342529297,209.4991912841797,20.364374510457786,23803,"182,218,182",4,35908,35908.0,9735.0,9735.0,36284,36284.0,9735,9735.0,0,0.0,376,376.0,0.0013481452512604847,376.0,376.0,,
BraTS-GLI-02246-100,02246,100,5423413,"182,218,182",0.0,2287.2353515625,88.91883850097656,181.78746032714844,20.615391262633928,5401905,"182,218,182",0.0,1621.9307861328125,80.66162109375,164.87571716308594,20.615391262633928,5393260,"182,218,182",0.0,936.4010620117188,47.60514450073242,96.87861633300781,20.615391262633928,5494810,"182,218,182",0.0,1768.8463134765625,96.27055358886719,209.80384826660156,20.61536356576179,16559,"182,218,182",2,10211,10211.0,,,10211,10211.0,0,0.0,0,0.0,0,0.0,0.0,,,,
BraTS-GLI-02246-101,02246,101,5567795,"182,218,182",0.0,10300.8828125,440.3679504394531,917.8524780273438,20.890199627975615,5586649,"182,218,182",0.0,4549.9638671875,377.9355773925781,798.2162475585938,20.890199627975615,5474558,"182,218,182",0.0,1253.2093505859375,138.68385314941406,277.60498046875,20.890199627975615,5502196,"182,218,182",0.0,3951.802001953125,251.5629119873047,550.7807006835938,20.890199627975615,17410,"182,218,182",2,12644,12644.0,,,12644,12644.0,0,0.0,0,0.0,0,0.0,0.0,,,,
BraTS-GLI-02247-100,02247,100,5605140,"182,218,182",0.0,7706.60302734375,544.1546630859375,1093.7884521484375,21.296097289140942,5574245,"182,218,182",0.0,950.1712646484375,87.88553619384766,173.92601013183594,21.295737229803162,5555304,"182,218,182",0.0,692.6596069335938,74.46979522705078,148.7801055908203,21.295446412645727,5681062,"182,218,182",0.0,1754.330810546875,117.86557006835938,246.11048889160156,21.296083440704873,18971,"182,218,182",4,5161,5161.0,13560.0,13560.0,5169,5169.0,13560,13560.0,0,0.0,8,8.0,0.0018778479308774701,8.0,8.0,,
BraTS-GLI-02247-101,02247,101,5573356,"182,218,182",0.0,2087.489013671875,96.2708511352539,194.490966796875,21.09514263335213,5577779,"182,218,182",0.0,1745.6951904296875,90.63465881347656,182.49627685546875,21.09514263335213,5521884,"182,218,182",0.0,1026.295166015625,55.06355285644531,110.97260284423828,21.09505954273572,5631720,"182,218,182",0.0,2368.928955078125,138.72398376464844,295.9424743652344,21.09514263335213,21051,"182,218,182",4,16653,16653.0,12064.0,12064.0,16665,16665.0,12064,12064.0,0,0.0,12,12.0,0.001670675327293938,12.0,12.0,,
BraTS-GLI-02247-102,02247,102,5338457,"182,218,182",0.0,7409.05029296875,281.806640625,595.3528442382812,20.35033219628441,5347548,"182,218,182",0.0,3429.884521484375,246.35777282714844,520.6033325195312,20.35033219628441,5352885,"182,218,182",0.0,416.96258544921875,33.51085662841797,68.90447235107422,20.35033219628441,5358523,"182,218,182",0.0,1037.2220458984375,61.365455627441406,131.09654235839844,20.35033219628441,268909,"182,218,182",3,12456,12456.0,12374.0,12374.0,12456,12456.0,12374,12374.0,0,0.0,0,0.0,0.0017136054791060337,,,,
BraTS-GLI-02247-103,02247,103,5513839,"182,218,182",0.0,2024.9825439453125,90.6138687133789,184.1804656982422,20.89792705530179,5471282,"182,218,182",0.0,1737.730224609375,79.62137603759766,161.5157012939453,20.89792705530179,5482639,"182,218,182",0.0,1225.886962890625,49.75725173950195,101.2962875366211,20.897899358429655,5589645,"182,218,182",0.0,1580.772216796875,107.68038940429688,226.1270751953125,20.897885509993586,20119,"182,218,182",4,13476,13476.0,12809.0,12809.0,13494,13494.0,12809,12809.0,0,0.0,18,18.0,0.0017738461760036515,18.0,18.0,,
BraTS-GLI-02247-104,02247,104,5495022,"182,218,182",0.0,7220.427734375,359.0233459472656,740.5245971679688,20.75262926407195,5429273,"182,218,182",0.0,3749.134765625,309.8634338378906,634.6043090820312,20.75262926407195,5490949,"182,218,182",0.0,2654.05517578125,272.3678894042969,575.4864501953125,20.75262926407195,5486155,"182,218,182",0.0,4313.0224609375,283.4183349609375,627.9803466796875,20.746148195991932,22308,"182,218,182",3,20090,20090.0,13161.0,13161.0,20090,20090.0,13161,13161.0,0,0.0,0,0.0,0.0018225926709644826,,,,
BraTS-GLI-02248-100,02248,100,5809596,"182,218,182",0.0,1613.822509765625,80.62863159179688,157.12525939941406,22.31010747494264,5762586,"182,218,182",0.0,694.2634887695312,70.30567932128906,134.97769165039062,22.31010747494264,5788373,"182,218,182",0.0,1288.6964111328125,62.168922424316406,119.58114624023438,22.31010747494264,5929591,"182,218,182",0.0,1941.7529296875,130.01632690429688,257.62200927734375,22.31010747494264,21741,"182,218,182",3,24245,24245.0,9171.0,9171.0,24245,24245.0,9171,9171.0,0,0.0,0,0.0,0.0012700400718346075,,,,
BraTS-GLI-02248-101,02248,101,5936715,"182,218,182",0.0,1072.832763671875,62.37969207763672,119.00695037841797,22.86059665709832,5966516,"182,218,182",0.0,558.4588623046875,55.56684875488281,106.5047836303711,22.86059665709832,5954540,"182,218,182",0.0,758.6622314453125,46.9941291809082,89.43601989746094,22.854337163995396,6007374,"182,218,182",0.0,1058.947509765625,75.81427001953125,150.84275817871094,22.85479416238565,21669,"182,218,182",3,22209,22209.0,8676.0,8676.0,22209,22209.0,8676,8676.0,0,0.0,0,0.0,0.0012014903132959388,,,,
BraTS-GLI-02248-102,02248,102,5799051,"182,218,182",0.0,1031.10595703125,52.914817810058594,104.14583587646484,22.205385601393264,5835021,"182,218,182",0.0,602.3226318359375,47.31895065307617,92.81436920166016,22.205385601393264,5795889,"182,218,182",0.0,561.037841796875,40.56776428222656,78.10318756103516,22.205385601393264,5860592,"182,218,182",0.0,1044.60791015625,80.8177719116211,162.8075714111328,22.205302510776853,21959,"182,218,182",3,21623,21623.0,7474.0,7474.0,21623,21623.0,7474,7474.0,0,0.0,0,0.0,0.0010350321117535554,,,,
BraTS-GLI-02248-103,02248,103,5745195,"182,218,182",0.0,7384.89599609375,277.76788330078125,556.9423217773438,21.965959990206386,5764637,"182,218,182",0.0,2471.3740234375,224.2008056640625,452.8936767578125,21.965959990206386,5768988,"182,218,182",0.0,441.0172424316406,36.8603630065918,72.49798583984375,21.94971577469813,5784492,"182,218,182",0.0,1150.086669921875,70.1477279663086,144.42218017578125,21.95054668086224,22917,"182,218,182",3,26890,26890.0,8115.0,8115.0,26890,26890.0,8115,8115.0,0,0.0,0,0.0,0.0011238005869521144,,,,
BraTS-GLI-02248-104,02248,104,5856985,"182,218,182",0.0,1145.3653564453125,67.74102783203125,133.09457397460938,22.409040702215417,5869425,"182,218,182",0.0,593.0235595703125,61.657535552978516,121.73148345947266,22.409040702215417,5948892,"182,218,182",0.0,266.4205627441406,22.994728088378906,45.75377655029297,22.409040702215417,5967183,"182,218,182",0.0,1411.8173828125,105.77921295166016,220.58856201171875,22.408957611599007,39968,"182,218,182",3,81609,81609.0,55945.0,55945.0,81609,81609.0,55945,55945.0,0,0.0,0,0.0,0.0077475075584764064,,,,
BraTS-GLI-02249-100,02249,100,5979278,"182,218,182",0.0,799.1082153320312,44.49296569824219,89.0279541015625,22.72639146315928,5940609,"182,218,182",0.0,549.5413818359375,55.12233352661133,107.06928253173828,22.72639146315928,6011027,"182,218,182",0.0,448.989501953125,43.31840133666992,88.2470932006836,22.72639146315928,5974171,"182,218,182",0.0,964.18017578125,75.42705535888672,157.1833038330078,22.72639146315928,28249,"182,218,182",3,3582,3582.0,153938.0,153938.0,3582,3582.0,153938,153938.0,0,0.0,0,0.0,0.02131800551500118,,,,
BraTS-GLI-02249-101,02249,101,5934577,"182,218,182",0.0,1205.2557373046875,58.80006790161133,118.6064682006836,22.596576223453933,5946441,"182,218,182",0.0,467.0799255371094,51.819091796875,104.09098815917969,22.596576223453933,5937150,"182,218,182",0.0,588.0244140625,45.919029235839844,91.76611328125,22.596576223453933,5990858,"182,218,182",0.0,1235.141357421875,110.5792007446289,228.8148651123047,22.59609152819154,29816,"182,218,182",3,12355,12355.0,157756.0,157756.0,12355,12355.0,157756,157756.0,0,0.0,0,0.0,0.021846738804093376,,,,
BraTS-GLI-02251-100,02251,100,6812321,"182,218,182",0.0,4155.5419921875,167.57789611816406,346.89727783203125,22.041946358913794,6805954,"182,218,182",0.0,1677.0784912109375,127.88570404052734,260.1830139160156,22.043940533707648,6796629,"182,218,182",0.0,2085.274169921875,154.1973876953125,313.9100341796875,22.04532537731449,6764594,"182,218,182",0.0,6985.34912109375,515.7763061523438,1050.3563232421875,21.982758143157376,79316,"182,218,182",5,95400,95400.0,6549.0,6549.0,105014,105014.0,6549,6549.0,351,351.0,9614,9614.0,0.0009069340781206897,9614.0,9614.0,351.0,351.0
BraTS-GLI-02254-100,02254,100,6420457,"182,218,182",0.0,4215.26708984375,158.57557678222656,349.10125732421875,20.642104895809908,6394253,"182,218,182",0.0,1909.077392578125,119.39579010009766,254.18812561035156,20.64506846112855,6417946,"182,218,182",0.0,2745.27099609375,137.3625946044922,291.4969482421875,20.64451452368581,6385680,"182,218,182",0.0,6994.4296875,448.43505859375,964.695556640625,20.637161004133482,58811,"182,218,182",4,1509,1509.0,4004.0,4004.0,2583,2583.0,4004,4004.0,0,0.0,1074,1074.0,0.0005544913801794536,1074.0,1074.0,,
BraTS-GLI-02254-101,02254,101,6403992,"182,218,182",0.0,3358.79150390625,151.3013153076172,328.5361328125,20.57423371063859,6396500,"182,218,182",0.0,2191.229736328125,117.23546600341797,251.6297607421875,20.579786933502024,6398315,"182,218,182",0.0,1672.1942138671875,132.55360412597656,279.5569763183594,20.58045165843331,6369556,"182,218,182",0.0,6296.82373046875,449.37005615234375,966.1746826171875,20.571574810913454,62347,"182,218,182",3,16582,16582.0,1692.0,1692.0,16582,16582.0,1692,1692.0,0,0.0,0,0.0,0.00023431553827763123,,,,
BraTS-GLI-02256-100,02256,100,6378435,"182,218,182",0.0,3510.45556640625,155.67315673828125,338.25360107421875,20.54763086495116,6359167,"182,218,182",0.0,2133.08154296875,121.0233154296875,257.7572937011719,20.55648001559888,6390004,"182,218,182",0.0,3170.687255859375,139.61050415039062,305.0245056152344,20.55648001559888,6348845,"182,218,182",0.0,7743.3583984375,421.5016784667969,913.1751708984375,20.551162216148605,75082,"182,218,182",5,22105,22105.0,15316.0,15316.0,40770,40770.0,15316,15316.0,1927,1927.0,18665,18665.0,0.002121026468238889,18665.0,18665.0,1927.0,1927.0
BraTS-GLI-02256-101,02256,101,6304382,"182,218,182",0.0,4370.978515625,152.74485778808594,339.984130859375,20.24937709734564,6282045,"182,218,182",0.0,2149.135498046875,117.4129867553711,253.7956085205078,20.255636590448567,6281405,"182,218,182",0.0,1938.5504150390625,134.18557739257812,286.9002685546875,20.255927407606002,6256758,"182,218,182",0.0,7589.05419921875,467.7287292480469,1023.487060546875,20.249723308247354,74065,"182,218,182",4,36941,36941.0,14269.0,14269.0,46844,46844.0,14269,14269.0,0,0.0,9903,9903.0,0.0019760333426025534,9903.0,9903.0,,
BraTS-GLI-02258-100,02258,100,7834261,"182,218,182",0.0,3738.478271484375,186.94911193847656,357.3504943847656,25.263812707103362,7809556,"182,218,182",0.0,3273.419677734375,147.0187530517578,276.4596862792969,25.268382691005943,7818794,"182,218,182",0.0,3008.917236328125,166.2875518798828,310.51983642578125,25.269892170537396,7761493,"182,218,182",0.0,7275.15576171875,569.2838134765625,1092.0980224609375,25.21638181356903,80993,"182,218,182",5,34361,34361.0,26115.0,26115.0,56534,56534.0,26115,26115.0,4,4.0,22173,22173.0,0.00361651907926734,22173.0,22173.0,4.0,4.0
BraTS-GLI-02258-101,02258,101,8134108,"182,218,182",0.0,4130.685546875,186.74420166015625,354.73297119140625,26.224894170251567,8092332,"182,218,182",0.0,1748.2708740234375,143.9532012939453,264.19256591796875,26.2286055511179,8114154,"182,218,182",0.0,2300.426025390625,188.89877319335938,348.5993957519531,26.228356279268674,8054529,"182,218,182",0.0,6936.96923828125,623.6127319335938,1172.9600830078125,26.167437009003695,85380,"182,218,182",5,76986,76986.0,14551.0,14551.0,109198,109198.0,14551,14551.0,917,917.0,32212,32212.0,0.002015085932315492,32212.0,32212.0,917.0,917.0
BraTS-GLI-02259-100,02259,100,7010498,"182,218,182",0.0,4652.58251953125,172.17677307128906,365.7753601074219,22.48254820086658,6979446,"182,218,182",0.0,1781.2232666015625,129.23890686035156,262.5166320800781,22.486204187988644,7020521,"182,218,182",0.0,1702.382080078125,141.17092895507812,288.6065979003906,22.48578873490659,6952466,"182,218,182",0.0,6975.28564453125,518.9244995117188,1077.5675048828125,22.477867429475452,61769,"182,218,182",4,15511,15511.0,1719.0,1719.0,16163,16163.0,1719,1719.0,0,0.0,652,652.0,0.00023805461601610406,652.0,652.0,,
BraTS-GLI-02260-100,02260,100,6397178,"182,218,182",0.0,4293.86669921875,145.86964416503906,326.6239929199219,20.466949876416557,6390482,"182,218,182",0.0,1881.544921875,113.38278198242188,250.0184326171875,20.47541127085436,6405536,"182,218,182",0.0,1997.732666015625,132.55325317382812,290.6390380859375,20.475397422418293,6329275,"182,218,182",0.0,6863.05712890625,464.47845458984375,1041.5654296875,20.450040935977018,291275,"182,218,182",5,52599,52599.0,8694.0,8694.0,57912,57912.0,8694,8694.0,562,562.0,5313,5313.0,0.0012039830317882542,5313.0,5313.0,562.0,562.0
BraTS-GLI-02261-100,02261,100,7203664,"182,218,182",0.0,4761.16552734375,179.3236083984375,368.0890197753906,23.27542655952778,7190360,"182,218,182",0.0,2155.57177734375,133.94427490234375,265.3617858886719,23.28189377917173,7202626,"182,218,182",0.0,2270.532470703125,154.97361755371094,308.5933532714844,23.281838385427456,7140657,"182,218,182",0.0,7817.6923828125,541.2890014648438,1086.2825927734375,23.24943304502736,77967,"182,218,182",4,82729,82729.0,5686.0,5686.0,87798,87798.0,5686,5686.0,0,0.0,5069,5069.0,0.000787422074850243,5069.0,5069.0,,
BraTS-GLI-02265-100,02265,100,6452517,"182,218,182",0.0,3637.496337890625,152.6291961669922,326.7543029785156,20.78799816979069,6450276,"182,218,182",0.0,2394.015625,118.0972671508789,249.79681396484375,20.79089249292899,6467374,"182,218,182",0.0,1547.9666748046875,136.0595703125,288.4703063964844,20.793302120804892,6444899,"182,218,182",0.0,6988.7470703125,476.1295166015625,1011.3272094726562,20.775700758561936,345907,"182,218,182",5,154234,154234.0,2678.0,2678.0,175046,175046.0,2678,2678.0,10026,10026.0,20812,20812.0,0.00037086111791223195,20812.0,20812.0,10026.0,10026.0
BraTS-GLI-02267-100,02267,100,6748099,"182,218,182",0.0,5363.0009765625,170.40560913085938,374.7366943359375,21.675281317130292,6741362,"182,218,182",0.0,2597.05419921875,124.5201187133789,262.836181640625,21.678521851170306,6660555,"182,218,182",0.0,1683.2174072265625,144.745361328125,294.9737854003906,21.675793709264827,6597606,"182,218,182",0.0,3320.328125,260.82806396484375,522.0478515625,21.667387708571294,91544,"182,218,182",5,134189,134189.0,1.0,1.0,157366,157366.0,1,1.0,5037,5037.0,23177,23177.0,1.384843606841792e-07,23177.0,23177.0,5037.0,5037.0
BraTS-GLI-02267-101,02267,101,6694181,"182,218,182",0.0,5108.3837890625,169.38804626464844,369.48052978515625,21.490335453436575,6693097,"182,218,182",0.0,2554.271240234375,121.85274505615234,257.8753356933594,21.49097248149572,6677330,"182,218,182",0.0,2116.222412109375,135.55868530273438,283.1510009765625,21.489144487934688,6577903,"182,218,182",0.0,3636.53759765625,261.2884216308594,540.0363159179688,21.48169402932988,75269,"182,218,182",5,63788,63788.0,1040.0,1040.0,70203,70203.0,1040,1040.0,124,124.0,6415,6415.0,0.00014402373511154638,6415.0,6415.0,124.0,124.0
BraTS-GLI-02268-100,02268,100,7649410,"182,218,182",0.0,5706.9169921875,183.94818115234375,390.2182922363281,24.573218897243496,7629439,"182,218,182",0.0,2174.747314453125,131.6267852783203,262.7090759277344,24.5801015699695,7600060,"182,218,182",0.0,1751.85107421875,145.3097686767578,283.565185546875,24.573523562837003,7457086,"182,218,182",0.0,3516.212646484375,308.7203674316406,579.5595703125,24.568330399311343,111256,"182,218,182",5,122852,122852.0,80726.0,80726.0,150369,150369.0,80726,80726.0,4554,4554.0,27517,27517.0,0.011179288500591052,27517.0,27517.0,4554.0,4554.0
BraTS-GLI-02268-101,02268,101,7832989,"182,218,182",0.0,4857.5908203125,185.60482788085938,384.4872741699219,25.211714890613973,7795427,"182,218,182",0.0,2323.3291015625,133.64956665039062,260.2455749511719,25.21393064038492,7793874,"182,218,182",0.0,3026.03662109375,164.03433227539062,320.0664367675781,25.211050165682693,7700404,"182,218,182",0.0,4052.087158203125,312.67901611328125,594.6531372070312,25.203378132100784,126186,"182,218,182",5,200441,200441.0,73602.0,73602.0,241854,241854.0,73602,73602.0,6423,6423.0,41413,41413.0,0.010192725915076958,41413.0,41413.0,6423.0,6423.0
BraTS-GLI-02269-100,02269,100,7238845,"182,218,182",0.0,4135.96875,175.71292114257812,358.8861389160156,23.356426062091955,7220750,"182,218,182",0.0,1961.31689453125,132.38357543945312,263.97705078125,23.359237294613845,7252258,"182,218,182",0.0,1841.4893798828125,162.38592529296875,327.7844543457031,23.35980508049265,7183475,"182,218,182",0.0,7712.95263671875,535.4625244140625,1095.6328125,23.35515200597366,87725,"182,218,182",5,119799,119799.0,1870.0,1870.0,135033,135033.0,1870,1870.0,2998,2998.0,15234,15234.0,0.00025896575447941514,15234.0,15234.0,2998.0,2998.0
BraTS-GLI-02269-101,02269,101,7223932,"182,218,182",0.0,4467.4287109375,170.96725463867188,357.42572021484375,23.188735349739485,7194828,"182,218,182",0.0,1926.283447265625,130.82852172851562,265.98626708984375,23.196088869291813,7212171,"182,218,182",0.0,1809.9287109375,150.42379760742188,301.7623291015625,23.196296595832838,7139320,"182,218,182",0.0,7238.3798828125,536.3160400390625,1116.40869140625,23.188001382627856,73063,"182,218,182",5,33374,33374.0,213.0,213.0,41951,41951.0,213,213.0,496,496.0,8577,8577.0,2.9497168825730172e-05,8577.0,8577.0,496.0,496.0
BraTS-GLI-02270-100,02270,100,7602293,"182,218,182",0.0,3787.4833984375,181.5870361328125,361.4622497558594,24.406331394182992,7566999,"182,218,182",0.0,3138.831787109375,139.6693572998047,271.957275390625,24.409447292298385,7635831,"182,218,182",0.0,2812.6435546875,156.64390563964844,312.2431945800781,24.4097935032001,7484177,"182,218,182",0.0,7262.61669921875,576.7306518554688,1166.1578369140625,24.23441690882965,78709,"182,218,182",4,77482,77482.0,4726.0,4726.0,78273,78273.0,4726,4726.0,0,0.0,791,791.0,0.000654477088593431,791.0,791.0,,
BraTS-GLI-02271-100,02271,100,6227465,"182,218,182",0.0,5829.01416015625,156.72994995117188,368.4999694824219,19.924686665285517,6213127,"182,218,182",0.0,2451.86279296875,114.04975128173828,252.9542999267578,19.933798936218537,6192797,"182,218,182",0.0,2239.59326171875,134.94967651367188,291.838134765625,19.933078817542977,6146565,"182,218,182",0.0,5953.919921875,353.779296875,780.2210693359375,19.922138553048928,63405,"182,218,182",5,15042,15042.0,788.0,788.0,22811,22811.0,788,788.0,115,115.0,7769,7769.0,0.00010912567621913322,7769.0,7769.0,115.0,115.0
BraTS-GLI-02273-100,02273,100,6564318,"182,218,182",0.0,39474.6015625,1495.8355712890625,3205.16943359375,21.182207750914273,6555636,"182,218,182",0.0,1725.800048828125,122.90797424316406,254.56289672851562,21.18540673964608,6593120,"182,218,182",0.0,1857.012451171875,149.0299072265625,316.21063232421875,21.184451197557358,6578698,"182,218,182",0.0,8410.6259765625,522.5574340820312,1136.27978515625,21.171766030118686,109461,"182,218,182",5,168791,168791.0,25273.0,25273.0,235011,235011.0,25273,25273.0,5805,5805.0,66220,66220.0,0.0034999152475712614,66220.0,66220.0,5805.0,5805.0
BraTS-GLI-02274-100,02274,100,5893586,"182,218,182",0.0,4782.8486328125,146.42645263671875,341.2104187011719,18.902159691301744,5882807,"182,218,182",0.0,1901.07373046875,107.1387939453125,241.37384033203125,18.906092647145172,5899783,"182,218,182",0.0,1803.7088623046875,120.09305572509766,269.3468017578125,18.907103582978166,5840865,"182,218,182",0.0,6660.1591796875,434.150390625,978.0972900390625,18.899597730629083,72091,"182,218,182",5,43515,43515.0,3.0,3.0,50661,50661.0,3,3.0,1335,1335.0,7146,7146.0,4.1545308205253763e-07,7146.0,7146.0,1335.0,1335.0
BraTS-GLI-02278-100,02278,100,7664414,"182,218,182",0.0,4860.49609375,192.5668487548828,386.5687255859375,24.692730900513943,7622681,"182,218,182",0.0,1892.3753662109375,138.77243041992188,264.6478271484375,24.698741121767636,7670370,"182,218,182",0.0,1780.9061279296875,160.13514709472656,309.18701171875,24.69905963579721,7573286,"182,218,182",0.0,6963.51318359375,592.9498291015625,1147.9415283203125,24.62447195913271,102946,"182,218,182",4,87831,87831.0,,,160673,160673.0,0,0.0,18459,18459.0,72842,72842.0,0.0,72842.0,72842.0,18459.0,18459.0
BraTS-GLI-02281-100,02281,100,6713811,"182,218,182",0.0,4908.025390625,169.60015869140625,369.2700500488281,21.613932745347203,6694524,"182,218,182",0.0,1918.0172119140625,124.52776336669922,258.1875,21.617741065266017,6704934,"182,218,182",0.0,1848.7642822265625,137.1954803466797,284.0478210449219,21.61799033711525,6664655,"182,218,182",0.0,7464.0283203125,520.70556640625,1094.2020263671875,21.611883176809076,270745,"182,218,182",5,28881,28881.0,51.0,51.0,33379,33379.0,51,51.0,840,840.0,4498,4498.0,7.06270239489314e-06,4498.0,4498.0,840.0,840.0
BraTS-GLI-02284-100,02284,100,7301805,"182,218,182",0.0,4316.416015625,183.55609130859375,373.4924621582031,23.474165465545646,7255757,"182,218,182",0.0,2000.0701904296875,139.73233032226562,272.7276306152344,23.475204098250778,7274635,"182,218,182",0.0,3512.853515625,164.6909942626953,329.18389892578125,23.475758035693513,7229041,"182,218,182",0.0,7636.57080078125,488.9681701660156,998.4054565429688,23.409811783135705,80102,"182,218,182",5,20475,20475.0,16800.0,16800.0,58760,58760.0,16800,16800.0,10139,10139.0,38285,38285.0,0.002326537259494211,38285.0,38285.0,10139.0,10139.0
BraTS-GLI-02285-100,02285,100,5897434,"182,218,182",0.0,5215.72509765625,143.75155639648438,341.2057800292969,18.778867064984617,5887426,"182,218,182",0.0,2265.3876953125,106.40056610107422,243.91473388671875,18.784392590975916,5894872,"182,218,182",0.0,2392.0947265625,117.06929779052734,266.4466552734375,18.78357553324788,5860163,"182,218,182",0.0,8884.7470703125,423.0503234863281,987.6940307617188,18.757498928131046,63832,"182,218,182",5,5769,5769.0,1810.0,1810.0,14689,14689.0,1810,1810.0,1470,1470.0,8920,8920.0,0.00025065669283836435,8920.0,8920.0,1470.0,1470.0
BraTS-GLI-02285-101,02285,101,5923110,"182,218,182",0.0,5357.7578125,145.51751708984375,342.0637512207031,18.903599928652856,5914098,"182,218,182",0.0,1855.8758544921875,107.72606658935547,244.31150817871094,18.907131279850304,5931625,"182,218,182",0.0,2211.29638671875,118.94308471679688,270.8492736816406,18.905441770649958,5896915,"182,218,182",0.0,6487.1103515625,417.8377380371094,968.0601196289062,18.895817107582406,66785,"182,218,182",5,26881,26881.0,1392.0,1392.0,32476,32476.0,1392,1392.0,1253,1253.0,5595,5595.0,0.00019277023007237748,5595.0,5595.0,1253.0,1253.0
BraTS-GLI-02285-102,02285,102,5935724,"182,218,182",0.0,5054.7783203125,143.35618591308594,336.7108154296875,18.935672906587314,5920177,"182,218,182",0.0,1736.874267578125,107.63021087646484,243.75616455078125,18.94000746707673,5943408,"182,218,182",0.0,2323.217041015625,119.01315307617188,271.1396484375,18.93831795787638,5908259,"182,218,182",0.0,6620.81982421875,420.45562744140625,979.1524658203125,18.921242836204023,67698,"182,218,182",5,29116,29116.0,1587.0,1587.0,35587,35587.0,1587,1587.0,1276,1276.0,6471,6471.0,0.00021977468040579242,6471.0,6471.0,1276.0,1276.0
BraTS-GLI-02285-103,02285,103,5909202,"182,218,182",0.0,5109.01904296875,146.23007202148438,345.1769104003906,18.84255602246327,5891500,"182,218,182",0.0,1961.4088134765625,107.53258514404297,243.63705444335938,18.845948889300036,5914106,"182,218,182",0.0,1704.956298828125,120.0437240600586,275.4114685058594,18.844577894129262,5878387,"182,218,182",0.0,6632.4326171875,429.9267883300781,1002.2828369140625,18.82837522392921,74307,"182,218,182",5,53294,53294.0,906.0,906.0,63324,63324.0,906,906.0,1455,1455.0,10030,10030.0,0.00012546683077986636,10030.0,10030.0,1455.0,1455.0
BraTS-GLI-02287-100,02287,100,6648127,"182,218,182",0.0,4593.4609375,162.80276489257812,356.4803466796875,21.301844390109338,6622083,"182,218,182",0.0,2015.401123046875,119.5591812133789,253.3164825439453,21.305389589742852,6659394,"182,218,182",0.0,1869.515380859375,141.09947204589844,301.7384948730469,21.305888133441314,6609018,"182,218,182",0.0,6858.001953125,470.6929931640625,1024.228271484375,21.29604189539667,80361,"182,218,182",5,60662,60662.0,5989.0,5989.0,77740,77740.0,5989,5989.0,1583,1583.0,17078,17078.0,0.0008293828361375493,17078.0,17078.0,1583.0,1583.0
BraTS-GLI-02287-101,02287,101,6693709,"182,218,182",0.0,3963.351318359375,166.3403778076172,360.00994873046875,21.44765457347371,6658096,"182,218,182",0.0,1693.8575439453125,121.27837371826172,255.1444091796875,21.449385627982263,6715284,"182,218,182",0.0,2906.6748046875,147.15609741210938,322.42156982421875,21.45016114040209,6645512,"182,218,182",0.0,7123.61669921875,491.4678649902344,1055.1619873046875,21.421259454327306,85756,"182,218,182",5,55983,55983.0,23033.0,23033.0,85610,85610.0,23033,23033.0,2642,2642.0,29627,29627.0,0.0031897102796387,29627.0,29627.0,2642.0,2642.0
BraTS-GLI-02288-100,02288,100,6552813,"182,218,182",0.0,4133.44482421875,153.33737182617188,330.96051025390625,21.030788950942192,6538452,"182,218,182",0.0,1883.0169677734375,120.01294708251953,253.45875549316406,21.03930573912427,6526452,"182,218,182",0.0,1420.259033203125,133.01483154296875,279.01214599609375,21.04001200936376,6484123,"182,218,182",0.0,6774.3349609375,468.9204406738281,995.6473999023438,21.022562979917552,72595,"182,218,182",5,51026,51026.0,5235.0,5235.0,56194,56194.0,5235,5235.0,853,853.0,5168,5168.0,0.0007249656281816782,5168.0,5168.0,853.0,853.0
BraTS-GLI-02289-100,02289,100,5966843,"182,218,182",0.0,3922.401611328125,137.39447021484375,322.461181640625,18.970280148322292,5952341,"182,218,182",0.0,1851.4754638671875,101.74274444580078,234.03280639648438,18.983879312541475,5947261,"182,218,182",0.0,1695.4586181640625,114.86217498779297,259.3138122558594,18.983477707895492,5872354,"182,218,182",0.0,6026.7109375,459.59039306640625,1041.1708984375,18.9772043663565,66044,"182,218,182",5,26766,26766.0,644.0,644.0,29032,29032.0,644,644.0,57,57.0,2266,2266.0,8.918392828061141e-05,2266.0,2266.0,57.0,57.0
BraTS-GLI-02289-101,02289,101,5969660,"182,218,182",0.0,4627.84814453125,141.89862060546875,336.4930725097656,19.010482158228907,5953503,"182,218,182",0.0,1942.5499267578125,103.16009521484375,234.70504760742188,19.020494577506373,5949259,"182,218,182",0.0,1507.5892333984375,117.38811492919922,264.2955322265625,19.020286850965345,5878884,"182,218,182",0.0,6476.03955078125,481.0682067871094,1080.0164794921875,19.016340046685848,73419,"182,218,182",4,53700,53700.0,,,62066,62066.0,0,0.0,2829,2829.0,8366,8366.0,0.0,8366.0,8366.0,2829.0,2829.0
BraTS-GLI-02289-102,02289,102,5985192,"182,218,182",0.0,4274.720703125,142.22857666015625,333.87371826171875,19.063992515197274,5968000,"182,218,182",0.0,1828.7294921875,103.08451080322266,234.61605834960938,19.072717029920376,5963895,"182,218,182",0.0,1594.348876953125,118.18866729736328,266.19305419921875,19.07171994252345,5900148,"182,218,182",0.0,6803.71630859375,496.67437744140625,1115.5682373046875,19.06874252876874,73909,"182,218,182",5,58196,58196.0,1.0,1.0,66643,66643.0,1,1.0,2179,2179.0,8447,8447.0,1.384843606841792e-07,8447.0,8447.0,2179.0,2179.0
BraTS-GLI-02290-100,02290,100,6940560,"182,218,182",0.0,5699.53759765625,165.7702178955078,371.8739318847656,22.147665319860096,6927477,"182,218,182",0.0,1950.67724609375,119.28584289550781,256.2269592285156,22.155323505005935,6895349,"182,218,182",0.0,2210.05615234375,132.39569091796875,275.117431640625,22.145449570089152,6770139,"182,218,182",0.0,4288.78759765625,328.8883056640625,671.0491333007812,22.14676517151565,80345,"182,218,182",4,22300,22300.0,,,62638,62638.0,0,0.0,15000,15000.0,40338,40338.0,0.0,40338.0,40338.0,15000.0,15000.0
BraTS-GLI-02290-101,02290,101,6855558,"182,218,182",0.0,6011.28271484375,169.53697204589844,385.8401794433594,21.879891960041167,6826693,"182,218,182",0.0,3871.2646484375,120.86553192138672,259.3411560058594,21.886040665655546,6794636,"182,218,182",0.0,3234.38525390625,136.89561462402344,285.40948486328125,21.883021706592633,6675224,"182,218,182",0.0,3840.389892578125,289.2857360839844,600.9601440429688,21.799847999565714,81397,"182,218,182",5,32957,32957.0,4294.0,4294.0,58057,58057.0,4294,4294.0,19181,19181.0,25100,25100.0,0.0005946518447778656,25100.0,25100.0,19181.0,19181.0
BraTS-GLI-02290-102,02290,102,6995989,"182,218,182",0.0,6319.7119140625,170.5298309326172,389.04559326171875,22.287105222632995,6970286,"182,218,182",0.0,2208.342529296875,120.24578094482422,256.51947021484375,22.298087032435255,6950687,"182,218,182",0.0,2385.640869140625,137.3011474609375,288.8628234863281,22.288600853728386,6793036,"182,218,182",0.0,3793.00341796875,318.0720520019531,634.72900390625,22.261831826808134,89273,"182,218,182",5,49197,49197.0,8814.0,8814.0,97763,97763.0,8814,8814.0,22433,22433.0,48566,48566.0,0.0012206011550703556,48566.0,48566.0,22433.0,22433.0
BraTS-GLI-02292-100,02292,100,6892463,"182,218,182",0.0,6620.4384765625,178.30003356933594,427.8939208984375,21.920190909000265,6859056,"182,218,182",0.0,2681.544189453125,121.46788024902344,258.29608154296875,21.929026211211916,6868772,"182,218,182",0.0,2319.94677734375,134.123291015625,289.37042236328125,21.924733196030704,6692672,"182,218,182",0.0,4763.537109375,340.08331298828125,707.2820434570312,21.80099741975939,104356,"182,218,182",5,116155,116155.0,18264.0,18264.0,155919,155919.0,18264,18264.0,5829,5829.0,39764,39764.0,0.0025292783635358492,39764.0,39764.0,5829.0,5829.0
BraTS-GLI-02300-100,02300,100,5709489,"182,218,182",0.0,5851.34814453125,150.29945373535156,380.91357421875,18.269950887906326,5719608,"182,218,182",0.0,2120.858154296875,104.79802703857422,243.04881286621094,18.273523784411978,5652379,"182,218,182",0.0,2105.577392578125,119.44013214111328,270.1829528808594,18.271017217483596,5580858,"182,218,182",0.0,3841.254150390625,232.80453491210938,521.2838134765625,18.236922367883153,77085,"182,218,182",5,80542,80542.0,1228.0,1228.0,92602,92602.0,1228,1228.0,2465,2465.0,12060,12060.0,0.00017005879492017206,12060.0,12060.0,2465.0,2465.0
BraTS-GLI-02300-101,02300,101,5741101,"182,218,182",0.0,5629.73291015625,144.7902374267578,363.56475830078125,18.26396836352477,5733555,"182,218,182",0.0,2212.783935546875,101.31918334960938,238.99952697753906,18.268372166194528,5703592,"182,218,182",0.0,2222.351806640625,127.42452239990234,293.9003601074219,18.26798440998461,5661347,"182,218,182",0.0,5454.328125,336.3404235839844,786.7568969726562,18.26162797782921,72454,"182,218,182",5,47203,47203.0,448.0,448.0,59876,59876.0,448,448.0,1258,1258.0,12673,12673.0,6.204099358651228e-05,12673.0,12673.0,1258.0,1258.0
BraTS-GLI-02300-102,02300,102,5753558,"182,218,182",0.0,5260.52978515625,135.50872802734375,335.5812072753906,18.28314844747953,5741879,"182,218,182",0.0,2298.23095703125,99.12818908691406,235.202880859375,18.288161581336297,5725388,"182,218,182",0.0,1613.34765625,116.76368713378906,268.3394470214844,18.28619510341458,5663959,"182,218,182",0.0,5735.82421875,383.01031494140625,904.76025390625,18.2802679727773,80876,"182,218,182",5,45576,45576.0,30296.0,30296.0,49870,49870.0,30296,30296.0,9622,9622.0,4294,4294.0,0.004195522191287894,4294.0,4294.0,9622.0,9622.0
BraTS-GLI-02302-100,02302,100,7529635,"182,218,182",0.0,4239.169921875,185.83729553222656,367.66253662109375,24.26132442011059,7497385,"182,218,182",0.0,2400.2841796875,137.77186584472656,268.81072998046875,24.2627646574617,7547062,"182,218,182",0.0,2385.269775390625,157.18191528320312,311.2158203125,24.262847748078116,7477933,"182,218,182",0.0,7814.86669921875,603.9532470703125,1210.284423828125,24.257003708057244,74949,"182,218,182",4,64583,64583.0,1769.0,1769.0,67071,67071.0,1769,1769.0,0,0.0,2488,2488.0,0.00024497883405031305,2488.0,2488.0,,
BraTS-GLI-02303-100,02303,100,6961737,"182,218,182",0.0,3567.267578125,168.8209228515625,346.2093200683594,22.56885165444496,6938649,"182,218,182",0.0,2196.568115234375,130.1675567626953,258.2960510253906,22.569613318428726,6974839,"182,218,182",0.0,2211.164794921875,164.77159118652344,341.68817138671875,22.57210603692104,6942925,"182,218,182",0.0,7572.85693359375,539.4937133789062,1120.8721923828125,22.564170883053837,85698,"182,218,182",5,31960,31960.0,37892.0,37892.0,79574,79574.0,37892,37892.0,24839,24839.0,47614,47614.0,0.005247449395044919,47614.0,47614.0,24839.0,24839.0
BraTS-GLI-02303-101,02303,101,6955640,"182,218,182",0.0,4330.1513671875,165.81121826171875,346.8090515136719,22.470472364614917,6931030,"182,218,182",0.0,2026.1939697265625,126.7465591430664,255.0072784423828,22.47223111599561,6942981,"182,218,182",0.0,2404.762939453125,152.2013397216797,304.2835998535156,22.47246653940877,6900867,"182,218,182",0.0,8059.2177734375,573.8417358398438,1208.8682861328125,22.4489934402728,92830,"182,218,182",5,39625,39625.0,108061.0,108061.0,81801,81801.0,108061,108061.0,332,332.0,42176,42176.0,0.01496475849989309,42176.0,42176.0,332.0,332.0
BraTS-GLI-02303-102,02303,102,6885231,"182,218,182",0.0,4282.16064453125,172.2153778076172,367.3589172363281,22.195996361738874,6873213,"182,218,182",0.0,3344.30810546875,129.89675903320312,265.7211608886719,22.199472319192047,6876373,"182,218,182",0.0,2495.3291015625,146.1162109375,295.09527587890625,22.199278441087092,6825636,"182,218,182",0.0,7767.73876953125,536.994873046875,1121.8590087890625,22.14011792220281,92420,"182,218,182",5,79003,79003.0,22608.0,22608.0,104220,104220.0,22608,22608.0,12401,12401.0,25217,25217.0,0.0031308544263479237,25217.0,25217.0,12401.0,12401.0
BraTS-GLI-02303-103,02303,103,6689287,"182,218,182",0.0,3730.792236328125,165.7876434326172,357.220703125,21.533833391127473,6654681,"182,218,182",0.0,1998.1424560546875,124.36054992675781,255.92962646484375,21.539802067072962,6691592,"182,218,182",0.0,2412.563232421875,154.36366271972656,324.4276428222656,21.540674518545273,6637751,"182,218,182",0.0,14526.7919921875,548.7283325195312,1145.50244140625,21.52711689963429,98487,"182,218,182",5,146477,146477.0,7125.0,7125.0,177887,177887.0,7125,7125.0,13822,13822.0,31410,31410.0,0.000986701069874777,31410.0,31410.0,13822.0,13822.0
BraTS-GLI-02306-100,02306,100,7016149,"182,218,182",0.0,5522.39111328125,185.735107421875,410.72308349609375,22.54139020572129,6996838,"182,218,182",0.0,2340.4453125,130.5470733642578,266.19525146484375,22.544658436633433,6930788,"182,218,182",0.0,2193.996826171875,149.78408813476562,297.6927795410156,22.54201338534437,6856366,"182,218,182",0.0,4464.8115234375,342.3536071777344,670.3475341796875,22.50863865441948,306446,"182,218,182",4,90409,90409.0,,,122169,122169.0,0,0.0,2058,2058.0,31760,31760.0,0.0,31760.0,31760.0,2058.0,2058.0
BraTS-GLI-02307-100,02307,100,7020456,"182,218,182",0.0,6254.75634765625,178.46153259277344,388.21185302734375,22.52655853069201,7013849,"182,218,182",0.0,2496.641845703125,129.23565673828125,267.18896484375,22.531073120850316,6939498,"182,218,182",0.0,2132.99462890625,143.3026580810547,283.9896545410156,22.528525008613727,6888310,"182,218,182",0.0,4339.76953125,306.39154052734375,614.23291015625,22.491618926491395,69055,"182,218,182",4,21790,21790.0,,,37709,37709.0,0,0.0,110,110.0,15919,15919.0,0.0,15919.0,15919.0,110.0,110.0
BraTS-GLI-02307-101,02307,101,7064772,"182,218,182",0.0,6239.18017578125,177.4522705078125,391.70013427734375,22.61849829775024,7049242,"182,218,182",0.0,2806.009521484375,129.04461669921875,267.4173889160156,22.62643345161744,6963152,"182,218,182",0.0,2742.14794921875,145.13575744628906,285.5804138183594,22.623774551892307,6941484,"182,218,182",0.0,4535.62548828125,318.7134704589844,641.1163330078125,22.614786916883904,75894,"182,218,182",5,18830,18830.0,30280.0,30280.0,29804,29804.0,30280,30280.0,531,531.0,10974,10974.0,0.004193306441516946,10974.0,10974.0,531.0,531.0
BraTS-GLI-02307-102,02307,102,7036161,"182,218,182",0.0,6216.71044921875,178.23622131347656,402.5467224121094,22.498695477322357,7013142,"182,218,182",0.0,2837.052978515625,126.60733032226562,263.88189697265625,22.502559190985444,6973478,"182,218,182",0.0,2617.05419921875,140.71954345703125,282.0806884765625,22.502116041031254,6918771,"182,218,182",0.0,4792.43017578125,308.6935729980469,628.2529907226562,22.48911235956301,84112,"182,218,182",5,48690,48690.0,33517.0,33517.0,55675,55675.0,33517,33517.0,855,855.0,6985,6985.0,0.004641580317051635,6985.0,6985.0,855.0,855.0
BraTS-GLI-02314-100,02314,100,6097837,"182,218,182",0.0,5708.16552734375,145.79083251953125,354.88360595703125,19.36523754499357,6086722,"182,218,182",0.0,2658.8330078125,106.42781829833984,244.93057250976562,19.369572105482984,6059740,"182,218,182",0.0,2440.130859375,123.93830108642578,274.8325500488281,19.36803492907939,5993864,"182,218,182",0.0,5725.7236328125,370.29071044921875,845.3139038085938,19.36314643114724,65951,"182,218,182",4,15309,15309.0,17158.0,17158.0,18645,18645.0,17158,17158.0,0,0.0,3336,3336.0,0.002376114660619147,3336.0,3336.0,,
BraTS-GLI-02315-100,02315,100,7061108,"182,218,182",0.0,5514.447265625,177.4589385986328,379.3005676269531,22.681300955320513,7042807,"182,218,182",0.0,2545.499755859375,130.3290252685547,267.4024658203125,22.68394600660958,7032348,"182,218,182",0.0,3335.617919921875,163.68360900878906,333.52020263671875,22.683918309737443,7019331,"182,218,182",0.0,6026.345703125,412.87646484375,869.9479370117188,22.66988984400014,82659,"182,218,182",5,24536,24536.0,1563.0,1563.0,60803,60803.0,1563,1563.0,34263,34263.0,36267,36267.0,0.00021645105574937212,36267.0,36267.0,34263.0,34263.0
BraTS-GLI-02317-100,02317,100,6952266,"182,218,182",0.0,5073.9306640625,166.76455688476562,364.9430236816406,22.242582500673034,6943735,"182,218,182",0.0,2962.110595703125,120.26018524169922,255.52008056640625,22.246335426847573,6940968,"182,218,182",0.0,3078.916015625,136.73719787597656,281.1429443359375,22.245532217555606,6836594,"182,218,182",0.0,5947.1796875,458.6375732421875,968.3604125976562,22.230589755037784,58947,"182,218,182",4,2045,2045.0,1064.0,1064.0,5603,5603.0,1064,1064.0,0,0.0,3558,3558.0,0.00014734735976796668,3558.0,3558.0,,
BraTS-GLI-02318-100,02318,100,6786223,"182,218,182",0.0,5498.3388671875,176.4878692626953,391.95855712890625,21.82147925670458,6741075,"182,218,182",0.0,2455.655517578125,126.55079650878906,261.070068359375,21.822684070642534,6719143,"182,218,182",0.0,2052.89990234375,164.20542907714844,341.71295166015625,21.82196395196698,6688704,"182,218,182",0.0,5708.78662109375,403.15521240234375,845.08935546875,21.808530968980612,95851,"182,218,182",5,90303,90303.0,18663.0,18663.0,150081,150081.0,18663,18663.0,8683,8683.0,59778,59778.0,0.002584533623448837,59778.0,59778.0,8683.0,8683.0
BraTS-GLI-02319-100,02319,100,5987178,"182,218,182",0.0,5885.84912109375,146.9907684326172,355.6443786621094,19.02855436729819,5967680,"182,218,182",0.0,2708.033203125,107.33201599121094,246.30184936523438,19.0357417056177,5954090,"182,218,182",0.0,2515.370361328125,124.45653533935547,279.340087890625,19.03434301357479,5885966,"182,218,182",0.0,5329.1962890625,344.0918273925781,785.4859619140625,19.029925362468965,80319,"182,218,182",5,65731,65731.0,3604.0,3604.0,78685,78685.0,3604,3604.0,1522,1522.0,12954,12954.0,0.0004990976359057819,12954.0,12954.0,1522.0,1522.0
BraTS-GLI-02326-100,02326,100,7048781,"182,218,182",0.0,5842.94677734375,188.0532989501953,423.70233154296875,22.56184434579434,7040634,"182,218,182",0.0,2454.03662109375,122.69347381591797,258.0190124511719,22.562772191010925,7023148,"182,218,182",0.0,2053.6025390625,138.7633819580078,283.72705078125,22.559462414790573,6940160,"182,218,182",0.0,6413.2451171875,505.05670166015625,1038.17431640625,22.55510015742902,74951,"182,218,182",5,18570,18570.0,11336.0,11336.0,49521,49521.0,11336,11336.0,2594,2594.0,30951,30951.0,0.0015698587127158557,30951.0,30951.0,2594.0,2594.0
BraTS-GLI-02327-100,02327,100,5615233,"182,218,182",0.0,4084.864013671875,141.3509521484375,335.2196044921875,17.9977044832373,5610349,"182,218,182",0.0,2127.103759765625,107.56462097167969,249.6075439453125,18.0008619266609,5610170,"182,218,182",0.0,3192.31103515625,121.24549102783203,291.80792236328125,18.001138895382265,5565075,"182,218,182",0.0,7073.787109375,387.57550048828125,897.5381469726562,17.919737788172103,66643,"182,218,182",5,4129,4129.0,20641.0,20641.0,18746,18746.0,20641,20641.0,56,56.0,14617,14617.0,0.0028584556888821434,14617.0,14617.0,56.0,56.0
BraTS-GLI-02329-100,02329,100,7997863,"182,218,182",0.0,4488.2236328125,194.14134216308594,377.1299133300781,25.81185071607493,7981724,"182,218,182",0.0,2145.563720703125,147.87112426757812,276.2053527832031,25.827347116035494,7968786,"182,218,182",0.0,3923.404052734375,165.669189453125,307.26690673828125,25.828178022199598,7916469,"182,218,182",0.0,7693.08740234375,633.6323852539062,1194.644775390625,25.73975575790275,60889,"182,218,182",4,2049,2049.0,5244.0,5244.0,5267,5267.0,5244,5244.0,0,0.0,3218,3218.0,0.0007262119874278358,3218.0,3218.0,,
BraTS-GLI-02330-100,02330,100,7844909,"182,218,182",0.0,3993.600341796875,196.51185607910156,370.1975402832031,25.51092420030821,7841683,"182,218,182",0.0,2172.087890625,152.28219604492188,280.9281921386719,25.51329228287591,7849134,"182,218,182",0.0,3133.76953125,172.44244384765625,321.4869079589844,25.514317067144976,7798181,"182,218,182",0.0,7159.91064453125,565.4074096679688,1060.1593017578125,25.394140338943245,74075,"182,218,182",5,24824,24824.0,5299.0,5299.0,42788,42788.0,5299,5299.0,3192,3192.0,17964,17964.0,0.0007338286272654657,17964.0,17964.0,3192.0,3192.0
BraTS-GLI-02331-100,02331,100,5578124,"182,218,182",0.0,5801.60595703125,135.2870330810547,328.02545166015625,17.83459760322347,5585702,"182,218,182",0.0,1828.1259765625,99.97877502441406,236.98248291015625,17.83742268418143,5606537,"182,218,182",0.0,1699.939453125,108.93744659423828,255.67205810546875,17.838073560676644,5556408,"182,218,182",0.0,7237.6103515625,443.1881408691406,1045.068359375,17.828531988225503,62736,"182,218,182",5,8700,8700.0,7716.0,7716.0,11120,11120.0,7716,7716.0,339,339.0,2420,2420.0,0.0010685453270391269,2420.0,2420.0,339.0,339.0
BraTS-GLI-02332-100,02332,100,6838792,"182,218,182",0.0,4545.64599609375,170.22035217285156,363.2891845703125,21.90236797178021,6811180,"182,218,182",0.0,1893.5570068359375,126.05514526367188,261.23388671875,21.905414627715263,6837251,"182,218,182",0.0,2676.33203125,147.48306274414062,305.68792724609375,21.9064948057286,6772439,"182,218,182",0.0,7245.51806640625,508.7648620605469,1077.830078125,21.802617686779396,76752,"182,218,182",4,36935,36935.0,,,55304,55304.0,0,0.0,4584,4584.0,18369,18369.0,0.0,18369.0,18369.0,4584.0,4584.0
BraTS-GLI-02333-100,02333,100,5709010,"182,218,182",0.0,4458.69189453125,145.13204956054688,345.9423522949219,18.227948581310816,5684485,"182,218,182",0.0,2005.99365234375,106.5405502319336,244.0401611328125,18.22965193894723,5699766,"182,218,182",0.0,2036.2686767578125,122.29426574707031,280.9554138183594,18.229707332691504,5655231,"182,218,182",0.0,7421.1083984375,414.29949951171875,953.10498046875,18.220068821187883,80395,"182,218,182",5,66878,66878.0,3867.0,3867.0,78147,78147.0,3867,3867.0,6289,6289.0,11269,11269.0,0.000535519022765721,11269.0,11269.0,6289.0,6289.0
BraTS-GLI-02334-100,02334,100,7121111,"182,218,182",0.0,3906.179443359375,171.39682006835938,353.1059265136719,22.932774705886917,7103676,"182,218,182",0.0,1783.7666015625,132.04379272460938,267.7047119140625,22.937040024195987,7135989,"182,218,182",0.0,4066.645263671875,154.71194458007812,314.8751220703125,22.936998478887784,7047972,"182,218,182",0.0,7364.7080078125,561.1198120117188,1157.09326171875,22.913746954728907,62318,"182,218,182",4,21884,21884.0,1852.0,1852.0,22320,22320.0,1852,1852.0,0,0.0,436,436.0,0.0002564730359870999,436.0,436.0,,
BraTS-GLI-02335-100,02335,100,6106188,"182,218,182",0.0,5031.88671875,147.44900512695312,345.8188171386719,19.430574466364366,6085771,"182,218,182",0.0,1761.1861572265625,109.043701171875,245.44070434570312,19.443010361953803,6085932,"182,218,182",0.0,3287.8681640625,123.44892120361328,277.4273986816406,19.44208251673722,6021765,"182,218,182",0.0,6817.73291015625,457.09613037109375,1025.9351806640625,19.43140537252847,66502,"182,218,182",4,22640,22640.0,6850.0,6850.0,28253,28253.0,6850,6850.0,0,0.0,5613,5613.0,0.0009486178706866276,5613.0,5613.0,,
BraTS-GLI-02335-101,02335,101,6098853,"182,218,182",0.0,4713.62255859375,145.5642547607422,338.47320556640625,19.40014945232205,6070274,"182,218,182",0.0,1652.976318359375,107.86940002441406,243.01158142089844,19.410591173117638,6079855,"182,218,182",0.0,2058.182373046875,121.20025634765625,270.53167724609375,19.40978796382567,6003978,"182,218,182",0.0,6678.60302734375,467.9522399902344,1048.61572265625,19.392865174950064,66259,"182,218,182",4,31712,31712.0,2136.0,2136.0,37863,37863.0,2136,2136.0,0,0.0,6151,6151.0,0.0002958025944214068,6151.0,6151.0,,
BraTS-GLI-02336-100,02336,100,6820625,"182,218,182",0.0,4125.05419921875,166.8760223388672,355.1314697265625,21.870544265694985,6800967,"182,218,182",0.0,1977.3848876953125,124.1010971069336,255.9364471435547,21.87551585424355,6823678,"182,218,182",0.0,3389.120849609375,144.25645446777344,317.16400146484375,21.87525273395825,6755609,"182,218,182",0.0,6527.7255859375,510.66546630859375,1068.6588134765625,21.82139616608817,71304,"182,218,182",4,28334,28334.0,25862.0,25862.0,36442,36442.0,25862,25862.0,0,0.0,8108,8108.0,0.003581482536014243,8108.0,8108.0,,
BraTS-GLI-02337-100,02337,100,6623193,"182,218,182",0.0,4975.36376953125,162.3994140625,359.38958740234375,21.210832468267693,6595962,"182,218,182",0.0,1470.6494140625,120.23221588134766,255.85128784179688,21.221855823378156,6630274,"182,218,182",0.0,2169.321533203125,138.50099182128906,296.0445251464844,21.22134343124362,6584684,"182,218,182",0.0,7546.923828125,488.6727294921875,1083.7677001953125,21.199504447563726,75674,"182,218,182",4,50978,50978.0,28625.0,28625.0,51161,51161.0,28625,28625.0,0,0.0,183,183.0,0.00396411482458463,183.0,183.0,,
BraTS-GLI-02338-100,02338,100,5893512,"182,218,182",0.0,4364.0263671875,143.3442840576172,336.6674499511719,18.824816175859628,5878521,"182,218,182",0.0,1725.1112060546875,105.63751983642578,243.21482849121094,18.83417771864188,5892201,"182,218,182",0.0,2631.342041015625,121.43614196777344,274.4745178222656,18.834620868596065,5849983,"182,218,182",0.0,6772.07080078125,385.9632568359375,899.8035278320312,18.827115016246985,66073,"182,218,182",4,10012,10012.0,,,22515,22515.0,0,0.0,3261,3261.0,12503,12503.0,0.0,12503.0,12503.0,3261.0,3261.0
BraTS-GLI-02339-100,02339,100,7227753,"182,218,182",0.0,4359.96533203125,172.42752075195312,355.0957946777344,23.19830461906276,7204432,"182,218,182",0.0,1951.091552734375,131.5261993408203,263.06005859375,23.20646134790706,7202050,"182,218,182",0.0,1904.185791015625,149.19129943847656,294.10723876953125,23.207292254071163,7145944,"182,218,182",0.0,6912.3798828125,545.8875122070312,1111.3773193359375,23.118496082000465,279232,"182,218,182",3,46978,46978.0,,,48893,48893.0,0,0.0,0,0.0,1915,1915.0,0.0,1915.0,1915.0,,
BraTS-GLI-02340-100,02340,100,5983675,"182,218,182",0.0,4475.0576171875,148.51942443847656,344.88641357421875,19.178408293994543,5959720,"182,218,182",0.0,3424.458984375,110.4602279663086,245.64186096191406,19.180596346893353,5974853,"182,218,182",0.0,2488.279052734375,129.63421630859375,291.0242919921875,19.184058455910456,5935275,"182,218,182",0.0,6604.85302734375,423.6831359863281,952.1087036132812,19.17105477444221,86691,"182,218,182",4,108299,108299.0,27959.0,27959.0,108532,108532.0,27959,27959.0,0,0.0,233,233.0,0.003871884240368967,233.0,233.0,,
BraTS-GLI-02341-100,02341,100,6963849,"182,218,182",0.0,4746.86865234375,176.61021423339844,370.7904052734375,22.442650856553467,6945017,"182,218,182",0.0,1704.76220703125,130.5229034423828,262.52197265625,22.44694387173468,6975449,"182,218,182",0.0,1985.9735107421875,152.62677001953125,312.20623779296875,22.44760859666596,6919842,"182,218,182",0.0,6317.33349609375,475.1851501464844,970.9056396484375,22.3859830561615,81694,"182,218,182",4,65680,65680.0,,,94573,94573.0,0,0.0,27224,27224.0,28893,28893.0,0.0,28893.0,28893.0,27224.0,27224.0
BraTS-GLI-02342-100,02342,100,6754064,"182,218,182",0.0,5033.44873046875,168.14024353027344,365.9513244628906,21.548346552127175,6705804,"182,218,182",0.0,2102.688232421875,124.27325439453125,258.9576110839844,21.55049305971778,6730845,"182,218,182",0.0,2395.47314453125,137.52159118652344,287.77838134765625,21.550922361235898,6666039,"182,218,182",0.0,6686.88818359375,478.81182861328125,1021.01123046875,21.523668639053252,71285,"182,218,182",5,16562,16562.0,32880.0,32880.0,22597,22597.0,32880,32880.0,370,370.0,6035,6035.0,0.004553365779295813,6035.0,6035.0,370.0,370.0
BraTS-GLI-02343-100,02343,100,7433835,"182,218,182",0.0,4402.994140625,188.03692626953125,400.0166320800781,23.781573049392385,7396694,"182,218,182",0.0,2771.16064453125,131.60372924804688,263.5867919921875,23.789660536056342,7401001,"182,218,182",0.0,3159.71923828125,155.93199157714844,308.73333740234375,23.79039450316797,7344408,"182,218,182",0.0,5913.8515625,530.4478149414062,1060.7105712890625,23.779606571470673,70508,"182,218,182",5,31896,31896.0,10999.0,10999.0,36080,36080.0,10999,10999.0,732,732.0,4184,4184.0,0.0015231894831652872,4184.0,4184.0,732.0,732.0
BraTS-GLI-02344-100,02344,100,5304677,"182,218,182",0.0,4273.859375,130.52183532714844,324.29510498046875,16.900575984152958,5289872,"182,218,182",0.0,1673.837646484375,97.81391906738281,236.0773162841797,16.902653249563222,5303317,"182,218,182",0.0,2094.015869140625,108.4954605102539,259.0302734375,16.902127008992622,5277871,"182,218,182",0.0,6531.5048828125,371.19110107421875,897.099853515625,16.896144484611064,61961,"182,218,182",4,8848,8848.0,,,14283,14283.0,0,0.0,1082,1082.0,5435,5435.0,0.0,5435.0,5435.0,1082.0,1082.0
BraTS-GLI-02345-100,02345,100,6785810,"182,218,182",0.0,4540.45556640625,163.85562133789062,352.5589904785156,21.805775130202996,6772714,"182,218,182",0.0,2678.55419921875,124.14691925048828,257.5953674316406,21.814153434024387,6788286,"182,218,182",0.0,2658.218994140625,141.1961669921875,291.02252197265625,21.813848768430883,6724782,"182,218,182",0.0,7218.99072265625,516.2886352539062,1079.3087158203125,21.8050273146553,70698,"182,218,182",4,42760,42760.0,,,51818,51818.0,0,0.0,1846,1846.0,9058,9058.0,0.0,9058.0,9058.0,1846.0,1846.0
BraTS-GLI-02346-100,02346,100,6873885,"182,218,182",0.0,4674.38037109375,172.51434326171875,365.99261474609375,22.092022303737195,6837904,"182,218,182",0.0,1944.3804931640625,131.10826110839844,268.1960754394531,22.096744620436525,6872662,"182,218,182",0.0,4002.02783203125,154.32321166992188,330.6494445800781,22.09757552660063,6829332,"182,218,182",0.0,6808.375,484.56695556640625,1012.5970458984375,22.05949232741248,63643,"182,218,182",4,687,687.0,24373.0,24373.0,5975,5975.0,24373,24373.0,0,0.0,5288,5288.0,0.0033752793229555,5288.0,5288.0,,
BraTS-GLI-02347-100,02347,100,6335462,"182,218,182",0.0,4256.84619140625,157.69610595703125,350.5920104980469,20.3455129405326,6320262,"182,218,182",0.0,1787.9786376953125,118.85520935058594,253.5829620361328,20.34961207760885,6329759,"182,218,182",0.0,3025.484375,136.30938720703125,292.3337707519531,20.349376654195687,6297626,"182,218,182",0.0,6736.96728515625,434.2222900390625,936.3245849609375,20.325875858187583,76682,"182,218,182",4,46887,46887.0,,,70970,70970.0,0,0.0,10304,10304.0,24083,24083.0,0.0,24083.0,24083.0,10304.0,10304.0
BraTS-GLI-02348-100,02348,100,7067543,"182,218,182",0.0,4049.233642578125,169.18763732910156,362.3329772949219,22.608693605013798,7023673,"182,218,182",0.0,1974.509033203125,127.60375213623047,262.2598876953125,22.61718269632374,7059744,"182,218,182",0.0,2408.670654296875,151.34556579589844,309.7930908203125,22.616684152625275,6975051,"182,218,182",0.0,7167.3876953125,524.9075317382812,1113.180908203125,22.584140327864493,74403,"182,218,182",5,11940,11940.0,28215.0,28215.0,28319,28319.0,28215,28215.0,175,175.0,16379,16379.0,0.003907336236704116,16379.0,16379.0,175.0,175.0
BraTS-GLI-02352-100,02352,100,6511236,"182,218,182",0.0,5017.02978515625,158.16468811035156,348.0614318847656,20.897331572550847,6494067,"182,218,182",0.0,1894.24365234375,119.2489242553711,254.504638671875,20.903604914089843,6506914,"182,218,182",0.0,2528.5009765625,138.69696044921875,294.7316589355469,20.903480278165226,6450332,"182,218,182",0.0,6298.91845703125,445.206298828125,966.9830932617188,20.860674762277746,287397,"182,218,182",5,69084,69084.0,443.0,443.0,70731,70731.0,443,443.0,126,126.0,1647,1647.0,6.13485717830914e-05,1647.0,1647.0,126.0,126.0
BraTS-GLI-02354-100,02354,100,6938609,"182,218,182",0.0,3813.595703125,170.26927185058594,366.1510009765625,22.244992128548937,6900893,"182,218,182",0.0,2080.85009765625,125.34648132324219,260.0008544921875,22.251057743546905,6932851,"182,218,182",0.0,3579.019775390625,146.77154541015625,319.39031982421875,22.251514741937164,6841713,"182,218,182",0.0,6564.263671875,521.1449584960938,1085.37890625,22.244313555181584,74010,"182,218,182",4,23922,23922.0,26198.0,26198.0,37310,37310.0,26198,26198.0,0,0.0,13388,13388.0,0.003628013281204127,13388.0,13388.0,,
BraTS-GLI-02355-100,02355,100,5912912,"182,218,182",0.0,4708.115234375,149.4218292236328,360.9958801269531,18.930188925904222,5880371,"182,218,182",0.0,1751.6407470703125,108.0135269165039,242.0548858642578,18.933290975583546,5913000,"182,218,182",0.0,1836.5543212890625,138.8513641357422,322.8865966796875,18.934495789521495,5882158,"182,218,182",0.0,6550.38330078125,413.8642578125,944.964599609375,18.926726816887115,89809,"182,218,182",5,125760,125760.0,5654.0,5654.0,162844,162844.0,5654,5654.0,379,379.0,37084,37084.0,0.0007829905753083493,37084.0,37084.0,379.0,379.0
BraTS-GLI-02358-100,02358,100,7018523,"182,218,182",0.0,4213.52294921875,170.5181121826172,357.57440185546875,22.53382895962793,6994557,"182,218,182",0.0,1907.2818603515625,126.9305191040039,257.7181701660156,22.538426640402644,7009095,"182,218,182",0.0,2320.058349609375,145.8766326904297,296.9872131347656,22.53802503575666,6932674,"182,218,182",0.0,6807.6533203125,552.5045166015625,1126.3988037109375,22.52907894605646,80938,"182,218,182",4,58365,58365.0,,,86645,86645.0,0,0.0,11387,11387.0,28280,28280.0,0.0,28280.0,28280.0,11387.0,11387.0
BraTS-GLI-02358-101,02358,101,7014464,"182,218,182",0.0,4400.94189453125,166.40579223632812,352.4300231933594,22.477064220183486,6987162,"182,218,182",0.0,1825.51611328125,124.95054626464844,255.80667114257812,22.48440389129975,7004344,"182,218,182",0.0,1731.478271484375,138.5586700439453,282.7096252441406,22.482852866460085,6897482,"182,218,182",0.0,6521.52880859375,556.0396118164062,1141.086181640625,22.416948159210484,69077,"182,218,182",4,14583,14583.0,,,28650,28650.0,0,0.0,10511,10511.0,14067,14067.0,0.0,14067.0,14067.0,10511.0,10511.0
BraTS-GLI-02360-100,02360,100,6297368,"182,218,182",0.0,4347.31005859375,159.23590087890625,357.5217590332031,20.087308850036948,6263933,"182,218,182",0.0,1935.6002197265625,118.43690490722656,256.05657958984375,20.089067601417636,6274186,"182,218,182",0.0,2728.9365234375,129.73757934570312,283.9882507324219,20.089081449853705,6206139,"182,218,182",0.0,11847.2548828125,445.37109375,964.5535278320312,20.04885174307495,291134,"182,218,182",4,67197,67197.0,4061.0,4061.0,69648,69648.0,4061,4061.0,0,0.0,2451,2451.0,0.0005623849887384518,2451.0,2451.0,,
BraTS-GLI-02361-100,02361,100,7110017,"182,218,182",0.0,4597.75390625,170.7739715576172,347.41412353515625,22.913179168850103,7095926,"182,218,182",0.0,1591.4739990234375,133.8799591064453,267.1103515625,22.919120147923454,7116599,"182,218,182",0.0,1840.28759765625,150.3516082763672,299.2314758300781,22.91880163389388,7072340,"182,218,182",0.0,6731.4423828125,474.9053955078125,969.5018920898438,22.893888297406797,61598,"182,218,182",4,12992,12992.0,310.0,310.0,15690,15690.0,310,310.0,0,0.0,2698,2698.0,4.293015181209556e-05,2698.0,2698.0,,
BraTS-GLI-02362-100,02362,100,7234442,"182,218,182",0.0,4871.14453125,183.61363220214844,388.8858947753906,23.233064193594487,7211630,"182,218,182",0.0,2136.203857421875,130.29559326171875,261.9022521972656,23.236775574460825,7229821,"182,218,182",0.0,2468.498779296875,150.29161071777344,301.7157897949219,23.23759263218886,7181078,"182,218,182",0.0,7875.43896484375,541.7788696289062,1130.798583984375,23.212679295701776,78459,"182,218,182",4,49617,49617.0,5518.0,5518.0,81194,81194.0,5518,5518.0,0,0.0,31577,31577.0,0.0007641567022553009,31577.0,31577.0,,
BraTS-GLI-02363-100,02363,100,7097972,"182,218,182",0.0,4770.4130859375,173.97840881347656,365.1612854003906,22.866080637781412,7074783,"182,218,182",0.0,1841.517822265625,131.95877075195312,265.7605895996094,22.87785180843957,7091225,"182,218,182",0.0,2772.88818359375,150.8106231689453,304.2005615234375,22.876813175734437,7052874,"182,218,182",0.0,7182.94775390625,510.0929260253906,1044.74462890625,22.869487353054243,65408,"182,218,182",4,6775,6775.0,14856.0,14856.0,11331,11331.0,14856,14856.0,0,0.0,4556,4556.0,0.0020573236623241662,4556.0,4556.0,,
BraTS-GLI-02365-100,02365,100,6948250,"182,218,182",0.0,4928.8203125,185.04949951171875,407.3408508300781,22.330381585346803,6898608,"182,218,182",0.0,1855.0416259765625,132.3863983154297,265.93634033203125,22.332140336727495,6932550,"182,218,182",0.0,2507.510986328125,156.3808135986328,321.3341064453125,22.334023724032797,6911878,"182,218,182",0.0,7038.38818359375,485.56317138671875,1003.0887451171875,22.313943491733593,94599,"182,218,182",4,79861,79861.0,,,141770,141770.0,0,0.0,28947,28947.0,61909,61909.0,0.0,61909.0,61909.0,28947.0,28947.0
BraTS-GLI-02368-100,02368,100,7084086,"182,218,182",0.0,4308.1318359375,168.22230529785156,360.7637023925781,22.638647772229785,7053667,"182,218,182",0.0,2121.011962890625,126.13795471191406,259.110107421875,22.647164560411863,7064964,"182,218,182",0.0,1923.3616943359375,140.61578369140625,286.7794189453125,22.64737228695289,6991633,"182,218,182",0.0,7593.60791015625,555.988037109375,1153.792724609375,22.642442243712534,63701,"182,218,182",4,10873,10873.0,9542.0,9542.0,11561,11561.0,9542,9542.0,0,0.0,688,688.0,0.0013214177696484382,688.0,688.0,,
BraTS-GLI-02369-100,02369,100,6302909,"182,218,182",0.0,4440.16455078125,154.04498291015625,349.63262939453125,20.21010293265561,6270146,"182,218,182",0.0,2217.954345703125,116.22169494628906,253.298828125,20.215489974286225,6274421,"182,218,182",0.0,2806.79248046875,137.11715698242188,296.8614196777344,20.215489974286225,6238382,"182,218,182",0.0,8200.5908203125,485.2335510253906,1080.0594482421875,20.211792441855955,67571,"182,218,182",4,4919,4919.0,33682.0,33682.0,9725,9725.0,33682,33682.0,0,0.0,4806,4806.0,0.004664430236564525,4806.0,4806.0,,
BraTS-GLI-02372-100,02372,100,6679817,"182,218,182",0.0,6600.95068359375,173.1427459716797,412.0654602050781,21.382206864614364,6671268,"182,218,182",0.0,2106.56884765625,120.8940200805664,258.1572570800781,21.389685020091314,6628998,"182,218,182",0.0,2038.32666015625,143.96739196777344,303.69024658203125,21.384838067467367,6551039,"182,218,182",0.0,3883.31298828125,291.3419189453125,600.5784301757812,21.381874502148722,96768,"182,218,182",5,127756,127756.0,9850.0,9850.0,147819,147819.0,9850,9850.0,3256,3256.0,20063,20063.0,0.0013640709527391653,20063.0,20063.0,3256.0,3256.0
BraTS-GLI-02375-100,02375,100,5903364,"182,218,182",0.0,7031.90283203125,156.92138671875,420.1315612792969,18.758482167091906,5906992,"182,218,182",0.0,2130.852294921875,105.28482818603516,245.15390014648438,18.763896905594656,5854883,"182,218,182",0.0,2240.49169921875,119.13386535644531,272.3523864746094,18.756307962629165,5703974,"182,218,182",0.0,4259.81201171875,282.97259521484375,634.5724487304688,18.57507347980178,79767,"182,218,182",4,79133,79133.0,,,97189,97189.0,0,0.0,74,74.0,18056,18056.0,0.0,18056.0,18056.0,74.0,74.0
BraTS-GLI-02375-101,02375,101,5809291,"182,218,182",0.0,7289.322265625,146.4674835205078,388.6741027832031,18.40281278354673,5817520,"182,218,182",0.0,2181.7900390625,100.76658630371094,240.6510467529297,18.4065518612852,5776563,"182,218,182",0.0,2451.00390625,111.6208267211914,259.34747314453125,18.401552575864503,5655058,"182,218,182",0.0,3816.95556640625,259.5482177734375,593.3605346679688,18.340093216592866,79652,"182,218,182",5,48588,48588.0,2932.0,2932.0,59498,59498.0,2932,2932.0,5174,5174.0,10910,10910.0,0.00040603614552601347,10910.0,10910.0,5174.0,5174.0
BraTS-GLI-02377-100,02377,100,8050224,"182,218,182",0.0,5513.55419921875,199.94493103027344,407.5430908203125,25.98262962967066,8046264,"182,218,182",0.0,2520.689208984375,147.74392700195312,280.4254150390625,25.98736579480606,7993131,"182,218,182",0.0,2355.12158203125,174.31076049804688,327.7501220703125,25.981327876680233,7785847,"182,218,182",0.0,3940.18994140625,344.7787780761719,635.8059692382812,25.66915643082595,98743,"182,218,182",4,181435,181435.0,,,221254,221254.0,0,0.0,334,334.0,39819,39819.0,0.0,39819.0,39819.0,334.0,334.0
BraTS-GLI-02378-100,02378,100,6731804,"182,218,182",0.0,6111.38330078125,179.75086975097656,408.68701171875,21.646019571717726,6712736,"182,218,182",0.0,2343.433837890625,128.3952178955078,267.1900329589844,21.648747713623205,6643456,"182,218,182",0.0,3432.798828125,144.85223388671875,295.4925231933594,21.64723823409175,6516459,"182,218,182",0.0,4020.12841796875,273.69293212890625,554.1429443359375,21.4547172758686,77204,"182,218,182",5,46176,46176.0,8923.0,8923.0,72691,72691.0,8923,8923.0,2229,2229.0,26515,26515.0,0.001235695950384931,26515.0,26515.0,2229.0,2229.0
BraTS-GLI-02378-101,02378,101,6707219,"182,218,182",0.0,6412.38134765625,174.8508758544922,398.79437255859375,21.577788327208633,6705954,"182,218,182",0.0,2076.78857421875,124.73357391357422,261.646728515625,21.582316765803004,6645285,"182,218,182",0.0,2493.088134765625,136.8976593017578,278.95123291015625,21.576721997631363,6566066,"182,218,182",0.0,3883.365234375,278.687255859375,564.719482421875,21.572055074676307,76074,"182,218,182",5,40708,40708.0,3290.0,3290.0,53690,53690.0,3290,3290.0,4309,4309.0,12982,12982.0,0.0004556135466509496,12982.0,12982.0,4309.0,4309.0
BraTS-GLI-02378-102,02378,102,6649861,"182,218,182",0.0,6423.64306640625,170.81466674804688,396.94793701171875,21.359384641973612,6642873,"182,218,182",0.0,1678.2840576171875,122.14888000488281,259.0043640136719,21.362362055728322,6613159,"182,218,182",0.0,1984.4095458984375,136.7351531982422,283.88153076171875,21.359481581026092,6428374,"182,218,182",0.0,3252.533935546875,247.4884796142578,505.77593994140625,21.13323968097635,92753,"182,218,182",5,132109,132109.0,7111.0,7111.0,134546,134546.0,7111,7111.0,2939,2939.0,2437,2437.0,0.0009847622888251985,2437.0,2437.0,2939.0,2939.0
BraTS-GLI-02379-100,02379,100,6757455,"182,218,182",0.0,6695.48193359375,175.92234802246094,423.6002197265625,21.568828389072365,6734926,"182,218,182",0.0,3314.729248046875,121.94754028320312,260.0923156738281,21.575849546159056,6711285,"182,218,182",0.0,4455.56103515625,139.23793029785156,314.64752197265625,21.570836412302285,6558744,"182,218,182",0.0,3998.168701171875,271.0550537109375,561.3995971679688,21.45324934164535,76994,"182,218,182",5,31090,31090.0,14104.0,14104.0,52336,52336.0,14104,14104.0,8016,8016.0,21246,21246.0,0.001953183423089664,21246.0,21246.0,8016.0,8016.0
BraTS-GLI-02379-101,02379,101,6856906,"182,218,182",0.0,8074.36669921875,180.4212646484375,431.14599609375,21.92739209575584,6817266,"182,218,182",0.0,3443.21044921875,122.6851806640625,256.8797607421875,21.928915423723367,6801623,"182,218,182",0.0,2565.655029296875,148.0469512939453,309.6801452636719,21.925093255368484,6610694,"182,218,182",0.0,4059.09619140625,294.5470886230469,599.16259765625,21.659230979727,98161,"182,218,182",5,162626,162626.0,3905.0,3905.0,191912,191912.0,3905,3905.0,12053,12053.0,29286,29286.0,0.0005407814284717199,29286.0,29286.0,12053.0,12053.0
BraTS-GLI-02380-100,02380,100,6440632,"182,218,182",0.0,5888.57177734375,157.8527069091797,384.8486328125,20.476006753605304,6421072,"182,218,182",0.0,4588.27880859375,108.26490020751953,245.4268035888672,20.478416381481207,6383740,"182,218,182",0.0,4913.03515625,134.2657470703125,296.0827941894531,20.476962295694022,6281422,"182,218,182",0.0,3563.80419921875,272.70050048828125,578.8814086914062,20.429226736566186,82576,"182,218,182",4,42609,42609.0,20631.0,20631.0,64060,64060.0,20631,20631.0,0,0.0,21451,21451.0,0.0028570708452753013,21451.0,21451.0,,
BraTS-GLI-02381-100,02381,100,6472251,"182,218,182",0.0,5686.64306640625,172.83908081054688,420.7821350097656,20.617191559322823,6447101,"182,218,182",0.0,2516.868896484375,117.50836944580078,256.2148742675781,20.625306742858914,6426542,"182,218,182",0.0,2208.622314453125,129.95880126953125,281.6195068359375,20.62095833393343,6324450,"182,218,182",0.0,3807.9765625,273.0894470214844,580.0468139648438,20.602733792067394,90880,"182,218,182",5,62320,62320.0,4691.0,4691.0,126874,126874.0,4691,4691.0,13913,13913.0,64554,64554.0,0.0006496301359694847,64554.0,64554.0,13913.0,13913.0
BraTS-GLI-02382-100,02382,100,6584033,"182,218,182",0.0,5828.24072265625,171.6173553466797,401.94219970703125,21.065451586421442,6564030,"182,218,182",0.0,2191.23388671875,121.14927673339844,259.65936279296875,21.071627988907956,6514595,"182,218,182",0.0,2257.1552734375,139.13638305664062,291.18121337890625,21.06895524074675,6441248,"182,218,182",0.0,3918.23681640625,275.1014709472656,571.1865234375,21.05611774051133,78607,"182,218,182",5,57797,57797.0,4920.0,4920.0,81323,81323.0,4920,4920.0,1072,1072.0,23526,23526.0,0.0006813430545661618,23526.0,23526.0,1072.0,1072.0
BraTS-GLI-02383-100,02383,100,6680847,"182,218,182",0.0,7546.09716796875,175.83041381835938,431.6806945800781,21.321799986483928,6660961,"182,218,182",0.0,2583.54541015625,120.04531860351562,258.3385925292969,21.331106135521903,6632291,"182,218,182",0.0,2065.9970703125,125.80325317382812,267.2078857421875,21.32628687977009,6451708,"182,218,182",0.0,4894.5947265625,330.2840270996094,688.0130615234375,21.19258022952952,87461,"182,218,182",4,63305,63305.0,,,86826,86826.0,0,0.0,9533,9533.0,23521,23521.0,0.0,23521.0,23521.0,9533.0,9533.0
BraTS-GLI-02384-100,02384,100,5907398,"182,218,182",0.0,5707.49267578125,150.34242248535156,356.5331115722656,18.953523540679505,5917371,"182,218,182",0.0,2561.371826171875,110.32203674316406,250.82496643066406,18.954479082768223,5876200,"182,218,182",0.0,2751.679443359375,118.97136688232422,263.41064453125,18.953191178213864,5795577,"182,218,182",0.0,3708.05615234375,246.5798797607422,543.2660522460938,18.94867658805556,78289,"182,218,182",4,61808,61808.0,3071.0,3071.0,67473,67473.0,3071,3071.0,0,0.0,5665,5665.0,0.00042528547166111437,5665.0,5665.0,,
BraTS-GLI-02385-100,02385,100,7060639,"182,218,182",0.0,6248.96875,187.69271850585938,426.83209228515625,22.55935162730203,7037305,"182,218,182",0.0,2747.2216796875,126.16153717041016,262.9161071777344,22.564932547037596,7016810,"182,218,182",0.0,3171.373046875,165.3922882080078,352.5414123535156,22.565334151683583,6905316,"182,218,182",0.0,4341.6103515625,314.0076599121094,635.570556640625,22.557025090042533,106991,"182,218,182",4,83777,83777.0,,,192787,192787.0,0,0.0,17436,17436.0,109010,109010.0,0.0,109010.0,109010.0,17436.0,17436.0
BraTS-GLI-02386-100,02386,100,6843791,"182,218,182",0.0,5450.30712890625,174.521240234375,388.0737609863281,22.02685156359922,6851807,"182,218,182",0.0,2371.17578125,128.0541229248047,266.0521240234375,22.035105231495997,6779602,"182,218,182",0.0,2084.757568359375,137.92538452148438,278.2989501953125,22.02704544170418,6689280,"182,218,182",0.0,3555.9326171875,277.2806396484375,555.0885620117188,21.97400593156214,62563,"182,218,182",4,16087,16087.0,86.0,86.0,20251,20251.0,86,86.0,0,0.0,4164,4164.0,1.1909655018839413e-05,4164.0,4164.0,,
BraTS-GLI-02387-100,02387,100,6887245,"182,218,182",0.0,6374.4677734375,171.88046264648438,379.0283508300781,22.100414455994656,6898726,"182,218,182",0.0,3276.74658203125,123.20451354980469,261.3646545410156,22.10149463400799,6871795,"182,218,182",0.0,2746.939453125,134.63967895507812,280.93206787109375,22.095886017400282,6733616,"182,218,182",0.0,3503.91552734375,282.8987121582031,574.4428100585938,22.0881170447659,77945,"182,218,182",5,58586,58586.0,5710.0,5710.0,80427,80427.0,5710,5710.0,2342,2342.0,21841,21841.0,0.0007907456995066633,21841.0,21841.0,2342.0,2342.0
BraTS-GLI-02388-100,02388,100,6899411,"182,218,182",0.0,5793.6083984375,171.08584594726562,377.2823791503906,22.073728519690814,6881077,"182,218,182",0.0,2395.679931640625,125.16336059570312,260.9002990722656,22.078977076960747,6832644,"182,218,182",0.0,2525.508544921875,135.9143524169922,278.05224609375,22.074434789930304,6736236,"182,218,182",0.0,4241.62451171875,311.7249755859375,632.58056640625,22.053842165496565,88790,"182,218,182",4,79696,79696.0,,,106045,106045.0,0,0.0,5639,5639.0,26349,26349.0,0.0,26349.0,26349.0,5639.0,5639.0
BraTS-GLI-02388-101,02388,101,6951305,"182,218,182",0.0,6231.86572265625,176.76861572265625,440.1190185546875,21.99602494491092,6913383,"182,218,182",0.0,3305.560546875,121.4923324584961,270.9632263183594,22.016285206879015,6917250,"182,218,182",0.0,2712.1669921875,121.66972351074219,268.61212158203125,22.00941638258908,6782567,"182,218,182",0.0,4367.30517578125,299.32611083984375,643.2300415039062,21.834732210022057,79895,"182,218,182",5,69183,69183.0,5927.0,5927.0,76687,76687.0,5927,5927.0,342,342.0,7504,7504.0,0.0008207968057751302,7504.0,7504.0,342.0,342.0
BraTS-GLI-02389-100,02389,100,7328194,"182,218,182",0.0,5601.5546875,182.41725158691406,395.9212341308594,23.58799961002804,7334910,"182,218,182",0.0,2595.299560546875,134.37559509277344,272.78167724609375,23.596073248255927,7273281,"182,218,182",0.0,2157.425537109375,147.513916015625,286.7225341796875,23.591904868999332,7156590,"182,218,182",0.0,3632.3623046875,281.632568359375,539.577392578125,23.592652684547026,63019,"182,218,182",4,13698,13698.0,4089.0,4089.0,13931,13931.0,4089,4089.0,0,0.0,233,233.0,0.0005662625508376088,233.0,233.0,,
BraTS-GLI-02390-100,02390,100,7025622,"182,218,182",0.0,6173.3515625,172.9671630859375,372.852294921875,22.535740043805372,7028969,"182,218,182",0.0,2212.15185546875,127.92363739013672,265.2042541503906,22.536709434330163,6991380,"182,218,182",0.0,2236.382568359375,138.43763732910156,277.7650146484375,22.53543537821187,6888560,"182,218,182",0.0,3520.955078125,273.5754089355469,548.4087524414062,22.494762521478926,61043,"182,218,182",4,8929,8929.0,2929.0,2929.0,9353,9353.0,2929,2929.0,0,0.0,424,424.0,0.00040562069244396093,424.0,424.0,,
BraTS-GLI-02390-101,02390,101,6990095,"182,218,182",0.0,5371.00830078125,170.30441284179688,366.55029296875,22.409497700605673,6991726,"182,218,182",0.0,2629.27978515625,127.25398254394531,264.7305603027344,22.411297997294568,6963572,"182,218,182",0.0,1959.9754638671875,137.44862365722656,277.41650390625,22.40973312401884,6865464,"182,218,182",0.0,4954.83349609375,346.73577880859375,700.228515625,22.397948104924616,264539,"182,218,182",4,13758,13758.0,3031.0,3031.0,13917,13917.0,3031,3031.0,0,0.0,159,159.0,0.0004197460972337472,159.0,159.0,,
BraTS-GLI-02390-102,02390,102,6992597,"182,218,182",0.0,6052.1435546875,173.84226989746094,375.1324462890625,22.437665419568837,6998749,"182,218,182",0.0,1724.289794921875,126.62113189697266,263.1899719238281,22.438316296064052,6994237,"182,218,182",0.0,2095.0166015625,136.38784790039062,277.3984069824219,22.436460605630884,6893979,"182,218,182",0.0,5065.81396484375,365.6163024902344,752.6998291015625,22.413596837681926,264995,"182,218,182",4,16614,16614.0,3075.0,3075.0,16692,16692.0,3075,3075.0,0,0.0,78,78.0,0.00042583940910385107,78.0,78.0,,
BraTS-GLI-02393-100,02393,100,5854205,"182,218,182",0.0,6167.65380859375,147.94776916503906,371.9757995605469,18.570475799027065,5853393,"182,218,182",0.0,2652.12158203125,102.58756256103516,242.08396911621094,18.578452498202473,5805596,"182,218,182",0.0,3160.01318359375,111.40258026123047,257.3034973144531,18.573453212781775,5702761,"182,218,182",0.0,3810.9111328125,230.677490234375,526.2811889648438,18.50007035005523,64495,"182,218,182",5,9924,9924.0,8444.0,8444.0,17461,17461.0,8444,8444.0,504,504.0,7537,7537.0,0.0011693619416172094,7537.0,7537.0,504.0,504.0
BraTS-GLI-02394-100,02394,100,6832382,"182,218,182",0.0,6284.8369140625,182.423583984375,433.4375915527344,21.75089377806386,6794800,"182,218,182",0.0,3178.162353515625,121.90489196777344,261.3304748535156,21.76346815801398,6759455,"182,218,182",0.0,2426.4404296875,128.84600830078125,270.3478088378906,21.757804147661997,6651841,"182,218,182",0.0,3590.76171875,281.5528869628906,576.5553588867188,21.756862454009344,79916,"182,218,182",5,32927,32927.0,24158.0,24158.0,53798,53798.0,24158,24158.0,530,530.0,20871,20871.0,0.0033455051854084017,20871.0,20871.0,530.0,530.0
BraTS-GLI-02498-100,02498,100,6720019,"182,218,182",0.0,1288.04833984375,75.40719604492188,135.36122131347656,26.427607577421064,6856619,"182,218,182",0.0,616.6065673828125,65.18192291259766,117.90630340576172,26.772849088606726,6665312,"182,218,182",0.0,716.753662109375,83.27146911621094,148.8224334716797,26.252258679922758,6754116,"182,218,182",0.0,1432.644287109375,113.22064971923828,211.986083984375,26.05757736567294,24804,"182,218,182",5,32116,32116.0,1.0,1.0,45460,45460.0,1,1.0,4578,4578.0,13344,13344.0,1.384843606841792e-07,13344.0,13344.0,4578.0,4578.0
BraTS-GLI-02403-100,02403,100,5571699,"182,218,182",0.0,6978.0146484375,156.52464294433594,443.3819885253906,17.603148691212002,5540153,"182,218,182",0.0,3145.766845703125,99.03523254394531,238.3731689453125,17.608106431324497,5530830,"182,218,182",0.0,2769.763427734375,108.89766693115234,264.5914306640625,17.60325947870055,5351062,"182,218,182",0.0,3735.206787109375,256.9248046875,601.1785278320312,17.39819183739942,89960,"182,218,182",5,83277,83277.0,13525.0,13525.0,115407,115407.0,13525,13525.0,464,464.0,32130,32130.0,0.0018730009782535239,32130.0,32130.0,464.0,464.0
BraTS-GLI-02498-101,02498,101,6735548,"182,218,182",0.0,992.4303588867188,75.52330017089844,135.01263427734375,26.487225094695603,6859644,"182,218,182",0.0,595.1983642578125,68.06378936767578,122.687744140625,26.82410215049594,6657997,"182,218,182",0.0,717.6258544921875,88.42941284179688,156.86045837402344,26.283943901647298,6757495,"182,218,182",0.0,1559.525634765625,108.29017639160156,200.37559509277344,26.14491945195645,23096,"182,218,182",4,34738,34738.0,10167.0,10167.0,35142,35142.0,10167,10167.0,0,0.0,404,404.0,0.0014079704950760502,404.0,404.0,,
BraTS-GLI-02498-102,02498,102,6690019,"182,218,182",0.0,715.4849853515625,55.83258819580078,102.56129455566406,26.08057961798258,6768174,"182,218,182",0.0,422.2197570800781,50.439491271972656,94.93852233886719,26.134034581206677,6760666,"182,218,182",0.0,191.08741760253906,26.61058807373047,49.07566833496094,25.93269216920795,6738554,"182,218,182",0.0,1081.6346435546875,109.25443267822266,200.93487548828125,25.96907201075968,27940,"182,218,182",5,56923,56923.0,4397.0,4397.0,59302,59302.0,4397,4397.0,584,584.0,2379,2379.0,0.000608915733928336,2379.0,2379.0,584.0,584.0
BraTS-GLI-02514-100,02514,100,4751945,"182,218,182",0.0,912.5995483398438,50.74336242675781,111.34510803222656,18.749508380519572,4758899,"182,218,182",0.0,642.0545654296875,43.24877166748047,93.07479858398438,18.749508380519572,4746427,"182,218,182",0.0,906.683349609375,59.80226135253906,129.49420166015625,18.74942528990316,4842134,"182,218,182",0.0,1547.13330078125,82.38790130615234,189.25027465820312,18.749508380519572,296179,"182,218,182",4,72853,72853.0,46984.0,46984.0,74718,74718.0,46984,46984.0,0,0.0,1865,1865.0,0.006506549202385476,1865.0,1865.0,,
BraTS-GLI-02514-101,02514,101,4727069,"182,218,182",0.0,790.5357055664062,44.58155822753906,99.212890625,18.517076229547243,4751198,"182,218,182",0.0,462.0340576171875,38.855140686035156,85.6877212524414,18.517076229547243,4723899,"182,218,182",0.0,662.1680908203125,50.247684478759766,111.65316009521484,18.516993138930836,4832028,"182,218,182",0.0,1349.61865234375,89.7071533203125,208.91525268554688,18.51702083580297,323259,"182,218,182",5,65967,65967.0,91670.0,91670.0,77239,77239.0,91670,91670.0,821,821.0,11272,11272.0,0.012694861343918708,11272.0,11272.0,821.0,821.0
BraTS-GLI-02514-102,02514,102,3837529,"182,218,182",0.0,1469.6611328125,47.409793853759766,124.23041534423828,14.855300461208316,3836187,"182,218,182",0.0,689.9212646484375,40.99797821044922,105.60485076904297,14.855300461208316,3837489,"182,218,182",0.0,777.4789428710938,51.616947174072266,131.2521514892578,14.855300461208316,3909815,"182,218,182",0.0,1766.595947265625,90.12438201904297,246.3286590576172,14.855300461208316,316234,"182,218,182",4,62326,62326.0,88830.0,88830.0,67511,67511.0,88830,88830.0,0,0.0,5185,5185.0,0.012301565759575639,5185.0,5185.0,,
BraTS-GLI-02514-103,02514,103,3545625,"182,218,182",0.0,989.4261474609375,23.102861404418945,65.59519958496094,13.499524721674133,3564359,"182,218,182",0.0,470.6217346191406,19.81621742248535,55.39305114746094,13.499524721674133,3516285,"182,218,182",0.0,548.899169921875,24.02808952331543,65.97884368896484,13.499524721674133,3542051,"182,218,182",0.0,1124.294921875,56.96720504760742,163.3206329345703,13.499524721674133,316439,"182,218,182",4,68355,68355.0,93026.0,93026.0,68487,68487.0,93026,93026.0,0,0.0,132,132.0,0.012882646137006456,132.0,132.0,,
BraTS-GLI-02514-104,02514,104,3852766,"182,218,182",0.0,1475.615234375,45.57830810546875,119.59829711914062,14.91101271951156,3852071,"182,218,182",0.0,634.0904541015625,39.27375793457031,101.11138153076172,14.91101271951156,3883351,"182,218,182",0.0,867.3335571289062,50.00916290283203,129.82093811035156,14.91101271951156,3925945,"182,218,182",0.0,1880.0081787109375,93.02334594726562,252.9573211669922,14.91101271951156,330860,"182,218,182",5,81461,81461.0,98197.0,98197.0,86911,86911.0,98197,98197.0,260,260.0,5450,5450.0,0.013598748766104346,5450.0,5450.0,260.0,260.0
BraTS-GLI-02514-105,02514,105,4286073,"182,218,182",0.0,735.070556640625,40.290977478027344,96.63680267333984,16.667908409767467,4301974,"182,218,182",0.0,429.6842346191406,36.62363052368164,87.64492797851562,16.667908409767467,4309036,"182,218,182",0.0,670.5156860351562,38.322113037109375,93.06709289550781,16.667908409767467,4373949,"182,218,182",0.0,1291.872802734375,92.55918884277344,227.3909912109375,16.667908409767467,332324,"182,218,182",4,84855,84855.0,103115.0,103115.0,86877,86877.0,103115,103115.0,0,0.0,2022,2022.0,0.01427981485194914,2022.0,2022.0,,
BraTS-GLI-02515-100,02515,100,6197939,"182,218,182",0.0,678.3706665039062,56.323917388916016,102.18541717529297,24.632393264563845,6240354,"182,218,182",0.0,472.98828125,51.798797607421875,93.9922103881836,24.632393264563845,6279997,"182,218,182",0.0,297.763916015625,23.477930068969727,43.210968017578125,24.632393264563845,6303800,"182,218,182",0.0,1258.7943115234375,92.43452453613281,173.82659912109375,24.63236556769171,49179,"182,218,182",5,64935,64935.0,14261.0,14261.0,70601,70601.0,14261,14261.0,234,234.0,5666,5666.0,0.0019749254677170797,5666.0,5666.0,234.0,234.0
BraTS-GLI-02515-101,02515,101,5908403,"182,218,182",0.0,731.5764770507812,38.85474395751953,76.70015716552734,22.92924335468947,5947269,"182,218,182",0.0,395.7877502441406,34.922367095947266,69.09212493896484,22.92924335468947,5832241,"182,218,182",0.0,719.080078125,54.5577278137207,105.37639617919922,22.92924335468947,5893078,"182,218,182",0.0,951.7984619140625,73.52438354492188,153.48252868652344,22.929201809381265,331091,"182,218,182",5,146410,146410.0,1939.0,1939.0,153665,153665.0,1939,1939.0,29,29.0,7255,7255.0,0.0002685211753666235,7255.0,7255.0,29.0,29.0
BraTS-GLI-02517-100,02517,100,4985870,"182,218,182",0.0,1433.57470703125,61.06850051879883,131.4162139892578,19.61743141423553,4998160,"182,218,182",0.0,570.8472290039062,55.69205093383789,119.54402923583984,19.61743141423553,4963915,"182,218,182",0.0,691.3400268554688,63.10060501098633,132.78114318847656,19.61743141423553,5121620,"182,218,182",0.0,1950.4910888671875,111.99773406982422,249.47802734375,19.61743141423553,31020,"182,218,182",4,7930,7930.0,943.0,943.0,8550,8550.0,943,943.0,0,0.0,620,620.0,0.000130590752125181,620.0,620.0,,
BraTS-GLI-02517-101,02517,101,4861842,"182,218,182",0.0,1197.9400634765625,43.33913803100586,95.75297546386719,19.032404232525213,4910137,"182,218,182",0.0,400.3489074707031,37.66917419433594,83.38800811767578,19.032404232525213,4875728,"182,218,182",0.0,211.7398223876953,18.379854202270508,39.62226104736328,19.030977843610167,4947218,"182,218,182",0.0,1336.7064208984375,85.9649429321289,191.38232421875,19.032404232525213,274649,"182,218,182",5,31416,31416.0,563.0,563.0,35582,35582.0,563,563.0,183,183.0,4166,4166.0,7.79666950651929e-05,4166.0,4166.0,183.0,183.0
BraTS-GLI-02518-100,02518,100,4845539,"182,218,182",0.0,801.3997192382812,32.52439880371094,71.22843170166016,18.875806117463544,4890744,"182,218,182",0.0,321.0510559082031,29.20974349975586,63.70990753173828,18.875806117463544,4815010,"182,218,182",0.0,227.5933074951172,11.869829177856445,25.93032455444336,18.875806117463544,4817000,"182,218,182",0.0,802.1240844726562,48.014503479003906,109.01459503173828,18.875806117463544,37527,"182,218,182",4,15033,15033.0,,,22032,22032.0,0,0.0,6214,6214.0,6999,6999.0,0.0,6999.0,6999.0,6214.0,6214.0
BraTS-GLI-02518-101,02518,101,5064166,"182,218,182",0.0,833.080810546875,38.56295394897461,82.26669311523438,19.826044255170174,5108014,"182,218,182",0.0,349.0592346191406,34.66594314575195,73.36288452148438,19.826044255170174,5057948,"182,218,182",0.0,259.3212585449219,16.010618209838867,33.898162841796875,19.826044255170174,5071932,"182,218,182",0.0,937.2169799804688,59.35673522949219,130.072265625,19.826044255170174,47388,"182,218,182",4,63152,63152.0,,,72131,72131.0,0,0.0,6582,6582.0,8979,8979.0,0.0,8979.0,8979.0,6582.0,6582.0
BraTS-GLI-02518-102,02518,102,4946914,"182,218,182",0.0,1001.5064697265625,45.099185943603516,96.82661437988281,19.476343547570487,4975967,"182,218,182",0.0,404.158935546875,42.684913635253906,90.92906188964844,19.476343547570487,4944064,"182,218,182",0.0,555.71435546875,48.85917282104492,104.01123046875,19.476343547570487,5061298,"182,218,182",0.0,1470.7275390625,87.88858032226562,193.65359497070312,19.476343547570487,315844,"182,218,182",4,117918,117918.0,,,129262,129262.0,0,0.0,6025,6025.0,11344,11344.0,0.0,11344.0,11344.0,6025.0,6025.0
BraTS-GLI-02518-103,02518,103,5054290,"182,218,182",0.0,1154.4288330078125,51.07057571411133,110.18299102783203,19.873308967471687,5079310,"182,218,182",0.0,394.1139831542969,42.101863861083984,88.65125274658203,19.873308967471687,5039113,"182,218,182",0.0,797.5177001953125,65.54161834716797,136.91380310058594,19.873212028419207,5177479,"182,218,182",0.0,1536.01611328125,95.21984100341797,207.70046997070312,19.873308967471687,346866,"182,218,182",4,120732,120732.0,,,188009,188009.0,0,0.0,6307,6307.0,67277,67277.0,0.0,67277.0,67277.0,6307.0,6307.0
BraTS-GLI-02520-100,02520,100,4378144,"182,218,182",0.0,790.2515869140625,27.292016983032227,65.93895721435547,16.809661001363793,4408862,"182,218,182",0.0,308.7287292480469,24.065006256103516,57.906436920166016,16.809661001363793,4324355,"182,218,182",0.0,268.300537109375,12.518308639526367,29.846784591674805,16.809467123258838,4361413,"182,218,182",0.0,1132.8443603515625,61.139251708984375,151.70884704589844,16.809661001363793,298313,"182,218,182",5,61665,61665.0,2810.0,2810.0,73874,73874.0,2810,2810.0,14358,14358.0,12209,12209.0,0.00038914105352254357,12209.0,12209.0,14358.0,14358.0
BraTS-GLI-02520-101,02520,101,5132524,"182,218,182",0.0,780.5189819335938,50.4329833984375,104.33651733398438,20.240084796743734,5146339,"182,218,182",0.0,406.9261779785156,45.114715576171875,92.93511199951172,20.240084796743734,5160852,"182,218,182",0.0,437.658935546875,46.37092590332031,97.32006072998047,20.240084796743734,5251589,"182,218,182",0.0,1127.4140625,87.8411636352539,188.9093780517578,20.240001706127323,361890,"182,218,182",5,209795,209795.0,8.0,8.0,271368,271368.0,8,8.0,36917,36917.0,61573,61573.0,1.1078748854734337e-06,61573.0,61573.0,36917.0,36917.0
BraTS-GLI-02520-102,02520,102,4939925,"182,218,182",0.0,1062.5340576171875,52.40828323364258,112.4247055053711,19.43693089851977,4952783,"182,218,182",0.0,1090.154052734375,45.97295379638672,97.96302032470703,19.43693089851977,5038197,"182,218,182",0.0,371.55877685546875,23.331287384033203,50.354026794433594,19.43693089851977,5076776,"182,218,182",0.0,1743.748291015625,100.54771423339844,228.77333068847656,19.43693089851977,339125,"182,218,182",5,133327,133327.0,24701.0,24701.0,162487,162487.0,24701,24701.0,5383,5383.0,29160,29160.0,0.003420702193259911,29160.0,29160.0,5383.0,5383.0
BraTS-GLI-02520-103,02520,103,4207091,"182,218,182",0.0,852.5841064453125,29.120655059814453,71.92898559570312,16.175734991895897,4236129,"182,218,182",0.0,361.21478271484375,26.238178253173828,65.00816345214844,16.175734991895897,4175449,"182,218,182",0.0,481.2208251953125,33.58494567871094,81.14848327636719,16.175734991895897,4231946,"182,218,182",0.0,1354.58447265625,69.94981384277344,178.28872680664062,16.175734991895897,307054,"182,218,182",5,70588,70588.0,23974.0,23974.0,74055,74055.0,23974,23974.0,1,1.0,3467,3467.0,0.0033200240630425126,3467.0,3467.0,1.0,1.0
BraTS-GLI-02520-104,02520,104,3919962,"182,218,182",0.0,721.3674926757812,23.65229034423828,61.19411087036133,14.990710469085306,3949461,"182,218,182",0.0,307.86810302734375,20.109085083007812,52.38764572143555,14.990710469085306,3865454,"182,218,182",0.0,513.2549438476562,32.01254653930664,80.22805786132812,14.990710469085306,3892958,"182,218,182",0.0,989.6969604492188,48.207027435302734,130.0354461669922,14.990710469085306,309710,"182,218,182",5,70943,70943.0,20766.0,20766.0,80001,80001.0,20766,20766.0,161,161.0,9058,9058.0,0.0028757662339676656,9058.0,9058.0,161.0,161.0
BraTS-GLI-02524-100,02524,100,4559429,"182,218,182",0.0,1102.0799560546875,46.27260971069336,105.23925018310547,17.848681462705056,4594805,"182,218,182",0.0,749.0723876953125,41.1375732421875,95.04873657226562,17.848681462705056,4632310,"182,218,182",0.0,381.7227783203125,25.15384292602539,56.04487609863281,17.848667614268983,4637952,"182,218,182",0.0,1477.50439453125,77.23362731933594,182.2470703125,17.848570675216507,267266,"182,218,182",4,19246,19246.0,15624.0,15624.0,19455,19455.0,15624,15624.0,0,0.0,209,209.0,0.002163679651329616,209.0,209.0,,
BraTS-GLI-02524-101,02524,101,4179277,"182,218,182",0.0,997.2801513671875,31.15775489807129,75.53914642333984,16.18497189875353,4227496,"182,218,182",0.0,658.9912719726562,27.162189483642578,66.4551010131836,16.18497189875353,4140017,"182,218,182",0.0,197.29859924316406,12.857385635375977,30.619298934936523,16.184750323776434,4165270,"182,218,182",0.0,949.0341186523438,48.60447692871094,121.98646545410156,16.184888808137117,263992,"182,218,182",4,5147,5147.0,6878.0,6878.0,9743,9743.0,6878,6878.0,0,0.0,4596,4596.0,0.0009524954327857847,4596.0,4596.0,,
BraTS-GLI-02524-102,02524,102,4306948,"182,218,182",0.0,1031.9249267578125,31.530975341796875,75.47476196289062,16.659433166893596,4352369,"182,218,182",0.0,433.45306396484375,27.57560920715332,66.63057708740234,16.659433166893596,4257833,"182,218,182",0.0,212.71847534179688,13.123556137084961,30.756515502929688,16.658477624804878,4324160,"182,218,182",0.0,1126.31201171875,61.964229583740234,151.50498962402344,16.659294682532913,270267,"182,218,182",4,21282,21282.0,3784.0,3784.0,28338,28338.0,3784,3784.0,0,0.0,7056,7056.0,0.0005240248208289341,7056.0,7056.0,,
BraTS-GLI-02524-103,02524,103,4774706,"182,218,182",0.0,712.2316284179688,46.38837814331055,99.80442810058594,18.817379565690885,4801187,"182,218,182",0.0,486.09619140625,43.1859016418457,93.6406478881836,18.817379565690885,4883032,"182,218,182",0.0,237.1730499267578,18.2440242767334,40.460567474365234,18.816368629857894,4879683,"182,218,182",0.0,1389.970458984375,79.65123748779297,179.2873077392578,18.817296475074478,52157,"182,218,182",4,116046,116046.0,23732.0,23732.0,116414,116414.0,23732,23732.0,0,0.0,368,368.0,0.003286510847756941,368.0,368.0,,
BraTS-GLI-02524-104,02524,104,4408758,"182,218,182",0.0,1469.82177734375,45.62779998779297,109.1868667602539,17.124976042205603,4436306,"182,218,182",0.0,509.8452453613281,39.341827392578125,94.66837310791016,17.124976042205603,4456052,"182,218,182",0.0,371.8492431640625,24.68058967590332,57.255741119384766,17.124976042205603,4486269,"182,218,182",0.0,1518.53173828125,84.76260375976562,209.23452758789062,17.124851406280985,290801,"182,218,182",5,40315,40315.0,23742.0,23742.0,44124,44124.0,23742,23742.0,3966,3966.0,3809,3809.0,0.003287895691363783,3809.0,3809.0,3966.0,3966.0
BraTS-GLI-02524-105,02524,105,4310807,"182,218,182",0.0,994.1082153320312,28.840190887451172,69.92936706542969,16.580220112582246,4346416,"182,218,182",0.0,449.09661865234375,25.38863754272461,61.83500289916992,16.580220112582246,4266070,"182,218,182",0.0,201.1856231689453,12.290495872497559,29.363571166992188,16.577741242526,4305772,"182,218,182",0.0,1070.6524658203125,60.312530517578125,149.2755584716797,16.58019241571011,50744,"182,218,182",5,49750,49750.0,22356.0,22356.0,56331,56331.0,22356,22356.0,13531,13531.0,6581,6581.0,0.0030959563674555104,6581.0,6581.0,13531.0,13531.0
BraTS-GLI-02531-100,02531,100,5841073,"182,218,182",0.0,748.8687744140625,56.4857177734375,106.93314361572266,23.117291268062516,5872621,"182,218,182",0.0,460.0673828125,52.43284606933594,99.91948699951172,23.117291268062516,5966200,"182,218,182",0.0,247.40939331054688,22.65857696533203,44.194984436035156,23.115809485403194,5950962,"182,218,182",0.0,1052.1175537109375,97.35035705566406,187.849609375,23.117291268062516,46392,"182,218,182",5,76486,76486.0,13904.0,13904.0,84576,84576.0,13904,13904.0,6,6.0,8090,8090.0,0.0019254865509528278,8090.0,8090.0,6.0,6.0
BraTS-GLI-02546-100,02546,100,5027169,"182,218,182",0.0,757.625732421875,48.25968933105469,100.91444396972656,19.83281614040763,5052641,"182,218,182",0.0,393.46026611328125,44.178367614746094,92.56930541992188,19.83281614040763,5165623,"182,218,182",0.0,209.79359436035156,20.221153259277344,43.56522750854492,19.832026779551732,5155436,"182,218,182",0.0,1190.9927978515625,90.22747802734375,191.72561645507812,19.83281614040763,58936,"182,218,182",4,190758,190758.0,,,195595,195595.0,0,0.0,193,193.0,4837,4837.0,0.0,4837.0,4837.0,193.0,193.0
BraTS-GLI-02547-100,02547,100,4866754,"182,218,182",0.0,992.5339965820312,61.337379455566406,129.44393920898438,19.30797426185066,4884723,"182,218,182",0.0,556.4456176757812,56.10830307006836,119.03816223144531,19.30797426185066,5019238,"182,218,182",0.0,279.5232849121094,23.693098068237305,50.584754943847656,19.307960413414595,4950716,"182,218,182",0.0,1255.4156494140625,76.67022705078125,165.8082733154297,19.30797426185066,262486,"182,218,182",5,6317,6317.0,2420.0,2420.0,6736,6736.0,2420,2420.0,1119,1119.0,419,419.0,0.0003351321528557137,419.0,419.0,1119.0,1119.0
BraTS-GLI-02547-101,02547,101,4918304,"182,218,182",0.0,1253.431884765625,54.91120147705078,120.82009887695312,19.27122051252508,4938508,"182,218,182",0.0,505.9227600097656,47.59497833251953,104.11911010742188,19.27122051252508,4953308,"182,218,182",0.0,443.1000671386719,28.653118133544922,61.341697692871094,19.27113742190867,5033268,"182,218,182",0.0,1731.0281982421875,97.5433578491211,226.36703491210938,19.27122051252508,33316,"182,218,182",5,12902,12902.0,369.0,369.0,15411,15411.0,369,369.0,49,49.0,2509,2509.0,5.110072909246213e-05,2509.0,2509.0,49.0,49.0
BraTS-GLI-02547-102,02547,102,4459512,"182,218,182",0.0,993.1915893554688,37.46477508544922,88.86921691894531,17.29795685713621,4484106,"182,218,182",0.0,384.7928466796875,33.075904846191406,77.6135025024414,17.29795685713621,4376093,"182,218,182",0.0,547.3901977539062,49.49161148071289,111.91783905029297,17.29795685713621,4487111,"182,218,182",0.0,1081.6785888671875,61.06865310668945,147.71041870117188,17.29795685713621,288273,"182,218,182",4,75651,75651.0,,,87427,87427.0,0,0.0,440,440.0,11776,11776.0,0.0,11776.0,11776.0,440.0,440.0
BraTS-GLI-02548-100,02548,100,4811994,"182,218,182",0.0,828.2962646484375,47.96829605102539,101.37874603271484,19.107850512225955,4843688,"182,218,182",0.0,546.7811889648438,43.28019714355469,92.35073852539062,19.107850512225955,4888241,"182,218,182",0.0,288.3727111816406,18.12312889099121,39.07189178466797,19.107753573173476,4895736,"182,218,182",0.0,1374.002685546875,73.1553955078125,159.21383666992188,19.107808966917748,275247,"182,218,182",5,27243,27243.0,11333.0,11333.0,28477,28477.0,11333,11333.0,1974,1974.0,1234,1234.0,0.001569443259633803,1234.0,1234.0,1974.0,1974.0
BraTS-GLI-02548-101,02548,101,4572992,"182,218,182",0.0,1471.9991455078125,52.674415588378906,121.74130249023438,17.944775760583806,4596683,"182,218,182",0.0,630.613037109375,43.23100662231445,98.1653823852539,17.944775760583806,4626285,"182,218,182",0.0,451.1654968261719,26.13365364074707,58.35940933227539,17.94476191214774,4678935,"182,218,182",0.0,1572.4088134765625,85.06424713134766,197.4061737060547,17.944775760583806,283503,"182,218,182",5,40965,40965.0,1001.0,1001.0,62752,62752.0,1001,1001.0,789,789.0,21787,21787.0,0.0001386228450448634,21787.0,21787.0,789.0,789.0
BraTS-GLI-02548-102,02548,102,4893313,"182,218,182",0.0,818.7763671875,51.761505126953125,109.69794464111328,19.35915808155953,4916386,"182,218,182",0.0,374.69842529296875,46.175437927246094,98.07083129882812,19.35915808155953,4982586,"182,218,182",0.0,271.6610107421875,17.676998138427734,38.52021789550781,19.359047294070987,5021218,"182,218,182",0.0,1194.1790771484375,82.9769058227539,181.8944549560547,19.35915808155953,311302,"182,218,182",5,109646,109646.0,1197.0,1197.0,148387,148387.0,1197,1197.0,2295,2295.0,38741,38741.0,0.0001657657797389625,38741.0,38741.0,2295.0,2295.0
BraTS-GLI-02549-100,02549,100,5132376,"182,218,182",0.0,790.483154296875,49.72845458984375,102.6521987915039,20.243713086993658,5143141,"182,218,182",0.0,644.605712890625,45.38716125488281,93.64529418945312,20.243713086993658,5253085,"182,218,182",0.0,336.88323974609375,21.272132873535156,45.0729866027832,20.243685390121524,5240878,"182,218,182",0.0,1473.7978515625,92.9887924194336,199.16293334960938,20.243671541685455,55423,"182,218,182",5,163084,163084.0,4503.0,4503.0,163753,163753.0,4503,4503.0,8285,8285.0,669,669.0,0.000623595076160859,669.0,669.0,8285.0,8285.0
BraTS-GLI-02549-101,02549,101,5069247,"182,218,182",0.0,906.4247436523438,58.12744903564453,121.06688690185547,19.99081294751221,5083821,"182,218,182",0.0,495.42071533203125,53.474666595458984,111.85979461669922,19.99081294751221,5146031,"182,218,182",0.0,235.94790649414062,18.153343200683594,38.871864318847656,19.990522130354773,5196229,"182,218,182",0.0,1221.51953125,91.58116912841797,197.42701721191406,19.99081294751221,33158,"182,218,182",4,6538,6538.0,3108.0,3108.0,9243,9243.0,3108,3108.0,0,0.0,2705,2705.0,0.000430409393006429,2705.0,2705.0,,
BraTS-GLI-02549-102,02549,102,4803786,"182,218,182",0.0,886.6994018554688,48.04891586303711,105.29586791992188,18.810496892964885,4828615,"182,218,182",0.0,500.1892395019531,44.34275817871094,97.87663269042969,18.810496892964885,4923829,"182,218,182",0.0,338.0498352050781,23.47283363342285,51.80491638183594,18.810427650784543,4893110,"182,218,182",0.0,1173.7628173828125,85.72586822509766,191.89779663085938,18.810496892964885,36662,"182,218,182",5,27624,27624.0,1422.0,1422.0,31689,31689.0,1422,1422.0,416,416.0,4065,4065.0,0.00019692476089290284,4065.0,4065.0,416.0,416.0
BraTS-GLI-02552-100,02552,100,4414636,"182,218,182",0.0,754.7774658203125,44.81801986694336,102.56153106689453,17.298496946142876,4434861,"182,218,182",0.0,599.2918701171875,39.578224182128906,90.7494125366211,17.298496946142876,4502606,"182,218,182",0.0,315.5219421386719,17.284711837768555,40.71272277832031,17.29815073524117,4514206,"182,218,182",0.0,1309.0955810546875,81.64112854003906,192.73123168945312,17.298496946142876,56107,"182,218,182",5,49956,49956.0,1493.0,1493.0,83395,83395.0,1493,1493.0,17053,17053.0,33439,33439.0,0.00020675715050147956,33439.0,33439.0,17053.0,17053.0
BraTS-GLI-02553-100,02553,100,4901116,"182,218,182",0.0,955.202880859375,55.25324630737305,118.77589416503906,19.260252551158892,4917304,"182,218,182",0.0,711.423095703125,50.10844421386719,108.13909149169922,19.260252551158892,5039445,"182,218,182",0.0,338.6510314941406,22.929115295410156,50.4221076965332,19.259629371535812,5022843,"182,218,182",0.0,1281.177490234375,92.86467742919922,201.90623474121094,19.260238702722823,328964,"182,218,182",5,107307,107307.0,5545.0,5545.0,122582,122582.0,5545,5545.0,27400,27400.0,15275,15275.0,0.0007678957799937738,15275.0,15275.0,27400.0,27400.0
BraTS-GLI-02553-101,02553,101,4614166,"182,218,182",0.0,1771.04443359375,63.26198959350586,149.03424072265625,17.935649641214717,4592446,"182,218,182",0.0,1089.01611328125,54.57699966430664,125.00788116455078,17.935649641214717,4622285,"182,218,182",0.0,592.7838745117188,31.26016616821289,71.52452087402344,17.935594247470444,4696931,"182,218,182",0.0,2052.353515625,120.59864807128906,288.6011657714844,17.935649641214717,300015,"182,218,182",5,25883,25883.0,35313.0,35313.0,47436,47436.0,35313,35313.0,5074,5074.0,21553,21553.0,0.004890298228840421,21553.0,21553.0,5074.0,5074.0
BraTS-GLI-02556-100,02556,100,4800986,"182,218,182",0.0,728.4661254882812,41.06559753417969,90.75588989257812,18.731436171450287,4825177,"182,218,182",0.0,368.3804931640625,37.6583366394043,83.63483428955078,18.731436171450287,4859012,"182,218,182",0.0,302.1025085449219,16.705982208251953,37.68412780761719,18.727987910869253,4883949,"182,218,182",0.0,1107.56689453125,84.81785583496094,192.07345581054688,18.73142232301422,46532,"182,218,182",3,81912,81912.0,17541.0,17541.0,81912,81912.0,17541,17541.0,0,0.0,0,0.0,0.0024291541707611875,,,,
BraTS-GLI-02556-101,02556,101,4739524,"182,218,182",0.0,1444.1131591796875,52.38817596435547,121.12433624267578,18.39982152135595,4753140,"182,218,182",0.0,824.671630859375,43.84941864013672,99.8409194946289,18.39982152135595,4774192,"182,218,182",0.0,588.5166625976562,28.066152572631836,63.928592681884766,18.39980767291988,4828156,"182,218,182",0.0,1961.2940673828125,116.14729309082031,275.7497863769531,18.39982152135595,293610,"182,218,182",5,64262,64262.0,7042.0,7042.0,79348,79348.0,7042,7042.0,444,444.0,15086,15086.0,0.00097520686793799,15086.0,15086.0,444.0,444.0
BraTS-GLI-02558-100,02558,100,4156531,"182,218,182",0.0,1032.7706298828125,40.74423599243164,97.3671875,16.283531218252463,4176163,"182,218,182",0.0,675.5325927734375,35.397003173828125,84.0433349609375,16.283531218252463,4224533,"182,218,182",0.0,390.5335388183594,20.47324562072754,48.11016082763672,16.283503521380325,4203603,"182,218,182",0.0,1532.7236328125,61.89374923706055,155.1146240234375,16.283531218252463,296959,"182,218,182",4,48565,48565.0,28413.0,28413.0,58882,58882.0,28413,28413.0,0,0.0,10317,10317.0,0.003934756140119584,10317.0,10317.0,,
BraTS-GLI-02558-101,02558,101,4143011,"182,218,182",0.0,650.7965087890625,29.567668914794922,71.07447814941406,16.08211956407339,4199391,"182,218,182",0.0,345.3688659667969,25.922199249267578,63.106319427490234,16.08211956407339,4117001,"182,218,182",0.0,206.05120849609375,12.594193458557129,30.14887046813965,16.082091867201253,4135890,"182,218,182",0.0,885.8770141601562,53.208351135253906,129.4503631591797,16.08211956407339,283743,"182,218,182",4,19217,19217.0,25176.0,25176.0,23742,23742.0,25176,25176.0,0,0.0,4525,4525.0,0.003486482264584896,4525.0,4525.0,,
BraTS-GLI-02561-100,02561,100,3766482,"182,218,182",0.0,940.5708618164062,32.89173889160156,85.78691864013672,14.577791650833289,3785438,"182,218,182",0.0,696.0476684570312,28.94275665283203,74.58484649658203,14.577791650833289,3844974,"182,218,182",0.0,399.3785095214844,15.610249519348145,40.76869201660156,14.577473136803714,3794041,"182,218,182",0.0,1648.84619140625,54.22829818725586,146.4486846923828,14.577791650833289,37919,"182,218,182",4,15547,15547.0,11872.0,11872.0,16953,16953.0,11872,11872.0,0,0.0,1406,1406.0,0.0016440863300425756,1406.0,1406.0,,
BraTS-GLI-02561-101,02561,101,3350323,"182,218,182",0.0,892.2001953125,30.382959365844727,83.83016967773438,12.903432639545152,3366673,"182,218,182",0.0,711.33203125,26.36016845703125,72.30912780761719,12.903432639545152,3424834,"182,218,182",0.0,383.384033203125,13.373229026794434,37.1809196472168,12.903377245800876,3381787,"182,218,182",0.0,1323.7696533203125,45.58176803588867,132.78762817382812,12.903432639545152,267657,"182,218,182",4,15858,15858.0,5035.0,5035.0,16157,16157.0,5035,5035.0,0,0.0,299,299.0,0.0006972687560448423,299.0,299.0,,
BraTS-GLI-02598-100,02598,100,4030602,"182,218,182",0.0,1108.4661865234375,35.89483642578125,87.33766174316406,15.807865136174442,4073087,"182,218,182",0.0,431.9810791015625,31.673887252807617,77.02565002441406,15.807865136174442,4065621,"182,218,182",0.0,350.35302734375,15.848170280456543,37.739986419677734,15.807657409633416,4094222,"182,218,182",0.0,1304.3509521484375,65.39974975585938,159.7479705810547,15.807865136174442,277988,"182,218,182",4,55399,55399.0,532.0,532.0,56118,56118.0,532,532.0,0,0.0,719,719.0,7.367367988398334e-05,719.0,719.0,,
BraTS-GLI-02598-101,02598,101,4401757,"182,218,182",0.0,1502.2930908203125,55.19949722290039,127.0284194946289,17.34303351653891,4411577,"182,218,182",0.0,657.77099609375,47.28549575805664,108.31373596191406,17.34303351653891,4417576,"182,218,182",0.0,382.59228515625,28.939048767089844,65.2086410522461,17.34303351653891,4512559,"182,218,182",0.0,1545.6083984375,80.10332489013672,186.43397521972656,17.342978122794637,276590,"182,218,182",4,51782,51782.0,888.0,888.0,52409,52409.0,888,888.0,0,0.0,627,627.0,0.00012297411228755114,627.0,627.0,,
BraTS-GLI-02598-102,02598,102,4416636,"182,218,182",0.0,853.0121459960938,45.277374267578125,101.12232208251953,17.499659328472717,4451206,"182,218,182",0.0,386.3028259277344,40.67460632324219,91.69778442382812,17.499659328472717,4520401,"182,218,182",0.0,234.07974243164062,17.320695877075195,39.51668167114258,17.499230026954596,4479343,"182,218,182",0.0,936.6452026367188,64.85454559326172,146.97889709472656,17.499659328472717,273030,"182,218,182",4,36331,36331.0,1819.0,1819.0,37233,37233.0,1819,1819.0,0,0.0,902,902.0,0.000251903052084522,902.0,902.0,,
BraTS-GLI-02599-100,02599,100,5024832,"182,218,182",0.0,1437.3282470703125,67.73180389404297,149.16970825195312,19.683128394944102,5011367,"182,218,182",0.0,536.6082763671875,57.12835693359375,121.79645538330078,19.683128394944102,5072765,"182,218,182",0.0,501.3479309082031,30.222885131835938,65.45661926269531,19.68305915276376,5135697,"182,218,182",0.0,1660.21728515625,101.97373962402344,233.1194305419922,19.683031455891623,46375,"182,218,182",4,62573,62573.0,,,93517,93517.0,0,0.0,1710,1710.0,30944,30944.0,0.0,30944.0,30944.0,1710.0,1710.0
BraTS-GLI-02602-100,02602,100,4754234,"182,218,182",0.0,1006.5509033203125,50.088382720947266,108.18283081054688,18.846198161149267,4766424,"182,218,182",0.0,462.9732360839844,47.903724670410156,103.01879119873047,18.846198161149267,4723877,"182,218,182",0.0,667.2778930664062,56.7336311340332,120.44015502929688,18.846198161149267,4804536,"182,218,182",0.0,1329.3115234375,65.9747314453125,146.2272491455078,18.846198161149267,277158,"182,218,182",4,33745,33745.0,3775.0,3775.0,39430,39430.0,3775,3775.0,0,0.0,5685,5685.0,0.0005227784615827766,5685.0,5685.0,,
BraTS-GLI-02605-100,02605,100,5126298,"182,218,182",0.0,623.0306396484375,52.069766998291016,106.26654815673828,20.28869280734388,5155413,"182,218,182",0.0,525.2822875976562,47.973506927490234,98.89877319335938,20.28869280734388,5161955,"182,218,182",0.0,610.3509521484375,45.178314208984375,93.09313201904297,20.288401990186443,5197932,"182,218,182",0.0,953.0386352539062,69.92217254638672,147.89459228515625,20.28869280734388,44370,"182,218,182",5,31140,31140.0,17646.0,17646.0,36796,36796.0,17646,17646.0,2,2.0,5656,5656.0,0.0024436950286330266,5656.0,5656.0,2.0,2.0
BraTS-GLI-02608-100,02608,100,4253426,"182,218,182",0.0,832.1730346679688,34.94054412841797,81.1030502319336,16.731417337577234,4297949,"182,218,182",0.0,323.83380126953125,31.209278106689453,72.6830825805664,16.731417337577234,4243083,"182,218,182",0.0,684.3629150390625,47.53631591796875,110.0846939086914,16.731417337577234,4287322,"182,218,182",0.0,1123.494140625,51.3791618347168,125.58682250976562,16.731417337577234,309626,"182,218,182",5,149725,149725.0,3346.0,3346.0,159854,159854.0,3346,3346.0,1936,1936.0,10129,10129.0,0.00046336867084926364,10129.0,10129.0,1936.0,1936.0
BraTS-GLI-02608-101,02608,101,4374994,"182,218,182",0.0,1199.8717041015625,59.52280807495117,134.55584716796875,17.279760012142308,4378005,"182,218,182",0.0,590.56005859375,52.729496002197266,119.70242309570312,17.279760012142308,4412491,"182,218,182",0.0,784.0095825195312,61.43019485473633,140.10366821289062,17.279760012142308,4509916,"182,218,182",0.0,1623.6563720703125,82.97142791748047,200.0005645751953,17.279760012142308,315991,"182,218,182",5,111472,111472.0,833.0,833.0,129926,129926.0,833,833.0,458,458.0,18454,18454.0,0.00011535747244992128,18454.0,18454.0,458.0,458.0
BraTS-GLI-02608-102,02608,102,3953179,"182,218,182",0.0,894.1216430664062,32.77433395385742,80.38211822509766,15.428431836335859,3988824,"182,218,182",0.0,337.8916320800781,29.38163948059082,72.41887664794922,15.428431836335859,3929188,"182,218,182",0.0,548.5664672851562,40.80582046508789,99.2538833618164,15.428431836335859,3987209,"182,218,182",0.0,998.3990478515625,47.846649169921875,124.40716552734375,15.428431836335859,297699,"182,218,182",5,86910,86910.0,1234.0,1234.0,101974,101974.0,1234,1234.0,372,372.0,15064,15064.0,0.00017088970108427716,15064.0,15064.0,372.0,372.0
BraTS-GLI-02608-103,02608,103,3928170,"182,218,182",0.0,845.4130859375,32.279388427734375,79.90608215332031,15.290238292809116,3962785,"182,218,182",0.0,339.1368408203125,28.863618850708008,71.8175277709961,15.290238292809116,3904743,"182,218,182",0.0,552.79345703125,39.070369720458984,95.89866638183594,15.290238292809116,3960553,"182,218,182",0.0,1018.258056640625,47.655391693115234,126.22846221923828,15.290238292809116,293602,"182,218,182",5,73738,73738.0,3802.0,3802.0,86959,86959.0,3802,3802.0,2,2.0,13221,13221.0,0.0005265175393212493,13221.0,13221.0,2.0,2.0
BraTS-GLI-02608-104,02608,104,3989979,"182,218,182",0.0,869.5473022460938,31.633026123046875,77.97077941894531,15.498920375924104,4024595,"182,218,182",0.0,339.17889404296875,28.55104637145996,70.98554992675781,15.498920375924104,3950759,"182,218,182",0.0,555.8862915039062,39.65455627441406,96.49158477783203,15.498920375924104,4011818,"182,218,182",0.0,1060.3157958984375,50.534454345703125,133.8270263671875,15.498920375924104,292641,"182,218,182",4,68467,68467.0,7972.0,7972.0,78030,78030.0,7972,7972.0,0,0.0,9563,9563.0,0.0011039973233742768,9563.0,9563.0,,
BraTS-GLI-02608-105,02608,105,4572191,"182,218,182",0.0,597.4263305664062,27.789915084838867,62.10226821899414,17.890323709962786,4599774,"182,218,182",0.0,610.686767578125,35.99138641357422,81.79033660888672,17.890323709962786,4612565,"182,218,182",0.0,1174.6953125,68.21823120117188,154.31553649902344,17.890323709962786,4631713,"182,218,182",0.0,1277.2403564453125,64.17488098144531,162.39306640625,17.890309861526717,288208,"182,218,182",4,32442,32442.0,13986.0,13986.0,43932,43932.0,13986,13986.0,0,0.0,11490,11490.0,0.0019368422685289305,11490.0,11490.0,,
BraTS-GLI-02609-100,02609,100,4418614,"182,218,182",0.0,1460.8673095703125,52.568870544433594,122.3226547241211,17.298746217992107,4434019,"182,218,182",0.0,507.80780029296875,46.04839324951172,107.27143096923828,17.298746217992107,4415065,"182,218,182",0.0,702.7562866210938,59.904998779296875,137.30609130859375,17.29851079457895,4525230,"182,218,182",0.0,1677.748779296875,91.08039855957031,222.9669647216797,17.298746217992107,35311,"182,218,182",4,10747,10747.0,,,18437,18437.0,0,0.0,255,255.0,7690,7690.0,0.0,7690.0,7690.0,255.0,255.0
BraTS-GLI-02609-101,02609,101,4696107,"182,218,182",0.0,1121.643798828125,48.9901123046875,110.18197631835938,18.370822896228685,4715202,"182,218,182",0.0,462.4189758300781,44.41704559326172,100.301025390625,18.370822896228685,4683798,"182,218,182",0.0,692.4931640625,56.66742706298828,126.00554656982422,18.37040744314663,4789485,"182,218,182",0.0,1426.090087890625,87.8426513671875,207.65245056152344,18.370822896228685,37567,"182,218,182",4,18203,18203.0,,,27687,27687.0,0,0.0,430,430.0,9484,9484.0,0.0,9484.0,9484.0,430.0,430.0
BraTS-GLI-02609-102,02609,102,4265766,"182,218,182",0.0,1092.96484375,36.06111145019531,86.91846466064453,16.555763774485417,4303712,"182,218,182",0.0,382.0174560546875,31.628631591796875,76.7416000366211,16.555763774485417,4222524,"182,218,182",0.0,595.2825927734375,46.45546340942383,109.12346649169922,16.555763774485417,4297342,"182,218,182",0.0,1132.44921875,61.381507873535156,153.89366149902344,16.555763774485417,37458,"182,218,182",4,18563,18563.0,,,25385,25385.0,0,0.0,349,349.0,6822,6822.0,0.0,6822.0,6822.0,349.0,349.0
BraTS-GLI-02609-103,02609,103,4465282,"182,218,182",0.0,1012.6231079101562,35.56925964355469,84.06031036376953,17.302471447294515,4505482,"182,218,182",0.0,409.30572509765625,32.004966735839844,76.67689514160156,17.302471447294515,4439950,"182,218,182",0.0,499.165283203125,40.57030487060547,94.11734771728516,17.302443750422377,4525408,"182,218,182",0.0,1302.869873046875,83.025634765625,201.9053497314453,17.302471447294515,37872,"182,218,182",4,20026,20026.0,,,25532,25532.0,0,0.0,133,133.0,5506,5506.0,0.0,5506.0,5506.0,133.0,133.0
BraTS-GLI-02609-104,02609,104,4980292,"182,218,182",0.0,623.9353637695312,36.422977447509766,79.54195404052734,19.361415376638686,5010693,"182,218,182",0.0,325.14739990234375,33.90477752685547,74.7872543334961,19.361415376638686,4969964,"182,218,182",0.0,530.384521484375,44.577877044677734,97.1973876953125,19.360722954835264,5044071,"182,218,182",0.0,1343.677001953125,86.9791030883789,193.33737182617188,19.361318437586206,40733,"182,218,182",4,27973,27973.0,,,37696,37696.0,0,0.0,1119,1119.0,9723,9723.0,0.0,9723.0,9723.0,1119.0,1119.0
BraTS-GLI-02610-100,02610,100,4065314,"182,218,182",0.0,639.5399169921875,33.9737663269043,81.2568359375,15.937458800902697,4111295,"182,218,182",0.0,372.4631652832031,29.7904052734375,71.49312591552734,15.937458800902697,4050649,"182,218,182",0.0,524.9866943359375,43.85374450683594,105.02190399169922,15.937389558722353,4154961,"182,218,182",0.0,1168.243896484375,73.27752685546875,177.80247497558594,15.937375710286286,48070,"182,218,182",3,83450,83450.0,8556.0,8556.0,83450,83450.0,8556,8556.0,0,0.0,0,0.0,0.0011848721900138374,,,,
BraTS-GLI-02610-101,02610,101,3988449,"182,218,182",0.0,958.8497314453125,29.840055465698242,76.4962387084961,15.392301266633357,4021496,"182,218,182",0.0,352.9194641113281,25.138925552368164,63.649593353271484,15.392301266633357,3931219,"182,218,182",0.0,538.295654296875,43.68171691894531,107.55728912353516,15.392301266633357,4031516,"182,218,182",0.0,1130.906005859375,66.12905883789062,170.8455810546875,15.392301266633357,291987,"182,218,182",4,71850,71850.0,1693.0,1693.0,74022,74022.0,1693,1693.0,0,0.0,2172,2172.0,0.00023445402263831542,2172.0,2172.0,,
BraTS-GLI-02610-102,02610,102,4033441,"182,218,182",0.0,1316.0548095703125,53.35128402709961,125.00865173339844,16.030021747584,4184086,"182,218,182",0.0,357.1148681640625,26.74502944946289,66.1543960571289,16.030021747584,4128425,"182,218,182",0.0,558.3896484375,43.91072463989258,108.08181762695312,16.030021747584,4202029,"182,218,182",0.0,1107.2196044921875,81.46321105957031,197.65737915039062,16.030021747584,299661,"182,218,182",4,86214,86214.0,4863.0,4863.0,86690,86690.0,4863,4863.0,0,0.0,476,476.0,0.0006734494460071635,476.0,476.0,,
BraTS-GLI-02623-100,02623,100,4366431,"182,218,182",0.0,1000.4578857421875,42.70676040649414,95.13977813720703,17.40107231210165,4345571,"182,218,182",0.0,685.3549194335938,47.161922454833984,104.08445739746094,17.40614083970269,4356696,"182,218,182",0.0,801.0159912109375,51.64501953125,114.34193420410156,17.40614083970269,4420701,"182,218,182",0.0,1154.7169189453125,57.99433517456055,131.3874969482422,17.40614083970269,263244,"182,218,182",4,9608,9608.0,2982.0,2982.0,9617,9617.0,2982,2982.0,0,0.0,9,9.0,0.00041296036356022243,9.0,9.0,,
BraTS-GLI-02623-101,02623,101,4598134,"182,218,182",0.0,1693.0880126953125,78.4301528930664,172.22767639160156,17.964302055440275,4567431,"182,218,182",0.0,679.0057983398438,69.60909271240234,153.2322235107422,17.964302055440275,4593938,"182,218,182",0.0,782.3526611328125,74.78697204589844,164.85643005371094,17.964302055440275,4690465,"182,218,182",0.0,1795.00244140625,88.8684310913086,208.87356567382812,17.964302055440275,28959,"182,218,182",3,801,801.0,150.0,150.0,801,801.0,150,150.0,0,0.0,0,0.0,2.077265410262688e-05,,,,
BraTS-GLI-02623-102,02623,102,3677738,"182,218,182",0.0,985.4761352539062,34.23897171020508,86.93226623535156,14.372100829909076,3711829,"182,218,182",0.0,371.8113708496094,30.9941463470459,79.20661926269531,14.372100829909076,3642107,"182,218,182",0.0,499.3631286621094,40.622474670410156,100.93717193603516,14.372100829909076,3714722,"182,218,182",0.0,1103.370849609375,45.41060256958008,121.4697265625,14.372100829909076,29298,"182,218,182",2,1550,1550.0,,,1550,1550.0,0,0.0,0,0.0,0,0.0,0.0,,,,
BraTS-GLI-02625-100,02625,100,4088768,"182,218,182",0.0,1145.2218017578125,53.533042907714844,120.8605728149414,16.62051906154134,4153196,"182,218,182",0.0,426.405517578125,43.3816032409668,98.50030517578125,16.62051906154134,4154662,"182,218,182",0.0,495.9352722167969,47.08987045288086,106.84922790527344,16.62051906154134,4229286,"182,218,182",0.0,961.7588500976562,57.50367736816406,134.18026733398438,16.62051906154134,28527,"182,218,182",3,294,294.0,173.0,173.0,294,294.0,173,173.0,0,0.0,0,0.0,2.3957794398363003e-05,,,,
BraTS-GLI-02631-100,02631,100,4375004,"182,218,182",0.0,622.8571166992188,34.85898971557617,79.50208282470703,17.16891712985069,4412071,"182,218,182",0.0,321.1231994628906,31.63568878173828,72.4599838256836,17.16891712985069,4411631,"182,218,182",0.0,159.66473388671875,12.623170852661133,29.621482849121094,17.168903281414625,4404315,"182,218,182",0.0,919.7086791992188,59.2202033996582,138.5041961669922,17.16891712985069,259899,"182,218,182",3,10012,10012.0,76.0,76.0,10012,10012.0,76,76.0,0,0.0,0,0.0,1.052481141199762e-05,,,,
BraTS-GLI-02631-101,02631,101,4200370,"182,218,182",0.0,759.6390991210938,40.069183349609375,93.94766998291016,16.482948697637678,4230066,"182,218,182",0.0,384.4752197265625,37.274112701416016,88.08101654052734,16.482948697637678,4251036,"182,218,182",0.0,158.50782775878906,11.088366508483887,26.847736358642578,16.482865607021267,4276560,"182,218,182",0.0,1045.9111328125,66.77388763427734,161.68092346191406,16.482948697637678,29786,"182,218,182",3,5151,5151.0,105.0,105.0,5151,5151.0,105,105.0,0,0.0,0,0.0,1.4540857871838818e-05,,,,
BraTS-GLI-02632-100,02632,100,4436774,"182,218,182",0.0,1082.19580078125,54.002281188964844,122.92520904541016,17.461299160563197,4447005,"182,218,182",0.0,856.1294555664062,47.94636154174805,109.51993560791016,17.461299160563197,4506429,"182,218,182",0.0,462.688232421875,25.0673770904541,56.8465461730957,17.46110528245824,4547040,"182,218,182",0.0,1894.5777587890625,82.6871566772461,198.16708374023438,17.46121606994679,37415,"182,218,182",4,15241,15241.0,17915.0,17915.0,17207,17207.0,17915,17915.0,0,0.0,1966,1966.0,0.0024809473216570706,1966.0,1966.0,,
BraTS-GLI-02632-101,02632,101,4262523,"182,218,182",0.0,1400.2158203125,52.932403564453125,125.84142303466797,16.69013514965728,4273375,"182,218,182",0.0,542.470458984375,47.048980712890625,112.20907592773438,16.69013514965728,4292069,"182,218,182",0.0,412.65911865234375,26.37869644165039,61.8985710144043,16.69002436216873,4357127,"182,218,182",0.0,1575.0721435546875,80.86396789550781,198.7540740966797,16.69013514965728,268486,"182,218,182",5,8738,8738.0,2899.0,2899.0,15736,15736.0,2899,2899.0,45,45.0,6998,6998.0,0.00040146616162343556,6998.0,6998.0,45.0,45.0
BraTS-GLI-02632-102,02632,102,3913563,"182,218,182",0.0,898.6237182617188,33.0896110534668,83.07865905761719,15.207535432608523,3940629,"182,218,182",0.0,390.3670959472656,29.730913162231445,74.8001937866211,15.207535432608523,3996165,"182,218,182",0.0,1201.28515625,74.7591323852539,186.27499389648438,15.207535432608523,3937866,"182,218,182",0.0,1083.6480712890625,50.500362396240234,132.56394958496094,15.207535432608523,280727,"182,218,182",5,35312,35312.0,2751.0,2751.0,44783,44783.0,2751,2751.0,71,71.0,9471,9471.0,0.000380970476242177,9471.0,9471.0,71.0,71.0
BraTS-GLI-02632-103,02632,103,4151021,"182,218,182",0.0,711.3092651367188,32.89000701904297,79.50596618652344,16.106146600652096,4186866,"182,218,182",0.0,385.003662109375,30.08452033996582,73.76017761230469,16.106132752216027,4172517,"182,218,182",0.0,210.91932678222656,14.958457946777344,36.17314910888672,16.103584639979438,4177222,"182,218,182",0.0,1092.6844482421875,62.675052642822266,153.23704528808594,16.106160449088165,45749,"182,218,182",4,46338,46338.0,19213.0,19213.0,52069,52069.0,19213,19213.0,0,0.0,5731,5731.0,0.0026607000218251352,5731.0,5731.0,,
BraTS-GLI-02632-104,02632,104,4481641,"182,218,182",0.0,1314.1593017578125,45.2367057800293,103.38951110839844,17.604201172353203,4511341,"182,218,182",0.0,652.8920288085938,36.08082580566406,82.41015625,17.604201172353203,4605093,"182,218,182",0.0,1672.112548828125,88.28980255126953,207.4833984375,17.602054664762598,4590516,"182,218,182",0.0,1200.3011474609375,76.78897857666016,182.84788513183594,17.604201172353203,364420,"182,218,182",4,226666,226666.0,25203.0,25203.0,239412,239412.0,25203,25203.0,0,0.0,12746,12746.0,0.003490221342323369,12746.0,12746.0,,
BraTS-GLI-02633-100,02633,100,4999825,"182,218,182",0.0,1100.828857421875,52.10951614379883,110.22099304199219,19.771176751467102,5014041,"182,218,182",0.0,528.1439819335938,49.20407485961914,103.6808090209961,19.771176751467102,5108843,"182,218,182",0.0,521.530029296875,25.584442138671875,53.80656433105469,19.771149054594968,5040506,"182,218,182",0.0,1230.7166748046875,68.7859115600586,148.26840209960938,19.77105211554249,276402,"182,218,182",4,32691,32691.0,4994.0,4994.0,37903,37903.0,4994,4994.0,0,0.0,5212,5212.0,0.000691590897256791,5212.0,5212.0,,
BraTS-GLI-02634-100,02634,100,4866823,"182,218,182",0.0,752.3652954101562,55.00669860839844,116.17871856689453,19.28793557485966,4889894,"182,218,182",0.0,622.4573364257812,51.036685943603516,108.65232849121094,19.28793557485966,4949299,"182,218,182",0.0,279.8966064453125,18.061574935913086,38.98356628417969,19.287464728033335,4959569,"182,218,182",0.0,1485.1824951171875,77.68101501464844,168.609375,19.28793557485966,269180,"182,218,182",4,20202,20202.0,5667.0,5667.0,23623,23623.0,5667,5667.0,0,0.0,3421,3421.0,0.0007847908719972436,3421.0,3421.0,,
BraTS-GLI-02634-101,02634,101,5025949,"182,218,182",0.0,1048.2462158203125,64.36334991455078,134.13275146484375,19.89131193436063,5022003,"182,218,182",0.0,542.0935668945312,57.92359924316406,120.52564239501953,19.89131193436063,5142474,"182,218,182",0.0,371.9343566894531,27.985694885253906,58.73095703125,19.89128423748849,5158324,"182,218,182",0.0,1692.7427978515625,89.74107360839844,198.35215759277344,19.891256540616357,296068,"182,218,182",4,83994,83994.0,2306.0,2306.0,115732,115732.0,2306,2306.0,0,0.0,31738,31738.0,0.0003193449357377173,31738.0,31738.0,,
BraTS-GLI-02635-100,02635,100,3729675,"182,218,182",0.0,1031.0257568359375,29.040409088134766,76.3913803100586,14.337452042865895,3758787,"182,218,182",0.0,380.5453186035156,25.93279457092285,68.74504089355469,14.337452042865895,3789069,"182,218,182",0.0,373.9486083984375,15.92603874206543,41.66904830932617,14.336995044475637,3737294,"182,218,182",0.0,1110.83984375,54.953861236572266,149.49411010742188,14.337452042865895,259511,"182,218,182",2,9080,9080.0,,,9080,9080.0,0,0.0,0,0.0,0,0.0,0.0,,,,
BraTS-GLI-02635-101,02635,101,4662810,"182,218,182",0.0,986.314208984375,51.81239318847656,116.66786193847656,18.225358923766024,4688633,"182,218,182",0.0,502.9438171386719,42.0429573059082,95.5203628540039,18.225358923766024,4732745,"182,218,182",0.0,348.1105041503906,25.71917724609375,58.426666259765625,18.224624956654395,4766052,"182,218,182",0.0,1739.8616943359375,100.98527526855469,246.70501708984375,18.22415410982807,38572,"182,218,182",2,31233,31233.0,,,31233,31233.0,0,0.0,0,0.0,0,0.0,0.0,,,,
BraTS-GLI-02636-100,02636,100,4008298,"182,218,182",0.0,1182.4254150390625,44.1002311706543,107.9227523803711,15.724954549432823,4028673,"182,218,182",0.0,441.39996337890625,37.907432556152344,92.52597045898438,15.724954549432823,4036305,"182,218,182",0.0,580.4508056640625,22.81499671936035,54.49494171142578,15.724691429147525,4068752,"182,218,182",0.0,1571.802978515625,65.52249145507812,164.16868591308594,15.724857610380344,259506,"182,218,182",3,5364,5364.0,3680.0,3680.0,5364,5364.0,3680,3680.0,0,0.0,0,0.0,0.0005096224473177795,,,,
BraTS-GLI-02637-100,02637,100,5644257,"182,218,182",0.0,1037.0526123046875,72.78802490234375,136.76368713378906,22.747551873471824,5673113,"182,218,182",0.0,922.4013671875,67.08749389648438,126.6727523803711,22.759696951903827,5711291,"182,218,182",0.0,1054.4117431640625,84.1426010131836,159.34573364257812,22.76875382909257,5829532,"182,218,182",0.0,1567.6470947265625,94.3788070678711,183.1354217529297,22.76875382909257,267120,"182,218,182",4,13286,13286.0,6546.0,6546.0,19229,19229.0,6546,6546.0,0,0.0,5943,5943.0,0.0009065186250386371,5943.0,5943.0,,
BraTS-GLI-02637-101,02637,101,4539470,"182,218,182",0.0,969.5921630859375,41.14424514770508,93.52351379394531,17.74132838630268,4590211,"182,218,182",0.0,504.74609375,36.77228546142578,84.50494384765625,17.74132838630268,4644975,"182,218,182",0.0,267.4791259765625,19.151960372924805,43.19880294799805,17.7412314472502,4576177,"182,218,182",0.0,1035.7796630859375,55.66494369506836,131.34893798828125,17.741092962889514,272035,"182,218,182",3,45327,45327.0,2917.0,2917.0,45327,45327.0,2917,2917.0,0,0.0,0,0.0,0.0004039588801157508,,,,
BraTS-GLI-02638-100,02638,100,5065960,"182,218,182",0.0,726.7653198242188,50.3919563293457,105.20929718017578,19.938493556045728,5082990,"182,218,182",0.0,608.8689575195312,46.79716873168945,98.4977798461914,19.938493556045728,5133491,"182,218,182",0.0,257.6332702636719,20.916906356811523,43.56919860839844,19.938465859173593,5179921,"182,218,182",0.0,1570.5511474609375,94.65042877197266,206.66250610351562,19.938424313865386,292718,"182,218,182",4,64865,64865.0,34130.0,34130.0,71069,71069.0,34130,34130.0,0,0.0,6204,6204.0,0.004726471230151037,6204.0,6204.0,,
BraTS-GLI-02638-101,02638,101,5491637,"182,218,182",0.0,957.63623046875,49.793983459472656,99.9091796875,21.61526219520977,5592728,"182,218,182",0.0,1171.603759765625,97.47752380371094,194.46791076660156,21.61526219520977,5581467,"182,218,182",0.0,490.4932861328125,34.54391860961914,70.05552673339844,21.614971378052335,5657830,"182,218,182",0.0,2797.450439453125,164.8981475830078,379.4562072753906,21.61432050155712,300475,"182,218,182",4,73286,73286.0,10728.0,10728.0,73938,73938.0,10728,10728.0,0,0.0,652,652.0,0.0014856602214198746,652.0,652.0,,
BraTS-GLI-02647-100,02647,100,6664537,"182,218,182",0.0,4062.93017578125,179.24468994140625,345.9356689453125,25.735518136465814,6765412,"182,218,182",0.0,1137.7679443359375,140.23202514648438,268.2557373046875,25.89613229798732,6595938,"182,218,182",0.0,1570.3863525390625,154.43357849121094,295.1488037109375,25.43182193348541,3348487,"182,218,182",0.0,6777.0,627.4891357421875,1198.6956787109375,26.762462761555412,34802,"182,218,182",3,42430,42430.0,104333.0,104333.0,42430,42430.0,104333,104333.0,0,0.0,0,0.0,0.01444848880326247,,,,
BraTS-GLI-02648-100,02648,100,3188370,"182,218,182",-160.0,11864.0,527.0975341796875,1007.012451171875,25.71305597316284,3168704,"182,218,182",-40.0,3480.0,421.7696228027344,807.994873046875,25.884305733584895,3069521,"182,218,182",-4.0,4578.0,376.1451110839844,696.0362548828125,25.75708015142434,3348878,"182,218,182",0.0,12372.0,557.6162109375,1057.051513671875,26.95582847437873,21172,"182,218,182",3,21267,21267.0,20114.0,20114.0,21267,21267.0,20114,20114.0,0,0.0,0,0.0,0.0027854744308015806,,,,
BraTS-GLI-02649-100,02649,100,3134470,"182,218,182",0.0,15132.0,549.016357421875,1039.621826171875,25.510439505045817,3142183,"182,218,182",0.0,5153.0,437.5778503417969,823.3189697265625,25.799096306455922,3068634,"182,218,182",0.0,4205.0,409.4206848144531,746.0789794921875,25.79355693202855,3300688,"182,218,182",0.0,9001.0,549.7766723632812,1021.5192260742188,26.720654333064857,20009,"182,218,182",4,18746,18746.0,9103.0,9103.0,19516,19516.0,9103,9103.0,0,0.0,770,770.0,0.0012606231353080833,770.0,770.0,,
BraTS-GLI-02650-100,02650,100,6681552,"182,218,182",0.0,4349.8759765625,189.4434814453125,363.22650146484375,25.887283147339605,6818678,"182,218,182",0.0,1562.557373046875,144.23011779785156,272.8218688964844,26.096117563251347,6687802,"182,218,182",0.0,1534.1796875,157.11476135253906,295.8326110839844,25.808319364877484,3256687,"182,218,182",0.0,6655.0,621.613525390625,1182.8404541015625,25.990661722590346,30862,"182,218,182",4,58240,58240.0,2008.0,2008.0,61670,61670.0,2008,2008.0,0,0.0,3430,3430.0,0.0002780765962538319,3430.0,3430.0,,
BraTS-GLI-02651-100,02651,100,6713652,"182,218,182",0.0,3084.474853515625,181.18435668945312,338.7750244140625,26.00986950341724,6935810,"182,218,182",0.0,1370.7686767578125,145.36083984375,271.256103515625,26.536622466151655,6751919,"182,218,182",0.0,1821.2396240234375,158.44827270507812,292.4986877441406,26.030711399700206,3295392,"182,218,182",0.0,7704.0,594.7545166015625,1116.3929443359375,26.47829285343148,23957,"182,218,182",4,18246,18246.0,60982.0,60982.0,18581,18581.0,60982,60982.0,0,0.0,335,335.0,0.008445053283242616,335.0,335.0,,
BraTS-GLI-02652-100,02652,100,6674145,"182,218,182",0.0,4245.18017578125,189.69512939453125,362.4896545410156,25.913456691508912,6890547,"182,218,182",0.0,1591.46826171875,146.2421112060547,273.2403869628906,26.370136567737134,6763294,"182,218,182",0.0,1615.7105712890625,162.61923217773438,300.2951354980469,26.12042156855142,3319388,"182,218,182",0.0,6683.0,578.6336669921875,1090.58056640625,26.650110399732334,29621,"182,218,182",4,57718,57718.0,42891.0,42891.0,57816,57816.0,42891,42891.0,0,0.0,98,98.0,0.005939732714105131,98.0,98.0,,
BraTS-GLI-02653-100,02653,100,6638837,"182,218,182",0.0,3722.1689453125,188.525634765625,355.2378845214844,25.68625924937045,6870488,"182,218,182",0.0,1114.1824951171875,149.6259765625,277.3936462402344,26.32413206311785,6739517,"182,218,182",0.0,1579.20458984375,169.5037078857422,311.9911193847656,26.00794457080373,3272107,"182,218,182",0.0,7030.0,531.7537231445312,1014.1669311523438,26.285508774923027,18502,"182,218,182",3,7223,7223.0,17863.0,17863.0,7223,7223.0,17863,17863.0,0,0.0,0,0.0,0.0024737461349014934,,,,
BraTS-GLI-02654-100,02654,100,6698981,"182,218,182",0.0,4751.80859375,185.22276306152344,363.17193603515625,25.89505211997399,6874121,"182,218,182",0.0,1425.5225830078125,143.8425750732422,270.5021667480469,26.342841300246278,6743917,"182,218,182",0.0,1697.6932373046875,156.2863006591797,300.52734375,25.877838513940944,3375539,"182,218,182",0.0,7386.0,650.916015625,1265.70458984375,26.68581166791672,35904,"182,218,182",5,65282,65282.0,36949.0,36949.0,67656,67656.0,36949,36949.0,172,172.0,2374,2374.0,0.005116858642919738,2374.0,2374.0,172.0,172.0
BraTS-GLI-02655-100,02655,100,6711281,"182,218,182",0.0,3450.671875,182.07745361328125,341.5399169921875,25.978752067571502,6875985,"182,218,182",0.0,1079.3426513671875,144.9954071044922,269.2581481933594,26.361107387420525,6645928,"182,218,182",0.0,1656.012939453125,167.1591033935547,314.3807678222656,25.66615132019911,3363021,"182,218,182",0.0,8580.0,647.8519897460938,1232.548828125,26.69025701589468,23977,"182,218,182",3,37788,37788.0,23345.0,23345.0,37788,37788.0,23345,23345.0,0,0.0,0,0.0,0.0032329174001721637,,,,
BraTS-GLI-02656-100,02656,100,3083766,"182,218,182",0.0,5954.0,561.1218872070312,984.772216796875,25.985413165320416,3046775,"182,218,182",0.0,3942.0,443.9505920410156,781.9607543945312,26.04458753264076,2769029,"182,218,182",0.0,1500.0,126.77827453613281,236.04444885253906,25.508985419258636,3035469,"182,218,182",0.0,2042.0,157.65467834472656,297.2381591796875,27.338045309867066,36310,"182,218,182",4,122101,122101.0,66202.0,66202.0,122112,122112.0,66202,66202.0,0,0.0,11,11.0,0.009167941646014033,11.0,11.0,,
BraTS-GLI-02657-100,02657,100,6759653,"182,218,182",0.0,4075.39404296875,185.25686645507812,347.1647033691406,26.17617537216287,6914972,"182,218,182",0.0,1347.6923828125,144.58633422851562,271.31256103515625,26.424990223004137,6770737,"182,218,182",0.0,1537.864013671875,158.33277893066406,291.190185546875,26.142412885028065,3317860,"182,218,182",0.0,6429.0,593.0942993164062,1110.641357421875,26.703883876986005,19353,"182,218,182",3,3117,3117.0,30786.0,30786.0,3117,3117.0,30786,30786.0,0,0.0,0,0.0,0.004263379528023141,,,,
BraTS-GLI-02658-100,02658,100,6776761,"182,218,182",0.0,3898.323486328125,192.57138061523438,358.0094299316406,26.352313630517077,6918451,"182,218,182",0.0,1150.166748046875,153.70188903808594,280.7003479003906,26.57937258829486,6762029,"182,218,182",0.0,1448.2093505859375,169.9917755126953,309.7212829589844,26.19838826361661,3342426,"182,218,182",0.0,6057.0,536.2306518554688,994.3237915039062,27.045261674508573,22055,"182,218,182",2,33924,33924.0,,,33924,33924.0,0,0.0,0,0.0,0,0.0,0.0,,,,
BraTS-GLI-02659-100,02659,100,6707019,"182,218,182",0.0,4823.17431640625,197.27040100097656,375.63018798828125,26.028287923388238,6875354,"182,218,182",0.0,1445.4990234375,150.37669372558594,279.7371520996094,26.355374134888198,6764327,"182,218,182",0.0,2174.84423828125,167.52638244628906,307.36529541015625,26.16916806351225,3297833,"182,218,182",0.0,6171.0,543.6142578125,1025.726318359375,26.556564214090173,20421,"182,218,182",4,22615,22615.0,11718.0,11718.0,22617,22617.0,11718,11718.0,0,0.0,2,2.0,0.001622759738497212,2.0,2.0,,
BraTS-GLI-02660-100,02660,100,6667364,"182,218,182",0.0,4093.13427734375,182.32847595214844,347.1634826660156,25.76923907829241,6803731,"182,218,182",0.0,1456.5126953125,141.52920532226562,268.56951904296875,26.024285725364464,6738813,"182,218,182",0.0,1788.8778076171875,166.98837280273438,311.4140319824219,26.018843289989572,3332130,"182,218,182",0.0,7664.0,668.7915649414062,1248.6258544921875,26.511778371844912,47136,"182,218,182",5,78149,78149.0,78356.0,78356.0,102147,102147.0,78356,78356.0,13036,13036.0,23998,23998.0,0.010851080565769547,23998.0,23998.0,13036.0,13036.0
BraTS-GLI-02661-100,02661,100,6689910,"182,218,182",0.0,4007.24609375,193.11997985839844,363.4256896972656,26.032816361982608,6872870,"182,218,182",0.0,1425.599609375,151.67808532714844,278.59576416015625,26.410310880771615,6684148,"182,218,182",0.0,1546.6484375,166.5336151123047,305.77886962890625,25.935946551684026,3280869,"182,218,182",0.0,6534.0,551.1363525390625,1024.0218505859375,26.724365713931192,20151,"182,218,182",3,2125,2125.0,50558.0,50558.0,2125,2125.0,50558,50558.0,0,0.0,0,0.0,0.007001492307470733,,,,
BraTS-GLI-02662-100,02662,100,3138898,"182,218,182",0.0,9889.0,445.2279968261719,857.1611328125,25.792809116480857,3138349,"182,218,182",0.0,3669.0,386.9825439453125,744.4281616210938,25.91356747899746,3006003,"182,218,182",0.0,4027.0,329.8129577636719,622.537353515625,25.45187446891248,3347679,"182,218,182",0.0,8960.0,544.7838745117188,1045.2943115234375,26.961783301888154,20753,"182,218,182",3,10855,10855.0,33443.0,33443.0,10855,10855.0,33443,33443.0,0,0.0,0,0.0,0.0046313324743610055,,,,
BraTS-GLI-02663-100,02663,100,6663614,"182,218,182",0.0,3849.348388671875,190.37767028808594,364.3477783203125,25.754712068856637,6841433,"182,218,182",0.0,1227.9708251953125,145.1348114013672,272.53106689453125,26.188458934955555,6692707,"182,218,182",0.0,2141.8544921875,171.3560791015625,330.36163330078125,25.727029045155874,3333038,"182,218,182",0.0,6197.0,572.7428588867188,1095.21630859375,26.522510909797937,44778,"182,218,182",5,108222,108222.0,37219.0,37219.0,127218,127218.0,37219,37219.0,1000,1000.0,18996,18996.0,0.005154249420304466,18996.0,18996.0,1000.0,1000.0
BraTS-GLI-02664-100,02664,100,6650059,"182,218,182",0.0,3833.89599609375,187.19088745117188,358.5064697265625,25.752496319085694,6814021,"182,218,182",0.0,1361.3070068359375,145.9267578125,272.0196228027344,26.157327650673757,6736118,"182,218,182",0.0,1992.531982421875,165.65045166015625,311.006591796875,25.96101222096786,3271476,"182,218,182",0.0,5725.0,539.8849487304688,1006.2816772460938,26.764207664500034,30535,"182,218,182",3,37590,37590.0,94832.0,94832.0,37590,37590.0,94832,94832.0,0,0.0,0,0.0,0.013132748892402082,,,,
BraTS-GLI-02665-100,02665,100,6663336,"182,218,182",0.0,3538.226318359375,185.3576202392578,349.2386169433594,25.842428062913996,6845648,"182,218,182",0.0,1170.791015625,146.53326416015625,271.8658142089844,26.259806077580045,6716405,"182,218,182",0.0,1655.2108154296875,163.38658142089844,302.8260803222656,25.928246821229983,3265594,"182,218,182",0.0,7586.0,569.5636596679688,1069.931884765625,26.254211309408404,25962,"182,218,182",3,32254,32254.0,29347.0,29347.0,32254,32254.0,29347,29347.0,0,0.0,0,0.0,0.004064100532998607,,,,
BraTS-GLI-02666-100,02666,100,3182386,"182,218,182",0.0,15521.0,587.796630859375,1118.4991455078125,25.88646608961157,3154186,"182,218,182",0.0,3422.0,405.13739013671875,762.4994506835938,26.146650506465,3043741,"182,218,182",0.0,3219.0,344.2764892578125,639.6058349609375,25.78135645985228,3302415,"182,218,182",0.0,8640.0,498.1300354003906,974.9349365234375,26.786212829412747,27625,"182,218,182",3,30810,30810.0,60260.0,60260.0,30810,30810.0,60260,60260.0,0,0.0,0,0.0,0.008345067574828639,,,,
BraTS-GLI-02675-100,02675,100,3229589,"182,218,182",0.0,11207.0,679.7626953125,1233.6519775390625,26.21762374131564,3222788,"182,218,182",0.0,4062.0,608.8759155273438,1096.9852294921875,26.41586410363505,2958594,"182,218,182",0.0,2493.0,183.66885375976562,342.55419921875,25.98027539553903,3436771,"182,218,182",0.0,8471.0,482.4035949707031,933.8042602539062,27.63307239186864,39080,"182,218,182",4,89281,89281.0,17911.0,17911.0,97781,97781.0,17911,17911.0,0,0.0,8500,8500.0,0.002480393384214334,8500.0,8500.0,,
BraTS-GLI-02685-100,02685,100,6674576,"182,218,182",0.0,3792.32470703125,183.54327392578125,349.14385986328125,25.772133401430708,6775733,"182,218,182",0.0,1722.0859375,145.11260986328125,273.05230712890625,25.932816805132564,6652393,"182,218,182",0.0,1933.3487548828125,169.7322540283203,327.4810485839844,25.599678827070697,3343537,"182,218,182",0.0,7430.0,594.1268310546875,1145.2479248046875,26.57638132610408,34588,"182,218,182",5,93018,93018.0,7975.0,7975.0,97195,97195.0,7975,7975.0,1277,1277.0,4177,4177.0,0.0011044127764563293,4177.0,4177.0,1277.0,1277.0
BraTS-GLI-02688-100,02688,100,6832362,"182,218,182",0.0,3674.135986328125,187.6964874267578,346.1434631347656,26.43885250750862,6954191,"182,218,182",0.0,1365.3775634765625,149.51300048828125,276.28564453125,26.601363904771507,6793716,"182,218,182",0.0,1440.5750732421875,162.56370544433594,296.5511169433594,26.21705595543684,3373238,"182,218,182",0.0,7472.0,620.2432250976562,1158.730712890625,26.931095167560535,18833,"182,218,182",3,13334,13334.0,6601.0,6601.0,13334,13334.0,6601,6601.0,0,0.0,0,0.0,0.000914135264876267,,,,
BraTS-GLI-02689-100,02689,100,3259005,"182,218,182",-184.0,18300.0,988.8010864257812,1840.4437255859375,25.409359770182434,3263199,"182,218,182",0.0,9337.0,824.7798461914062,1507.4935302734375,25.807363822788766,2951227,"182,218,182",0.0,3642.0,225.63833618164062,446.3835144042969,25.126270040071834,3600985,"182,218,182",0.0,9336.0,907.0265502929688,1646.000732421875,27.872525699927657,28195,"182,218,182",4,28925,28925.0,,,40157,40157.0,0,0.0,2732,2732.0,11232,11232.0,0.0,11232.0,11232.0,2732.0,2732.0
BraTS-GLI-02693-100,02693,100,3113194,"182,218,182",-165.0,7759.0,575.880615234375,1040.27197265625,25.783392179954333,3120558,"182,218,182",-39.0,3732.0,493.96954345703125,888.0780029296875,26.139643197814383,2918045,"182,218,182",0.0,2916.0,212.2209014892578,394.5105285644531,25.510120991016244,3204831,"182,218,182",0.0,4598.0,349.988525390625,631.4063110351562,27.09353732264308,22702,"182,218,182",2,61747,61747.0,,,61747,61747.0,0,0.0,0,0.0,0,0.0,0.0,,,,
BraTS-GLI-02694-100,02694,100,2934511,"182,218,182",-35.0,4959.0,214.0582275390625,412.44720458984375,25.45112665336478,2915909,"182,218,182",-7.0,2333.0,184.43157958984375,352.62744140625,25.612710205411084,2746489,"182,218,182",-18.0,1502.0,125.08898162841797,237.7200469970703,25.22505093454786,3203464,"182,218,182",0.0,4031.0,347.400390625,647.4735107421875,26.735389069041656,30610,"182,218,182",4,35894,35894.0,42235.0,42235.0,36904,36904.0,42235,42235.0,0,0.0,1010,1010.0,0.005848886973496309,1010.0,1010.0,,
BraTS-GLI-02698-100,02698,100,2893642,"182,218,182",-20.0,4127.0,198.1177978515625,377.7893981933594,25.458369385428565,2901666,"182,218,182",-13.0,1472.0,179.58544921875,339.38543701171875,25.808430152366036,2685684,"182,218,182",-19.0,1749.0,110.54068756103516,209.28497314453125,25.166998290549053,3218069,"182,218,182",0.0,3443.0,281.9135437011719,506.9309387207031,27.677581265392536,24720,"182,218,182",3,16296,16296.0,41137.0,41137.0,16296,16296.0,41137,41137.0,0,0.0,0,0.0,0.00569683114546508,,,,
BraTS-GLI-02699-100,02699,100,2736199,"182,218,182",0.0,3798.0,117.29456329345703,240.2706756591797,24.62915273052384,2680525,"182,218,182",0.0,1041.0,92.83910369873047,187.57691955566406,24.628543399336827,2669331,"182,218,182",0.0,1232.0,126.7251205444336,253.1863555908203,24.378274462708376,3028593,"182,218,182",0.0,3014.0,286.92730712890625,538.2167358398438,25.740835935916085,39619,"182,218,182",4,132750,132750.0,,,147137,147137.0,0,0.0,459,459.0,14387,14387.0,0.0,14387.0,14387.0,459.0,459.0
BraTS-GLI-02701-100,02701,100,6728316,"182,218,182",0.0,4070.8896484375,193.5470733642578,365.80670166015625,26.03918664257408,6885439,"182,218,182",0.0,1246.4676513671875,151.66676330566406,281.53607177734375,26.4089121887287,6777336,"182,218,182",0.0,1794.8677978515625,165.41796875,304.0978698730469,26.213247635518027,3303235,"182,218,182",0.0,6260.0,533.1484375,1030.523681640625,26.5219569723552,22239,"182,218,182",3,24210,24210.0,12870.0,12870.0,24210,24210.0,12870,12870.0,0,0.0,0,0.0,0.0017822937220053866,,,,
BraTS-GLI-02707-100,02707,100,3142411,"182,218,182",0.0,10289.0,461.46563720703125,896.6360473632812,25.473159515149636,3123093,"182,218,182",0.0,4635.0,375.7848815917969,733.6632690429688,25.550475333719614,3055744,"182,218,182",0.0,3850.0,375.3544006347656,710.095703125,25.417696528695622,3346531,"182,218,182",0.0,7128.0,620.2103881835938,1182.298828125,26.558586085756165,27156,"182,218,182",3,62406,62406.0,22635.0,22635.0,62406,62406.0,22635,22635.0,0,0.0,0,0.0,0.0031345935040863965,,,,
BraTS-GLI-02708-100,02708,100,3087673,"182,218,182",-119.0,9810.0,419.30224609375,817.48876953125,25.32236389480063,3086060,"182,218,182",-49.0,4044.0,365.7427978515625,709.984619140625,25.442831440159804,2970461,"182,218,182",-16.0,3193.0,297.8080749511719,569.418212890625,25.11161839471145,3315864,"182,218,182",0.0,6195.0,531.1981811523438,1015.4971923828125,26.71766307087408,25711,"182,218,182",3,44061,44061.0,191.0,191.0,44061,44061.0,191,191.0,0,0.0,0,0.0,2.645051289067823e-05,,,,
BraTS-GLI-02709-100,02709,100,3157363,"182,218,182",0.0,9751.0,518.7359619140625,975.43310546875,25.64954704535307,3175876,"182,218,182",0.0,4098.0,444.4364013671875,833.2817993164062,25.902890334788715,3031145,"182,218,182",0.0,2966.0,366.303466796875,670.1282348632812,25.57561024518379,3317200,"182,218,182",0.0,7099.0,519.9942626953125,972.543212890625,26.893662844867606,18779,"182,218,182",3,11708,11708.0,2908.0,2908.0,11708,11708.0,2908,2908.0,0,0.0,0,0.0,0.0004027125208695932,,,,
BraTS-GLI-02717-100,02717,100,3168349,"182,218,182",0.0,16074.0,688.2482299804688,1272.0665283203125,25.771177859341986,3179270,"182,218,182",0.0,4968.0,621.541748046875,1132.1124267578125,25.976550166236628,2983048,"182,218,182",0.0,3034.0,274.081787109375,520.9722290039062,25.335215243472124,3464130,"182,218,182",0.0,9421.0,587.0787353515625,1153.3748779296875,27.353320134850527,17952,"182,218,182",3,11553,11553.0,4861.0,4861.0,11553,11553.0,4861,4861.0,0,0.0,0,0.0,0.0006731724772857952,,,,
BraTS-GLI-02710-100,02710,100,6628398,"182,218,182",0.0,4221.66650390625,188.10232543945312,361.7383728027344,25.74035124065369,6742022,"182,218,182",0.0,1170.9234619140625,142.88600158691406,269.7260437011719,25.81450961580007,6655459,"182,218,182",0.0,1446.296142578125,161.668701171875,302.86865234375,25.736279800449573,3258279,"182,218,182",0.0,6534.0,601.4261474609375,1131.313720703125,26.191228622169245,38590,"182,218,182",3,117214,117214.0,16887.0,16887.0,117214,117214.0,16887,16887.0,0,0.0,0,0.0,0.002338585398873734,,,,
BraTS-GLI-02718-100,02718,100,3168322,"182,218,182",-151.0,12325.0,495.1709289550781,968.9701538085938,25.389390325371775,3127160,"182,218,182",-25.0,5043.0,394.2309875488281,764.0902709960938,25.50891617707829,3054895,"182,218,182",-15.0,4648.0,372.4622802734375,740.0661010742188,25.147748964413953,3375176,"182,218,182",0.0,7431.0,711.2255249023438,1358.8585205078125,26.417124311317274,34956,"182,218,182",4,89982,89982.0,12770.0,12770.0,90532,90532.0,12770,12770.0,0,0.0,550,550.0,0.0017684452859369685,550.0,550.0,,
BraTS-GLI-02719-100,02719,100,3155914,"182,218,182",0.0,12202.0,495.656494140625,949.5673828125,25.685262161973526,3167732,"182,218,182",0.0,3554.0,418.82989501953125,793.3788452148438,26.013871701441012,3074425,"182,218,182",0.0,3429.0,395.4136962890625,724.1067504882812,25.9004391616046,3305236,"182,218,182",0.0,7238.0,573.6693115234375,1065.550537109375,26.67491294873087,20317,"182,218,182",3,22332,22332.0,13382.0,13382.0,22332,22332.0,13382,13382.0,0,0.0,0,0.0,0.0018531977146756863,,,,
BraTS-GLI-02720-100,02720,100,6766285,"182,218,182",0.0,3946.240478515625,199.8311004638672,372.40692138671875,26.266425630020752,6964194,"182,218,182",0.0,1154.796142578125,151.45111083984375,277.8540954589844,26.694342304534864,6767184,"182,218,182",0.0,1729.5240478515625,163.79312133789062,298.41925048828125,26.137011994961384,3280816,"182,218,182",0.0,5767.0,533.3152465820312,966.3914794921875,26.841011090935478,18839,"182,218,182",3,10678,10678.0,19753.0,19753.0,10678,10678.0,19753,19753.0,0,0.0,0,0.0,0.002735481576594592,,,,
BraTS-GLI-02721-100,02721,100,3224875,"182,218,182",-450.0,14683.0,540.7478637695312,1053.7969970703125,25.970733823087894,3209146,"182,218,182",-33.0,5820.0,419.528076171875,792.758544921875,26.135225546708558,3082071,"182,218,182",-2.0,5328.0,395.88665771484375,731.8241577148438,25.739949636007708,3306373,"182,218,182",0.0,8484.0,541.2699584960938,1021.3621826171875,26.667974882260598,22978,"182,218,182",4,34373,34373.0,11792.0,11792.0,34374,34374.0,11792,11792.0,0,0.0,1,1.0,0.0016330075811878412,1.0,1.0,,
BraTS-GLI-02723-100,02723,100,2920476,"182,218,182",0.0,5652.0,217.48394775390625,414.2717590332031,25.53763783348419,2895864,"182,218,182",-22.0,1888.0,171.00732421875,323.1936340332031,25.663478572037903,2718467,"182,218,182",0.0,1374.0,113.43487548828125,212.16639709472656,25.44841235989537,3184350,"182,218,182",0.0,3381.0,287.8379821777344,530.134033203125,27.16271026080483,29572,"182,218,182",4,107087,107087.0,11401.0,11401.0,107695,107695.0,11401,11401.0,0,0.0,608,608.0,0.0015788601961603272,608.0,608.0,,
BraTS-GLI-02722-100,02722,100,3136344,"182,218,182",-92.0,11403.0,476.3157958984375,905.3302612304688,25.590026467131015,3128228,"182,218,182",-57.0,5365.0,410.9338684082031,771.8662719726562,25.791507363490428,3021635,"182,218,182",-27.0,3672.0,300.2039489746094,565.4020385742188,25.528760985964333,3130371,"182,218,182",0.0,3032.0,301.95843505859375,549.7855834960938,26.734267345720113,20338,"182,218,182",3,23766,23766.0,688.0,688.0,23766,23766.0,688,688.0,0,0.0,0,0.0,9.52772401507153e-05,,,,
BraTS-GLI-02724-100,02724,100,3125692,"182,218,182",0.0,13121.0,463.1422424316406,937.376953125,25.186399949480904,3088747,"182,218,182",0.0,4755.0,364.8145751953125,718.162841796875,25.305967346495628,3025690,"182,218,182",0.0,4278.0,381.5831604003906,754.6669921875,24.885016435323926,3336234,"182,218,182",0.0,8373.0,680.6892700195312,1296.454345703125,26.30931423652464,40942,"182,218,182",5,149159,149159.0,3666.0,3666.0,149252,149252.0,3666,3666.0,371,371.0,93,93.0,0.000507683666268201,93.0,93.0,371.0,371.0
BraTS-GLI-02725-100,02725,100,3096753,"182,218,182",-71.0,7381.0,479.8617858886719,854.2777099609375,26.25040298948959,3112558,"182,218,182",-9.0,2881.0,444.1034851074219,788.44970703125,26.497583724874787,2873286,"182,218,182",0.0,2168.0,177.69100952148438,327.37713623046875,25.68538679789814,3448092,"182,218,182",0.0,7289.0,492.00628662109375,905.0899047851562,27.986927630288854,18881,"182,218,182",3,22036,22036.0,844.0,844.0,22036,22036.0,844,844.0,0,0.0,0,0.0,0.00011688080041744725,,,,
BraTS-GLI-02726-100,02726,100,6789406,"182,218,182",0.0,3737.24755859375,189.46405029296875,355.90234375,26.20938392185494,6917276,"182,218,182",0.0,1359.4837646484375,145.57041931152344,272.769287109375,26.423342259111994,6770788,"182,218,182",0.0,1432.5726318359375,161.60130310058594,296.5820007324219,26.118344303141157,3359765,"182,218,182",0.0,6669.0,609.1951293945312,1129.33935546875,26.945511389507757,22840,"182,218,182",4,26119,26119.0,10897.0,10897.0,26701,26701.0,10897,10897.0,0,0.0,582,582.0,0.0015090640783755008,582.0,582.0,,
BraTS-GLI-02727-100,02727,100,6623365,"182,218,182",0.0,4692.7734375,194.79400634765625,377.4693603515625,25.57649654509217,6739527,"182,218,182",0.0,1475.6302490234375,142.95230102539062,270.5293273925781,25.746430704087725,6641439,"182,218,182",0.0,1888.9251708984375,171.26817321777344,328.91845703125,25.556914856491424,3317610,"182,218,182",0.0,6551.0,594.6104736328125,1137.895751953125,26.19874832295439,50484,"182,218,182",5,136898,136898.0,4904.0,4904.0,179879,179879.0,4904,4904.0,13132,13132.0,42981,42981.0,0.0006791273047952149,42981.0,42981.0,13132.0,13132.0
BraTS-GLI-02735-100,02735,100,4702358,"182,218,182",0.0,7480.146484375,349.5380859375,782.8607177734375,18.133917700406258,4701340,"182,218,182",0.0,2978.4775390625,303.5188293457031,676.4859008789062,18.133917700406258,4733309,"182,218,182",0.0,1796.0927734375,102.0302505493164,237.58575439453125,18.134651667517883,4715839,"182,218,182",0.0,2648.777099609375,146.88522338867188,364.7099304199219,18.133917700406258,40137,"182,218,182",4,21178,21178.0,28445.0,28445.0,22025,22025.0,28445,28445.0,0,0.0,847,847.0,0.003939187639661478,847.0,847.0,,
BraTS-GLI-02735-101,02735,101,4514521,"182,218,182",0.0,10550.294921875,398.3377685546875,921.3412475585938,17.700835559238623,4597495,"182,218,182",0.0,3563.1982421875,326.5511779785156,746.9097290039062,17.700835559238623,4541460,"182,218,182",0.0,2465.620361328125,148.15943908691406,346.0940856933594,17.700835559238623,4563441,"182,218,182",0.0,7089.41015625,382.9944763183594,929.3029174804688,17.700835559238623,38895,"182,218,182",4,18069,18069.0,29948.0,29948.0,18371,18371.0,29948,29948.0,0,0.0,302,302.0,0.004147329633769799,302.0,302.0,,
BraTS-GLI-02736-100,02736,100,5326399,"182,218,182",0.0,9026.990234375,577.9775390625,1182.7589111328125,20.914545178583893,5389202,"182,218,182",0.0,4681.47998046875,490.27349853515625,991.6219482421875,20.914545178583893,5424091,"182,218,182",0.0,1893.6968994140625,129.51559448242188,271.5892333984375,20.91394969583295,5399515,"182,218,182",0.0,3744.88623046875,234.81509399414062,535.9791259765625,20.914545178583893,30097,"182,218,182",2,8137,8137.0,,,8137,8137.0,0,0.0,0,0.0,0,0.0,0.0,,,,
BraTS-GLI-02736-101,02736,101,5025408,"182,218,182",0.0,8015.9931640625,425.1632080078125,895.0656127929688,19.70636607066691,4987141,"182,218,182",0.0,4156.9873046875,325.0670166015625,675.849853515625,19.70636607066691,5130073,"182,218,182",0.0,1152.3521728515625,80.84396362304688,175.3984375,19.70636607066691,5069727,"182,218,182",0.0,2637.802490234375,155.47976684570312,363.9307861328125,19.70636607066691,30378,"182,218,182",2,8365,8365.0,,,8365,8365.0,0,0.0,0,0.0,0,0.0,0.0,,,,
BraTS-GLI-02737-100,02737,100,5616926,"182,218,182",0.0,10015.533203125,516.384765625,1061.1378173828125,21.71515096457127,5619861,"182,218,182",0.0,3255.64453125,330.75067138671875,672.97314453125,21.71515096457127,5620265,"182,218,182",0.0,2082.763671875,173.92568969726562,362.4556579589844,21.715635659833662,5662663,"182,218,182",0.0,5294.09228515625,341.0179748535156,781.4369506835938,21.71515096457127,53994,"182,218,182",4,70913,70913.0,7123.0,7123.0,80640,80640.0,7123,7123.0,0,0.0,9727,9727.0,0.0009864241011534086,9727.0,9727.0,,
BraTS-GLI-02737-101,02737,101,5278890,"182,218,182",0.0,7342.0400390625,429.6064453125,874.12890625,20.731067249113423,5224733,"182,218,182",0.0,3735.069580078125,333.0992431640625,668.3233032226562,20.731067249113423,5369030,"182,218,182",0.0,1576.373291015625,120.41088104248047,254.5009307861328,20.731067249113423,5301886,"182,218,182",0.0,2679.15087890625,180.5844268798828,406.30389404296875,20.731067249113423,53267,"182,218,182",4,69559,69559.0,9091.0,9091.0,75981,75981.0,9091,9091.0,0,0.0,6422,6422.0,0.0012589613229798732,6422.0,6422.0,,
BraTS-GLI-02739-100,02739,100,4949626,"182,218,182",0.0,6832.3291015625,366.7204895019531,796.104248046875,19.116602723821195,4943723,"182,218,182",0.0,3786.989501953125,320.9981384277344,690.1617431640625,19.116602723821195,4966206,"182,218,182",0.0,1640.1998291015625,117.3934555053711,261.3924865722656,19.11787677993949,4954802,"182,218,182",0.0,2694.95947265625,160.91758728027344,383.6889343261719,19.116602723821195,37059,"182,218,182",4,9346,9346.0,14393.0,14393.0,11901,11901.0,14393,14393.0,0,0.0,2555,2555.0,0.0019932054033273915,2555.0,2555.0,,
BraTS-GLI-02739-101,02739,101,4677347,"182,218,182",0.0,8312.6796875,387.1094665527344,848.1351318359375,18.370061232244918,4738910,"182,218,182",0.0,4793.998046875,341.0326843261719,738.3826293945312,18.370061232244918,4759338,"182,218,182",0.0,1572.0699462890625,111.0587158203125,251.55262756347656,18.370061232244918,4714384,"182,218,182",0.0,2773.232177734375,157.09860229492188,383.49151611328125,18.370061232244918,36991,"182,218,182",4,9405,9405.0,18750.0,18750.0,12118,12118.0,18750,18750.0,0,0.0,2713,2713.0,0.00259658176282836,2713.0,2713.0,,
BraTS-GLI-02740-100,02740,100,5478554,"182,218,182",0.0,5945.392578125,384.6111145019531,776.9370727539062,21.28474157156484,5447373,"182,218,182",0.0,3427.54443359375,352.8901062011719,706.4640502929688,21.28474157156484,5538324,"182,218,182",0.0,1614.289306640625,121.04520416259766,255.8077392578125,21.285489387112534,5461545,"182,218,182",0.0,2620.8095703125,186.98516845703125,415.46258544921875,21.28474157156484,50498,"182,218,182",4,56092,56092.0,,,69673,69673.0,0,0.0,7213,7213.0,13581,13581.0,0.0,13581.0,13581.0,7213.0,7213.0
BraTS-GLI-02740-101,02740,101,5247536,"182,218,182",0.0,6530.3828125,450.6858825683594,913.9033813476562,20.59899471432892,5299830,"182,218,182",0.0,4041.133544921875,391.4637451171875,787.8216552734375,20.59899471432892,5341062,"182,218,182",0.0,1506.0771484375,114.79560089111328,244.877685546875,20.59899471432892,5220405,"182,218,182",0.0,2759.38720703125,193.17404174804688,432.3387451171875,20.59899471432892,54895,"182,218,182",4,74189,74189.0,,,84706,84706.0,0,0.0,6805,6805.0,10517,10517.0,0.0,10517.0,10517.0,6805.0,6805.0
BraTS-GLI-02741-100,02741,100,5406124,"182,218,182",0.0,7565.36474609375,486.5988464355469,984.1873168945312,21.1776793123199,5473665,"182,218,182",0.0,3360.8427734375,434.05865478515625,872.9160766601562,21.1776793123199,5484626,"182,218,182",0.0,1555.1251220703125,123.45477294921875,254.85455322265625,21.17539432036861,5450131,"182,218,182",0.0,2836.594482421875,155.35501098632812,341.36883544921875,21.1776793123199,29282,"182,218,182",2,3200,3200.0,,,3200,3200.0,0,0.0,0,0.0,0,0.0,0.0,,,,
BraTS-GLI-02741-101,02741,101,5279914,"182,218,182",0.0,9200.216796875,743.539794921875,1498.153564453125,20.949027784394254,5365015,"182,218,182",0.0,4499.06787109375,583.7749633789062,1187.0521240234375,20.949027784394254,5327390,"182,218,182",0.0,2089.423828125,161.31610107421875,331.78118896484375,20.949027784394254,5344880,"182,218,182",0.0,4717.7900390625,321.75982666015625,679.6325073242188,20.949027784394254,29286,"182,218,182",2,3218,3218.0,,,3218,3218.0,0,0.0,0,0.0,0,0.0,0.0,,,,
BraTS-GLI-02742-100,02742,100,5970368,"182,218,182",0.0,8134.51171875,420.9657897949219,862.564453125,22.84630507107571,5941642,"182,218,182",0.0,5113.40673828125,562.9537963867188,1110.7535400390625,22.84630507107571,5928776,"182,218,182",0.0,2065.3701171875,180.1735382080078,367.0181579589844,22.84501716652135,5979560,"182,218,182",0.0,4103.68408203125,401.8578186035156,829.805908203125,22.84630507107571,54138,"182,218,182",5,43482,43482.0,3876.0,3876.0,77167,77167.0,3876,3876.0,5798,5798.0,33685,33685.0,0.0005367653820118786,33685.0,33685.0,5798.0,5798.0
BraTS-GLI-02742-101,02742,101,5395280,"182,218,182",0.0,7393.41796875,419.0148010253906,857.2339477539062,21.049124280296777,5337131,"182,218,182",0.0,3725.490478515625,335.6784362792969,668.55615234375,21.049124280296777,5486688,"182,218,182",0.0,1502.33935546875,112.12762451171875,240.62149047851562,21.049124280296777,5395814,"182,218,182",0.0,2816.963134765625,226.37635803222656,509.3775329589844,21.049124280296777,63542,"182,218,182",5,72260,72260.0,4374.0,4374.0,106214,106214.0,4374,4374.0,9227,9227.0,33954,33954.0,0.0006057305936325999,33954.0,33954.0,9227.0,9227.0
BraTS-GLI-02743-100,02743,100,5753385,"182,218,182",0.0,6990.55810546875,425.68402099609375,842.7354125976562,22.218777039071426,5633958,"182,218,182",0.0,3168.66845703125,334.41021728515625,656.9115600585938,22.218777039071426,5814315,"182,218,182",0.0,1466.2484130859375,112.23765563964844,231.9658660888672,22.217544528261335,5731150,"182,218,182",0.0,2749.3759765625,201.4562530517578,448.2362365722656,22.218777039071426,46321,"182,218,182",4,34856,34856.0,70166.0,70166.0,35472,35472.0,70166,70166.0,0,0.0,616,616.0,0.00971689365176612,616.0,616.0,,
BraTS-GLI-02743-101,02743,101,5353525,"182,218,182",0.0,6526.01708984375,370.1743469238281,742.0592651367188,21.381860653712657,5496113,"182,218,182",0.0,4341.248046875,379.36328125,751.9092407226562,21.381860653712657,5532868,"182,218,182",0.0,1616.1644287109375,118.89225769042969,248.7601318359375,21.381860653712657,5446673,"182,218,182",0.0,2901.302978515625,191.3618927001953,429.0404357910156,21.381860653712657,47351,"182,218,182",4,37438,37438.0,65655.0,65655.0,38778,38778.0,65655,65655.0,0,0.0,1340,1340.0,0.009092190700719786,1340.0,1340.0,,
BraTS-GLI-02744-100,02744,100,4965592,"182,218,182",0.0,8037.73046875,430.2530822753906,934.5320434570312,19.256707351525375,5003038,"182,218,182",0.0,3588.048828125,367.0987243652344,784.35107421875,19.256707351525375,5029220,"182,218,182",0.0,1603.70361328125,112.96180725097656,256.3962707519531,19.256278050007257,4967435,"182,218,182",0.0,3002.802978515625,193.2989959716797,455.8216247558594,19.256707351525375,49860,"182,218,182",4,70729,70729.0,22237.0,22237.0,70797,70797.0,22237,22237.0,0,0.0,68,68.0,0.003079476728534093,68.0,68.0,,
BraTS-GLI-02744-101,02744,101,4901856,"182,218,182",0.0,10334.77734375,548.4440307617188,1198.4429931640625,19.221006083340995,4968300,"182,218,182",0.0,4329.806640625,435.9716491699219,946.7813110351562,19.221006083340995,4948068,"182,218,182",0.0,2747.6748046875,188.1734161376953,425.4761047363281,19.221006083340995,4974461,"182,218,182",0.0,6228.80712890625,406.2226257324219,926.4363403320312,19.221006083340995,51347,"182,218,182",4,68564,68564.0,22666.0,22666.0,68615,68615.0,22666,22666.0,0,0.0,51,51.0,0.003138886519267606,51.0,51.0,,
BraTS-GLI-02745-100,02745,100,6831267,"182,218,182",0.0,5377.3662109375,456.1727600097656,795.3414916992188,26.66930433212317,6895866,"182,218,182",0.0,3116.797607421875,502.0599670410156,880.4529418945312,26.66930433212317,6965936,"182,218,182",0.0,1449.40234375,126.63565063476562,228.9487762451172,26.668514971267264,6956706,"182,218,182",0.0,2537.66748046875,206.6072540283203,424.4723205566406,26.66930433212317,34017,"182,218,182",4,8491,8491.0,,,16871,16871.0,0,0.0,106,106.0,8380,8380.0,0.0,8380.0,8380.0,106.0,106.0
BraTS-GLI-02745-101,02745,101,6526752,"182,218,182",0.0,6880.97216796875,498.6640930175781,878.5872802734375,25.80078581565627,6614894,"182,218,182",0.0,4076.87548828125,540.197021484375,953.7111206054688,25.80078581565627,6669007,"182,218,182",0.0,1544.0445556640625,136.44581604003906,248.9040069580078,25.80078581565627,6630639,"182,218,182",0.0,2628.579833984375,206.37574768066406,424.5635681152344,25.80078581565627,35112,"182,218,182",4,8473,8473.0,,,18691,18691.0,0,0.0,183,183.0,10218,10218.0,0.0,10218.0,10218.0,183.0,183.0
BraTS-GLI-02746-100,02746,100,5822277,"182,218,182",0.0,9757.3173828125,579.5319213867188,1131.25341796875,22.825573962281293,5947148,"182,218,182",0.0,3828.4736328125,476.5093688964844,940.7368774414062,22.825573962281293,5841105,"182,218,182",0.0,2466.1025390625,235.10040283203125,468.1617126464844,22.8261832934683,5837886,"182,218,182",0.0,4136.53125,299.51239013671875,595.1504516601562,22.825573962281293,36014,"182,218,182",4,18093,18093.0,13040.0,13040.0,18213,18213.0,13040,13040.0,0,0.0,120,120.0,0.001805836063321697,120.0,120.0,,
BraTS-GLI-02746-101,02746,101,5695524,"182,218,182",0.0,8919.2646484375,488.9978332519531,963.623046875,22.29821166835987,5779263,"182,218,182",0.0,3070.099853515625,393.95391845703125,777.3514404296875,22.29821166835987,5668834,"182,218,182",0.0,2532.8310546875,215.29774475097656,430.09661865234375,22.29821166835987,5731400,"182,218,182",0.0,5064.3203125,392.1641845703125,770.7736206054688,22.29821166835987,35901,"182,218,182",4,18696,18696.0,11391.0,11391.0,18764,18764.0,11391,11391.0,0,0.0,68,68.0,0.0015774753525534854,68.0,68.0,,
BraTS-GLI-02747-100,02747,100,5570694,"182,218,182",0.0,8414.923828125,492.1172180175781,995.124267578125,21.60765940380821,5592191,"182,218,182",0.0,3583.265625,358.31390380859375,716.2433471679688,21.60765940380821,5662938,"182,218,182",0.0,1351.6990966796875,107.69168853759766,223.2913818359375,21.60829643186736,5653746,"182,218,182",0.0,2509.37841796875,175.3025360107422,397.6194763183594,21.60765940380821,37546,"182,218,182",4,14262,14262.0,7530.0,7530.0,19667,19667.0,7530,7530.0,0,0.0,5405,5405.0,0.0010427872359518695,5405.0,5405.0,,
BraTS-GLI-02747-101,02747,101,5297741,"182,218,182",0.0,8606.76953125,422.7420959472656,868.9363403320312,20.75566207157093,5332679,"182,218,182",0.0,3860.869140625,356.4203186035156,718.9614868164062,20.75566207157093,5412130,"182,218,182",0.0,1385.4896240234375,99.4721450805664,210.33285522460938,20.75566207157093,5351978,"182,218,182",0.0,2695.281982421875,175.92929077148438,403.8293762207031,20.75566207157093,37167,"182,218,182",4,14064,14064.0,4366.0,4366.0,20756,20756.0,4366,4366.0,0,0.0,6692,6692.0,0.0006046227187471265,6692.0,6692.0,,
BraTS-GLI-02748-100,02748,100,6197678,"182,218,182",0.0,6557.8037109375,509.5519714355469,950.2237548828125,24.06356875305358,6244082,"182,218,182",0.0,2760.543701171875,427.20025634765625,798.6817016601562,24.06356875305358,6275554,"182,218,182",0.0,1201.0340576171875,123.65021514892578,233.64041137695312,24.064067296752043,6138852,"182,218,182",0.0,2654.4619140625,179.2264404296875,358.0010070800781,24.06356875305358,42479,"182,218,182",4,47488,47488.0,,,59126,59126.0,0,0.0,2688,2688.0,11638,11638.0,0.0,11638.0,11638.0,2688.0,2688.0
BraTS-GLI-02748-101,02748,101,5827511,"182,218,182",0.0,7966.724609375,536.2255249023438,1008.440185546875,23.17413909812337,5946307,"182,218,182",0.0,4613.85888671875,450.69586181640625,840.2567138671875,23.17413909812337,6001764,"182,218,182",0.0,1297.2264404296875,123.70536041259766,237.0652618408203,23.17413909812337,5816082,"182,218,182",0.0,2902.1640625,185.46180725097656,382.995849609375,23.17413909812337,40939,"182,218,182",4,23883,23883.0,,,33631,33631.0,0,0.0,3263,3263.0,9748,9748.0,0.0,9748.0,9748.0,3263.0,3263.0
BraTS-GLI-02750-100,02750,100,3997266,"182,218,182",0.0,9091.2265625,344.14923095703125,849.0701293945312,15.528334454133425,4047130,"182,218,182",0.0,4186.77392578125,280.74127197265625,681.6800537109375,15.528334454133425,4075474,"182,218,182",0.0,1394.1995849609375,80.87481689453125,201.53614807128906,15.527392760480774,4064822,"182,218,182",0.0,2615.563232421875,117.04349517822266,316.0695495605469,15.528334454133425,31968,"182,218,182",4,7680,7680.0,2325.0,2325.0,9031,9031.0,2325,2325.0,0,0.0,1351,1351.0,0.00032197613859071667,1351.0,1351.0,,
BraTS-GLI-02750-101,02750,101,3968223,"182,218,182",0.0,7594.28515625,315.9812927246094,769.1380615234375,15.48926801598442,3921885,"182,218,182",0.0,3711.432861328125,241.9573516845703,583.0703125,15.48926801598442,4054664,"182,218,182",0.0,1329.46044921875,66.62995147705078,167.5865020751953,15.48926801598442,3991681,"182,218,182",0.0,2664.998046875,124.56476593017578,332.46807861328125,15.48926801598442,32270,"182,218,182",4,9231,9231.0,1647.0,1647.0,10818,10818.0,1647,1647.0,0,0.0,1587,1587.0,0.00022808374204684315,1587.0,1587.0,,
BraTS-GLI-02751-100,02751,100,5577653,"182,218,182",0.0,5307.52685546875,351.8777160644531,688.5938720703125,22.05422992170648,5548883,"182,218,182",0.0,2790.929931640625,283.1939392089844,554.1832885742188,22.05422992170648,5778047,"182,218,182",0.0,1181.163330078125,95.53221893310547,193.39810180664062,22.055074676306656,5717073,"182,218,182",0.0,2704.25244140625,166.81362915039062,361.62603759765625,22.05422992170648,31033,"182,218,182",3,4974,4974.0,1667.0,1667.0,4974,4974.0,1667,1667.0,0,0.0,0,0.0,0.00023085342926052675,,,,
BraTS-GLI-02751-101,02751,101,5415712,"182,218,182",0.0,7566.1279296875,463.3336486816406,925.06787109375,21.25710009317228,5496491,"182,218,182",0.0,3042.693115234375,399.55584716796875,797.57373046875,21.25710009317228,5531260,"182,218,182",0.0,1132.452392578125,93.04634857177734,190.3101806640625,21.25710009317228,5397919,"182,218,182",0.0,2887.721435546875,160.06031799316406,345.0801086425781,21.25710009317228,34859,"182,218,182",3,15703,15703.0,1282.0,1282.0,15703,15703.0,1282,1282.0,0,0.0,0,0.0,0.00017753695039711775,,,,
BraTS-GLI-02752-100,02752,100,4290621,"182,218,182",0.0,6342.2255859375,342.6435852050781,803.1581420898438,16.593971609598185,4311688,"182,218,182",0.0,3745.570556640625,345.3734436035156,808.6305541992188,16.593971609598185,4357499,"182,218,182",0.0,1428.51123046875,84.6502456665039,205.5016326904297,16.59393006428998,4338269,"182,218,182",0.0,2471.140625,119.70902252197266,309.0355224609375,16.593971609598185,38583,"182,218,182",3,15096,15096.0,41846.0,41846.0,15096,15096.0,41846,41846.0,0,0.0,0,0.0,0.005795016557190163,,,,
BraTS-GLI-02752-101,02752,101,4271100,"182,218,182",0.0,6543.4853515625,337.9911193847656,785.5460815429688,16.65782674830966,4347495,"182,218,182",0.0,3737.211669921875,326.5763854980469,778.9159545898438,16.65782674830966,4288958,"182,218,182",0.0,1818.7899169921875,116.3145980834961,278.7131652832031,16.65782674830966,4237441,"182,218,182",0.0,3205.95166015625,205.08596801757812,488.6517639160156,16.65782674830966,38403,"182,218,182",3,14065,14065.0,38728.0,38728.0,14065,14065.0,38728,38728.0,0,0.0,0,0.0,0.005363222320576892,,,,
BraTS-GLI-02753-100,02753,100,6265354,"182,218,182",0.0,8987.5087890625,654.0276489257812,1217.3577880859375,24.515207798552893,6376149,"182,218,182",0.0,3908.789306640625,516.64111328125,968.490234375,24.515207798552893,6310429,"182,218,182",0.0,1843.712890625,191.29205322265625,365.66217041015625,24.51200880982109,6321409,"182,218,182",0.0,3780.375,350.418212890625,684.3595581054688,24.515207798552893,61349,"182,218,182",5,115578,115578.0,4797.0,4797.0,121675,121675.0,4797,4797.0,262,262.0,6097,6097.0,0.0006643094782020077,6097.0,6097.0,262.0,262.0
BraTS-GLI-02753-101,02753,101,6035486,"182,218,182",0.0,9470.16796875,656.4528198242188,1237.6768798828125,23.81298130239556,6112369,"182,218,182",0.0,4254.3955078125,583.2158813476562,1090.0650634765625,23.81298130239556,6060257,"182,218,182",0.0,2499.245849609375,248.52923583984375,474.94378662109375,23.81298130239556,6104702,"182,218,182",0.0,4247.45556640625,376.4339904785156,743.57373046875,23.81298130239556,79333,"182,218,182",5,126291,126291.0,2381.0,2381.0,190577,190577.0,2381,2381.0,16636,16636.0,64286,64286.0,0.0003297312627890307,64286.0,64286.0,16636.0,16636.0
BraTS-GLI-02754-100,02754,100,6237088,"182,218,182",0.0,8266.5751953125,663.34130859375,1235.2125244140625,24.358360411641993,6345094,"182,218,182",0.0,3768.362548828125,516.3953247070312,974.9588623046875,24.358360411641993,6278402,"182,218,182",0.0,1841.4228515625,162.94805908203125,309.4827575683594,24.358581986619086,6296125,"182,218,182",0.0,3991.7197265625,364.9872131347656,710.297119140625,24.358360411641993,47229,"182,218,182",4,39319,39319.0,,,60121,60121.0,0,0.0,2649,2649.0,20802,20802.0,0.0,20802.0,20802.0,2649.0,2649.0
BraTS-GLI-02754-101,02754,101,6097997,"182,218,182",0.0,10391.083984375,731.0781860351562,1370.99755859375,24.09103020177725,6187794,"182,218,182",0.0,4431.0439453125,586.3900146484375,1091.8514404296875,24.09103020177725,6136950,"182,218,182",0.0,2205.154541015625,192.81666564941406,365.7613830566406,24.09103020177725,6195172,"182,218,182",0.0,4754.2060546875,411.2200927734375,798.0429077148438,24.09103020177725,54971,"182,218,182",4,52210,52210.0,,,96060,96060.0,0,0.0,9541,9541.0,43850,43850.0,0.0,43850.0,43850.0,9541.0,9541.0
BraTS-GLI-02755-100,02755,100,5737951,"182,218,182",0.0,8194.287109375,530.4137573242188,1030.5166015625,22.5472619426143,5829814,"182,218,182",0.0,3996.7841796875,400.22021484375,771.9724731445312,22.5472619426143,5855023,"182,218,182",0.0,1331.934814453125,124.82228088378906,246.70111083984375,22.54609867398455,5880273,"182,218,182",0.0,2545.527587890625,150.24362182617188,319.58447265625,22.5472619426143,40167,"182,218,182",4,21109,21109.0,23159.0,23159.0,23603,23603.0,23159,23159.0,0,0.0,2494,2494.0,0.0032071593090849063,2494.0,2494.0,,
BraTS-GLI-02755-101,02755,101,5528525,"182,218,182",0.0,9149.0927734375,522.4605102539062,1033.0455322265625,21.891510797902573,5606938,"182,218,182",0.0,4313.4052734375,399.2334289550781,769.9482421875,21.891510797902573,5677441,"182,218,182",0.0,1359.3218994140625,119.710205078125,238.95960998535156,21.891510797902573,5645490,"182,218,182",0.0,2544.718017578125,152.46762084960938,330.1717834472656,21.891510797902573,39667,"182,218,182",4,19962,19962.0,23603.0,23603.0,20667,20667.0,23603,23603.0,0,0.0,705,705.0,0.003268646365228682,705.0,705.0,,
BraTS-GLI-02756-100,02756,100,6308450,"182,218,182",0.0,4789.19775390625,327.70550537109375,608.7736206054688,24.846157723715944,6341332,"182,218,182",0.0,2113.04443359375,279.1012878417969,528.32568359375,24.846157723715944,6322879,"182,218,182",0.0,2867.640869140625,356.67681884765625,660.2796630859375,24.848608896900053,6334084,"182,218,182",0.0,2602.616455078125,205.91183471679688,394.3449401855469,24.846157723715944,34155,"182,218,182",4,9146,9146.0,5657.0,5657.0,12222,12222.0,5657,5657.0,0,0.0,3076,3076.0,0.0007834060283904018,3076.0,3076.0,,
BraTS-GLI-02756-101,02756,101,5951466,"182,218,182",0.0,4916.6337890625,315.1106262207031,595.8121337890625,23.702249207592487,5983475,"182,218,182",0.0,3763.101318359375,272.94140625,525.830810546875,23.702249207592487,6047509,"182,218,182",0.0,4751.4970703125,382.25421142578125,726.2057495117188,23.702249207592487,6056488,"182,218,182",0.0,4901.76513671875,335.4831848144531,676.2017211914062,23.702249207592487,39861,"182,218,182",5,34488,34488.0,139.0,139.0,46506,46506.0,139,139.0,158,158.0,12018,12018.0,1.924932613510091e-05,12018.0,12018.0,158.0,158.0
BraTS-GLI-02757-100,02757,100,5312580,"182,218,182",0.0,3068.556640625,142.0652313232422,300.8460998535156,20.679232552909337,5416684,"182,218,182",0.0,1275.718994140625,98.80004119873047,208.05979919433594,20.679232552909337,5349484,"182,218,182",0.0,915.5330810546875,64.77596282958984,139.00120544433594,20.67930179508968,5451685,"182,218,182",0.0,2219.6904296875,110.7574462890625,264.241943359375,20.679232552909337,51642,"182,218,182",4,66006,66006.0,14687.0,14687.0,77063,77063.0,14687,14687.0,0,0.0,11057,11057.0,0.00203391980536854,11057.0,11057.0,,
BraTS-GLI-02757-101,02757,101,4803558,"182,218,182",0.0,3481.5263671875,148.5743865966797,325.27813720703125,19.13604592806125,4956552,"182,218,182",0.0,1457.1693115234375,106.11922454833984,231.00506591796875,19.13604592806125,4876604,"182,218,182",0.0,1002.8238525390625,59.015140533447266,130.6930389404297,19.13604592806125,4951589,"182,218,182",0.0,2448.2255859375,121.3296127319336,300.71240234375,19.13604592806125,42582,"182,218,182",4,26459,26459.0,15231.0,15231.0,34191,34191.0,15231,15231.0,0,0.0,7732,7732.0,0.0021092552975807335,7732.0,7732.0,,
BraTS-GLI-02758-100,02758,100,5139757,"182,218,182",0.0,8778.35546875,457.7817687988281,957.3914794921875,20.179788706101842,5191859,"182,218,182",0.0,3654.84619140625,475.5832824707031,989.0999145507812,20.179788706101842,5289117,"182,218,182",0.0,1490.26611328125,99.6231689453125,212.74049377441406,20.182807665164756,5277015,"182,218,182",0.0,2547.904541015625,133.5430450439453,304.6979064941406,20.179788706101842,35518,"182,218,182",3,15607,15607.0,14921.0,14921.0,15607,15607.0,14921,14921.0,0,0.0,0,0.0,0.002066325145768638,,,,
BraTS-GLI-02758-101,02758,101,4843767,"182,218,182",0.0,8475.9326171875,419.86309814453125,897.1043701171875,19.126421264993702,4898906,"182,218,182",0.0,4123.26611328125,455.4493408203125,962.1116333007812,19.126421264993702,4978569,"182,218,182",0.0,1457.0252685546875,99.07060241699219,216.0387420654297,19.126421264993702,4947438,"182,218,182",0.0,2449.532470703125,127.10623931884766,297.2808532714844,19.126421264993702,36198,"182,218,182",3,15018,15018.0,17482.0,17482.0,15018,15018.0,17482,17482.0,0,0.0,0,0.0,0.002420983593480821,,,,
BraTS-GLI-02759-100,02759,100,6277924,"182,218,182",0.0,2892.1005859375,143.44512939453125,269.9582214355469,24.443500596590624,6365950,"182,218,182",0.0,1289.52880859375,120.55416107177734,229.7263946533203,24.443500596590624,6296952,"182,218,182",0.0,886.423583984375,74.14444732666016,146.43824768066406,24.44222654047233,6392863,"182,218,182",0.0,2586.64453125,158.89556884765625,339.9638977050781,24.443500596590624,45122,"182,218,182",3,5513,5513.0,115846.0,115846.0,5513,5513.0,115846,115846.0,0,0.0,0,0.0,0.016042859247819424,,,,
BraTS-GLI-02759-101,02759,101,5793463,"182,218,182",0.0,2904.5146484375,132.18914794921875,261.7461242675781,23.013552633473996,5954585,"182,218,182",0.0,1252.04150390625,121.23579406738281,234.406005859375,23.013552633473996,5904816,"182,218,182",0.0,1657.427978515625,156.19972229003906,316.0671691894531,23.013552633473996,5816570,"182,218,182",0.0,3159.2060546875,204.97109985351562,422.3592529296875,23.013552633473996,45066,"182,218,182",3,6491,6491.0,112962.0,112962.0,6491,6491.0,112962,112962.0,0,0.0,0,0.0,0.015643470351606254,,,,
BraTS-GLI-02760-100,02760,100,4452416,"182,218,182",0.0,8578.9775390625,361.93701171875,829.0582275390625,17.263155737296277,4457767,"182,218,182",0.0,3572.836669921875,387.7470703125,883.9603271484375,17.263155737296277,4496752,"182,218,182",0.0,1276.18212890625,95.18366241455078,222.01084899902344,17.253766497641887,4484976,"182,218,182",0.0,2539.408447265625,113.84786224365234,277.3516540527344,17.263155737296277,35686,"182,218,182",4,12505,12505.0,5380.0,5380.0,18248,18248.0,5380,5380.0,0,0.0,5743,5743.0,0.0007450458604808842,5743.0,5743.0,,
BraTS-GLI-02760-101,02760,101,4383604,"182,218,182",0.0,9976.421875,416.6422119140625,976.0715942382812,17.13525158176837,4451103,"182,218,182",0.0,3683.943115234375,313.6473083496094,719.2354125976562,17.13525158176837,4364892,"182,218,182",0.0,2829.17919921875,194.87982177734375,450.8304443359375,17.13525158176837,4397786,"182,218,182",0.0,5903.0986328125,295.3901672363281,708.1016845703125,17.13525158176837,38423,"182,218,182",5,29235,29235.0,197.0,197.0,37787,37787.0,197,197.0,810,810.0,8552,8552.0,2.7281419054783304e-05,8552.0,8552.0,810.0,810.0
BraTS-GLI-02761-100,02761,100,4854393,"182,218,182",0.0,9076.59765625,461.1208190917969,1011.3628540039062,18.882370276159975,4934054,"182,218,182",0.0,3734.26953125,387.4084167480469,854.2025756835938,18.882370276159975,4867274,"182,218,182",0.0,2044.2486572265625,145.26788330078125,323.0305480957031,18.881636309048346,4944847,"182,218,182",0.0,1608.6134033203125,84.13893127441406,206.155029296875,18.882370276159975,31564,"182,218,182",4,6289,6289.0,1233.0,1233.0,8869,8869.0,1233,1233.0,0,0.0,2580,2580.0,0.00017075121672359298,2580.0,2580.0,,
BraTS-GLI-02761-101,02761,101,4664803,"182,218,182",0.0,13602.595703125,683.6365966796875,1490.4686279296875,18.65927197109776,4773867,"182,218,182",0.0,5135.4599609375,581.8729248046875,1262.3902587890625,18.65927197109776,4757525,"182,218,182",0.0,2097.4462890625,160.86402893066406,356.6376037597656,18.65927197109776,4763536,"182,218,182",0.0,4071.402099609375,259.0522155761719,589.3004760742188,18.65927197109776,31819,"182,218,182",4,7449,7449.0,405.0,405.0,10713,10713.0,405,405.0,0,0.0,3264,3264.0,5.608616607709258e-05,3264.0,3264.0,,
BraTS-GLI-02763-100,02763,100,4866050,"182,218,182",0.0,9424.36328125,554.9151611328125,1214.5765380859375,18.96136175549423,4932129,"182,218,182",0.0,4182.90185546875,445.7657470703125,984.586181640625,18.96136175549423,4906040,"182,218,182",0.0,2147.385009765625,165.5390167236328,372.9365234375,18.960627788382602,4964802,"182,218,182",0.0,5092.88916015625,310.1111145019531,719.067138671875,18.96136175549423,273061,"182,218,182",5,22254,22254.0,2325.0,2325.0,25977,25977.0,2325,2325.0,39,39.0,3723,3723.0,0.00032197613859071667,3723.0,3723.0,39.0,39.0
BraTS-GLI-02763-101,02763,101,4667238,"182,218,182",0.0,8176.275390625,420.76953125,937.2410888671875,18.208616164559306,4744744,"182,218,182",0.0,3234.190185546875,328.58563232421875,736.5070190429688,18.208616164559306,4702185,"182,218,182",0.0,1910.888671875,127.80064392089844,292.4517517089844,18.208616164559306,4727053,"182,218,182",0.0,5344.0068359375,327.5884704589844,750.4559936523438,18.208616164559306,38630,"182,218,182",5,26915,26915.0,1512.0,1512.0,31508,31508.0,1512,1512.0,60,60.0,4593,4593.0,0.00020938835335447897,4593.0,4593.0,60.0,60.0
BraTS-GLI-02764-100,02764,100,6063271,"182,218,182",0.0,9780.72265625,717.1389770507812,1357.1439208984375,23.78873269083976,6117328,"182,218,182",0.0,4759.822265625,634.2855224609375,1209.1280517578125,23.78873269083976,6092095,"182,218,182",0.0,2262.718017578125,223.17735290527344,431.9374084472656,23.789023507997197,6191154,"182,218,182",0.0,6100.06982421875,420.5589599609375,850.1011962890625,23.78873269083976,41786,"182,218,182",3,30709,30709.0,33879.0,33879.0,30709,30709.0,33879,33879.0,0,0.0,0,0.0,0.004691711655619307,,,,
BraTS-GLI-02764-101,02764,101,5877866,"182,218,182",0.0,8889.736328125,688.513671875,1312.165771484375,23.25904385965884,5989951,"182,218,182",0.0,3969.186767578125,507.98236083984375,974.6409912109375,23.25904385965884,5937303,"182,218,182",0.0,1896.4949951171875,174.70883178710938,340.653076171875,23.25904385965884,5938245,"182,218,182",0.0,6725.296875,400.5732421875,846.9943237304688,23.25904385965884,42033,"182,218,182",3,31809,31809.0,33357.0,33357.0,31809,31809.0,33357,33357.0,0,0.0,0,0.0,0.004619422819342166,,,,
BraTS-GLI-02765-100,02765,100,5225737,"182,218,182",0.0,7891.69921875,440.9411315917969,919.2450561523438,20.318439248018844,5248771,"182,218,182",0.0,3211.5126953125,344.2656555175781,711.94091796875,20.318439248018844,5288760,"182,218,182",0.0,1419.777099609375,113.82267761230469,244.41928100585938,20.317954552756447,5209834,"182,218,182",0.0,2540.5400390625,171.6225128173828,387.4040832519531,20.318439248018844,40620,"182,218,182",4,27167,27167.0,24610.0,24610.0,27740,27740.0,24610,24610.0,0,0.0,573,573.0,0.0034081001164376506,573.0,573.0,,
BraTS-GLI-02765-101,02765,101,5047118,"182,218,182",0.0,8429.6533203125,413.5669860839844,868.4823608398438,19.840308144320645,5120031,"182,218,182",0.0,3718.44873046875,374.8543701171875,777.4422607421875,19.840308144320645,5141814,"182,218,182",0.0,1454.41455078125,111.32559967041016,240.474365234375,19.840308144320645,5044521,"182,218,182",0.0,2621.6630859375,175.1929931640625,400.019775390625,19.840308144320645,40701,"182,218,182",4,26723,26723.0,25427.0,25427.0,27132,27132.0,25427,25427.0,0,0.0,409,409.0,0.0035212418391166247,409.0,409.0,,
BraTS-GLI-02766-100,02766,100,4969650,"182,218,182",0.0,6612.05810546875,354.07177734375,770.3919067382812,19.097062580528657,4877316,"182,218,182",0.0,3367.87548828125,287.985107421875,624.49951171875,19.097062580528657,5021296,"182,218,182",0.0,1380.8841552734375,92.2286605834961,208.49546813964844,19.09667482431874,4945049,"182,218,182",0.0,2743.83935546875,174.1585235595703,424.86114501953125,19.097062580528657,44628,"182,218,182",4,28996,28996.0,26993.0,26993.0,29030,29030.0,26993,26993.0,0,0.0,34,34.0,0.0037381083479480497,34.0,34.0,,
BraTS-GLI-02766-101,02766,101,4650073,"182,218,182",0.0,7418.4443359375,355.8602600097656,781.7916259765625,18.23501128370571,4705957,"182,218,182",0.0,4357.7109375,321.93170166015625,705.6935424804688,18.23501128370571,4744376,"182,218,182",0.0,1473.6217041015625,96.65279388427734,222.118408203125,18.23501128370571,4671651,"182,218,182",0.0,2805.157470703125,173.86517333984375,435.3726501464844,18.23501128370571,44090,"182,218,182",4,26326,26326.0,27451.0,27451.0,26363,26363.0,27451,27451.0,0,0.0,37,37.0,0.0038015341851414036,37.0,37.0,,
BraTS-GLI-02767-100,02767,100,5591339,"182,218,182",0.0,6070.3408203125,426.88641357421875,845.227783203125,21.683922741236987,5615640,"182,218,182",0.0,3728.347900390625,396.9194641113281,786.8892211914062,21.683922741236987,5630519,"182,218,182",0.0,1215.641845703125,120.94303131103516,245.91957092285156,21.68134693212826,5662254,"182,218,182",0.0,2670.613037109375,151.5030059814453,337.2554931640625,21.683922741236987,28582,"182,218,182",2,803,803.0,,,803,803.0,0,0.0,0,0.0,0,0.0,0.0,,,,
BraTS-GLI-02767-101,02767,101,5495653,"182,218,182",0.0,8520.353515625,613.1642456054688,1215.3541259765625,21.737350007588944,5633423,"182,218,182",0.0,3393.644775390625,461.11016845703125,924.980712890625,21.737350007588944,5564389,"182,218,182",0.0,1781.4573974609375,162.52804565429688,328.4106140136719,21.737350007588944,5514723,"182,218,182",0.0,3932.444580078125,276.6468200683594,579.4406127929688,21.737350007588944,28661,"182,218,182",2,1076,1076.0,,,1076,1076.0,0,0.0,0,0.0,0,0.0,0.0,,,,
BraTS-GLI-02768-100,02768,100,4992921,"182,218,182",0.0,8223.0166015625,439.406005859375,968.0637817382812,19.20801625030882,5034257,"182,218,182",0.0,3202.075927734375,344.8303527832031,759.0013427734375,19.20801625030882,5023914,"182,218,182",0.0,1741.786865234375,122.16087341308594,277.1634521484375,19.208431703390872,5037116,"182,218,182",0.0,5130.76513671875,355.1956481933594,795.9976196289062,19.20801625030882,44632,"182,218,182",3,38615,38615.0,,,49334,49334.0,0,0.0,0,0.0,10719,10719.0,0.0,10719.0,10719.0,,
BraTS-GLI-02768-101,02768,101,4602014,"182,218,182",0.0,15958.3974609375,693.62353515625,1542.4134521484375,18.297010731984013,4699331,"182,218,182",0.0,5795.8974609375,569.510498046875,1254.3009033203125,18.297010731984013,4712320,"182,218,182",0.0,2671.28515625,180.53131103515625,417.2122802734375,18.297010731984013,4774169,"182,218,182",0.0,5421.20751953125,398.1697998046875,911.9449462890625,18.297010731984013,38358,"182,218,182",4,27820,27820.0,,,28737,28737.0,0,0.0,87,87.0,917,917.0,0.0,917.0,917.0,87.0,87.0
BraTS-GLI-02769-100,02769,100,5201591,"182,218,182",0.0,7190.283203125,373.7897644042969,799.1012573242188,19.955471738665608,5210907,"182,218,182",0.0,3598.578369140625,368.0473937988281,782.8277587890625,19.955471738665608,5251265,"182,218,182",0.0,1571.37744140625,102.15448760986328,231.0814208984375,19.954446954396545,5204280,"182,218,182",0.0,2699.517822265625,205.17332458496094,485.5137023925781,19.955471738665608,42090,"182,218,182",4,23917,23917.0,4307.0,4307.0,28274,28274.0,4307,4307.0,0,0.0,4357,4357.0,0.0005964521414667599,4357.0,4357.0,,
BraTS-GLI-02769-101,02769,101,4956054,"182,218,182",0.0,7796.78662109375,391.092041015625,839.8567504882812,19.353812585237122,5013162,"182,218,182",0.0,4378.298828125,402.3458557128906,858.7578125,19.353812585237122,5030014,"182,218,182",0.0,1747.52294921875,104.59320831298828,237.3707275390625,19.353812585237122,4996936,"182,218,182",0.0,2684.42626953125,188.67063903808594,450.0388488769531,19.353812585237122,40637,"182,218,182",4,21630,21630.0,9290.0,9290.0,22055,22055.0,9290,9290.0,0,0.0,425,425.0,0.0012865197107560249,425.0,425.0,,
BraTS-GLI-02770-100,02770,100,5575119,"182,218,182",0.0,7873.5166015625,465.1136779785156,938.3526000976562,21.603297146446657,5616665,"182,218,182",0.0,3727.555908203125,381.67987060546875,763.4166259765625,21.603297146446657,5630956,"182,218,182",0.0,1682.4849853515625,135.2981414794922,285.2603454589844,21.60458505100102,5616922,"182,218,182",0.0,2698.2744140625,195.2498016357422,436.62408447265625,21.603297146446657,53451,"182,218,182",5,54099,54099.0,3600.0,3600.0,68396,68396.0,3600,3600.0,6702,6702.0,14297,14297.0,0.0004985436984630452,14297.0,14297.0,6702.0,6702.0
BraTS-GLI-02770-101,02770,101,5459469,"182,218,182",0.0,8998.65234375,453.06097412109375,926.1201782226562,21.296512742222994,5481333,"182,218,182",0.0,5595.8046875,643.89111328125,1310.2857666015625,21.296512742222994,5477266,"182,218,182",0.0,2543.170654296875,191.2661590576172,407.0308532714844,21.296512742222994,5517027,"182,218,182",0.0,4760.884765625,401.61041259765625,860.934814453125,21.296512742222994,53876,"182,218,182",5,53598,53598.0,1794.0,1794.0,67450,67450.0,1794,1794.0,6134,6134.0,13852,13852.0,0.0002484409430674175,13852.0,13852.0,6134.0,6134.0
BraTS-GLI-02771-100,02771,100,5461973,"182,218,182",0.0,13153.095703125,723.3095703125,1500.9222412109375,21.197967271160135,5532359,"182,218,182",0.0,4717.5625,544.8642578125,1147.01318359375,21.197967271160135,5539355,"182,218,182",0.0,2856.749267578125,185.28878784179688,412.3791198730469,21.198908964812784,5562675,"182,218,182",0.0,4918.11279296875,444.35357666015625,978.5023193359375,21.197967271160135,60958,"182,218,182",4,71193,71193.0,18248.0,18248.0,71260,71260.0,18248,18248.0,0,0.0,67,67.0,0.0025270626137649022,67.0,67.0,,
BraTS-GLI-02771-101,02771,101,5226976,"182,218,182",0.0,11493.416015625,567.7479858398438,1203.378662109375,20.57013457356234,5336522,"182,218,182",0.0,4070.48095703125,394.4300537109375,833.9445190429688,20.57013457356234,5325442,"182,218,182",0.0,2511.4375,169.0302276611328,382.6754150390625,20.57013457356234,5309617,"182,218,182",0.0,3257.556640625,299.77081298828125,662.5499267578125,20.57013457356234,60766,"182,218,182",4,68533,68533.0,16515.0,16515.0,68598,68598.0,16515,16515.0,0,0.0,65,65.0,0.00228706921669922,65.0,65.0,,
BraTS-GLI-02772-100,02772,100,5037717,"182,218,182",0.0,9161.23828125,432.67999267578125,923.5381469726562,19.67011086503979,5089575,"182,218,182",0.0,3451.6494140625,371.71923828125,778.7569580078125,19.67011086503979,5151128,"182,218,182",0.0,1453.2796630859375,97.21711730957031,210.8334503173828,19.66896144484611,5080039,"182,218,182",0.0,2540.0341796875,145.8539581298828,334.4276123046875,19.67011086503979,39443,"182,218,182",4,30322,30322.0,,,39875,39875.0,0,0.0,3467,3467.0,9553,9553.0,0.0,9553.0,9553.0,3467.0,3467.0
BraTS-GLI-02772-101,02772,101,4890416,"182,218,182",0.0,7812.02197265625,399.3807373046875,849.1325073242188,19.237485722262413,4946380,"182,218,182",0.0,3986.530517578125,366.5104675292969,765.6500244140625,19.237485722262413,4907078,"182,218,182",0.0,2058.35546875,151.50367736816406,329.59136962890625,19.237485722262413,4879015,"182,218,182",0.0,2745.029296875,150.5234375,345.9418640136719,19.237485722262413,47915,"182,218,182",4,64634,64634.0,,,76854,76854.0,0,0.0,1920,1920.0,12220,12220.0,0.0,12220.0,12220.0,1920.0,1920.0
BraTS-GLI-02773-100,02773,100,5130733,"182,218,182",0.0,3318.087646484375,162.239501953125,345.033203125,20.059916643493615,5209472,"182,218,182",0.0,1356.830810546875,124.2028579711914,265.52471923828125,20.059916643493615,5268867,"182,218,182",0.0,1128.4462890625,82.28718566894531,178.13851928710938,20.05901649514917,5273282,"182,218,182",0.0,2713.768310546875,146.35923767089844,346.73223876953125,20.059916643493615,48812,"182,218,182",4,53105,53105.0,,,73701,73701.0,0,0.0,10625,10625.0,20596,20596.0,0.0,20596.0,20596.0,10625.0,10625.0
BraTS-GLI-02773-101,02773,101,4805989,"182,218,182",0.0,3562.48486328125,144.86024475097656,317.9632263183594,19.161416262938594,4950377,"182,218,182",0.0,1434.6915283203125,121.50439453125,264.43084716796875,19.161416262938594,4939442,"182,218,182",0.0,1043.891845703125,71.43708801269531,157.08096313476562,19.161416262938594,4968484,"182,218,182",0.0,2373.118896484375,128.43141174316406,305.0703125,19.161416262938594,45423,"182,218,182",4,41826,41826.0,,,55329,55329.0,0,0.0,9309,9309.0,13503,13503.0,0.0,13503.0,13503.0,9309.0,9309.0
BraTS-GLI-02774-100,02774,100,4964357,"182,218,182",0.0,7708.17333984375,360.9365539550781,789.4579467773438,19.11024629166579,4968023,"182,218,182",0.0,3849.6982421875,322.3992919921875,697.2976684570312,19.11024629166579,5029660,"182,218,182",0.0,1149.218994140625,72.28398895263672,164.80612182617188,19.11128492437092,4959005,"182,218,182",0.0,3005.094970703125,192.28184509277344,485.87066650390625,19.11024629166579,47655,"182,218,182",4,28006,28006.0,44683.0,44683.0,29347,29347.0,44683,44683.0,0,0.0,1341,1341.0,0.00618789668845118,1341.0,1341.0,,
BraTS-GLI-02774-101,02774,101,4820695,"182,218,182",0.0,7451.9462890625,378.7520751953125,820.909912109375,18.860974442434266,4844723,"182,218,182",0.0,3906.010986328125,313.22491455078125,675.0023803710938,18.860974442434266,4921699,"182,218,182",0.0,1370.37548828125,93.33037567138672,209.12892150878906,18.860974442434266,4849400,"182,218,182",0.0,3182.917236328125,198.31349182128906,507.3511047363281,18.860974442434266,48990,"182,218,182",4,29030,29030.0,50341.0,50341.0,34310,34310.0,50341,50341.0,0,0.0,5280,5280.0,0.006971441201202266,5280.0,5280.0,,
BraTS-GLI-02775-100,02775,100,4840980,"182,218,182",0.0,7334.94921875,374.71978759765625,818.7713623046875,18.726104523563944,4868291,"182,218,182",0.0,3918.0673828125,370.4332275390625,808.49658203125,18.726104523563944,4937335,"182,218,182",0.0,1263.3221435546875,84.44181823730469,192.03244018554688,18.726533825082065,4893655,"182,218,182",0.0,2649.9765625,138.119873046875,339.6878967285156,18.726104523563944,37681,"182,218,182",4,16225,16225.0,29059.0,29059.0,16712,16712.0,29059,29059.0,0,0.0,487,487.0,0.004024217037121564,487.0,487.0,,
BraTS-GLI-02775-101,02775,101,4569276,"182,218,182",0.0,7414.5146484375,374.4454650878906,827.5128173828125,17.943972551291836,4634122,"182,218,182",0.0,4508.38427734375,365.5554504394531,803.9827270507812,17.943972551291836,4690145,"182,218,182",0.0,1375.6517333984375,83.45511627197266,192.50234985351562,17.943972551291836,4626010,"182,218,182",0.0,2645.5771484375,138.6821746826172,346.4143981933594,17.943972551291836,38185,"182,218,182",4,17723,17723.0,29335.0,29335.0,18369,18369.0,29335,29335.0,0,0.0,646,646.0,0.004062438720670397,646.0,646.0,,
BraTS-GLI-02776-100,02776,100,4853264,"182,218,182",0.0,7323.6982421875,367.4379577636719,808.7190551757812,18.6972720796695,4851639,"182,218,182",0.0,4109.8681640625,314.43817138671875,687.568115234375,18.6972720796695,4905985,"182,218,182",0.0,1450.8006591796875,97.29637908935547,220.19158935546875,18.69655196099394,4899101,"182,218,182",0.0,2494.594482421875,138.05465698242188,338.22003173828125,18.6972720796695,34658,"182,218,182",3,18899,18899.0,6120.0,6120.0,18899,18899.0,6120,6120.0,0,0.0,0,0.0,0.0008475242873871768,,,,
BraTS-GLI-02776-101,02776,101,4646112,"182,218,182",0.0,10955.4443359375,550.080322265625,1212.42333984375,18.430703533788524,4711230,"182,218,182",0.0,5546.81982421875,492.06951904296875,1067.0972900390625,18.430703533788524,4723163,"182,218,182",0.0,2161.47021484375,151.0144805908203,340.71807861328125,18.430703533788524,4688957,"182,218,182",0.0,3734.0166015625,204.85972595214844,497.9566955566406,18.430703533788524,35000,"182,218,182",3,20071,20071.0,5742.0,5742.0,20071,20071.0,5742,5742.0,0,0.0,0,0.0,0.000795177199048557,,,,
BraTS-GLI-02777-100,02777,100,4679943,"182,218,182",0.0,9908.53125,400.9263916015625,922.4476928710938,17.97493765434082,4711525,"182,218,182",0.0,3015.700927734375,311.5237121582031,714.6807250976562,17.97493765434082,4665507,"182,218,182",0.0,2280.175537109375,149.0637969970703,351.64501953125,17.975865499557404,4722713,"182,218,182",0.0,1550.6754150390625,88.27662658691406,228.2163543701172,17.97493765434082,48053,"182,218,182",4,58322,58322.0,41949.0,41949.0,61383,61383.0,41949,41949.0,0,0.0,3061,3061.0,0.005809280446340634,3061.0,3061.0,,
BraTS-GLI-02777-101,02777,101,4456873,"182,218,182",0.0,12916.4814453125,581.4388427734375,1338.7083740234375,17.632285800699957,4564146,"182,218,182",0.0,5281.1787109375,511.9814147949219,1183.9420166015625,17.632285800699957,4571440,"182,218,182",0.0,1959.57568359375,119.46587371826172,284.5601501464844,17.632285800699957,4544400,"182,218,182",0.0,3693.173095703125,255.5645294189453,608.6801147460938,17.632285800699957,45487,"182,218,182",4,33320,33320.0,43671.0,43671.0,34430,34430.0,43671,43671.0,0,0.0,1110,1110.0,0.006047750515438791,1110.0,1110.0,,
BraTS-GLI-02778-100,02778,100,6144671,"182,218,182",0.0,8152.609375,534.3307495117188,1000.1314086914062,23.953584473798205,6191684,"182,218,182",0.0,3154.32763671875,407.2261962890625,758.0526733398438,23.953584473798205,6265533,"182,218,182",0.0,1302.18798828125,121.76115417480469,235.3395538330078,23.95390298782778,6157266,"182,218,182",0.0,2971.02392578125,229.88990783691406,472.2674865722656,23.953584473798205,60512,"182,218,182",5,64938,64938.0,80082.0,80082.0,77590,77590.0,80082,80082.0,3611,3611.0,12652,12652.0,0.01109010457231044,12652.0,12652.0,3611.0,3611.0
BraTS-GLI-02778-101,02778,101,5780586,"182,218,182",0.0,8262.3134765625,472.6463623046875,910.7190551757812,22.68668799695113,5853671,"182,218,182",0.0,4667.5322265625,449.91851806640625,855.1295776367188,22.68668799695113,5883571,"182,218,182",0.0,1387.6591796875,133.12799072265625,266.6903381347656,22.68668799695113,5774717,"182,218,182",0.0,2937.019775390625,225.29080200195312,479.90545654296875,22.68668799695113,60321,"182,218,182",5,60932,60932.0,82179.0,82179.0,74546,74546.0,82179,82179.0,8384,8384.0,13614,13614.0,0.011380506276665163,13614.0,13614.0,8384.0,8384.0
BraTS-GLI-02779-100,02779,100,5533464,"182,218,182",0.0,6643.2841796875,427.8096008300781,857.8172607421875,21.379423328964613,5539577,"182,218,182",0.0,3153.010498046875,384.0614013671875,765.8522338867188,21.379423328964613,5579899,"182,218,182",0.0,1377.8587646484375,113.64617919921875,233.55496215820312,21.378107727538115,5576330,"182,218,182",0.0,2676.58251953125,153.4368438720703,339.3114318847656,21.379423328964613,33087,"182,218,182",3,8489,8489.0,6459.0,6459.0,8489,8489.0,6459,6459.0,0,0.0,0,0.0,0.0008944704856591136,,,,
BraTS-GLI-02779-101,02779,101,5275121,"182,218,182",0.0,7549.86474609375,442.3731384277344,890.664794921875,20.74756073647091,5329702,"182,218,182",0.0,3902.265380859375,373.5776672363281,746.1598510742188,20.74756073647091,5390946,"182,218,182",0.0,1347.0968017578125,112.25045013427734,232.44273376464844,20.74756073647091,5294585,"182,218,182",0.0,2697.114501953125,161.95628356933594,358.11480712890625,20.74756073647091,32941,"182,218,182",3,9129,9129.0,5069.0,5069.0,9129,9129.0,5069,5069.0,0,0.0,0,0.0,0.0007019772243081044,,,,
BraTS-GLI-02780-100,02780,100,5164961,"182,218,182",0.0,7074.51611328125,419.5629577636719,872.1791381835938,20.112803820838902,5198509,"182,218,182",0.0,3807.1640625,414.4176025390625,860.9815063476562,20.112803820838902,5198527,"182,218,182",0.0,1463.6201171875,125.94694519042969,270.85150146484375,20.11056037419582,5228066,"182,218,182",0.0,2509.73974609375,138.72593688964844,311.26165771484375,20.112803820838902,33707,"182,218,182",3,10603,10603.0,14202.0,14202.0,10603,10603.0,14202,14202.0,0,0.0,0,0.0,0.0019667548904367133,,,,
BraTS-GLI-02780-101,02780,101,4861295,"182,218,182",0.0,7851.13232421875,392.9266052246094,831.6235961914062,19.185041694871316,4916984,"182,218,182",0.0,4231.46337890625,412.9743957519531,867.5458984375,19.185041694871316,4953339,"182,218,182",0.0,1506.3092041015625,112.1955337524414,244.80615234375,19.185041694871316,4940126,"182,218,182",0.0,2568.0458984375,133.44070434570312,310.50775146484375,19.1640890110998,33888,"182,218,182",3,10731,10731.0,12090.0,12090.0,10731,10731.0,12090,12090.0,0,0.0,0,0.0,0.0016742759206717266,,,,
BraTS-GLI-02781-100,02781,100,5879290,"182,218,182",0.0,7410.80615234375,453.8812255859375,888.7393188476562,22.75469766648313,5901631,"182,218,182",0.0,3858.782470703125,397.2964172363281,770.5134887695312,22.75469766648313,5951785,"182,218,182",0.0,1384.235107421875,119.55988311767578,243.16900634765625,22.752703491689278,5926159,"182,218,182",0.0,2570.537109375,194.5697021484375,427.3944091796875,22.75469766648313,42127,"182,218,182",4,38592,38592.0,15773.0,15773.0,39218,39218.0,15773,15773.0,0,0.0,626,626.0,0.0021843138210715586,626.0,626.0,,
BraTS-GLI-02781-101,02781,101,5557724,"182,218,182",0.0,8007.193359375,469.6465759277344,931.3272094726562,21.879864263169033,5637779,"182,218,182",0.0,4432.751953125,420.9818115234375,821.2175903320312,21.879864263169033,5686768,"182,218,182",0.0,1476.616943359375,120.44915008544922,247.91070556640625,21.879864263169033,5641884,"182,218,182",0.0,2656.969482421875,189.6307373046875,424.57635498046875,21.879864263169033,41907,"182,218,182",4,37661,37661.0,15051.0,15051.0,38022,38022.0,15051,15051.0,0,0.0,361,361.0,0.0020843281126575815,361.0,361.0,,
BraTS-GLI-02782-100,02782,100,5225545,"182,218,182",0.0,2836.16943359375,142.2393341064453,301.2448425292969,20.35767186740067,5330359,"182,218,182",0.0,1134.1153564453125,91.61927032470703,195.23191833496094,20.35767186740067,5269126,"182,218,182",0.0,815.9712524414062,53.15351867675781,116.93978881835938,20.359305982856743,5336715,"182,218,182",0.0,1816.5947265625,128.90615844726562,286.6680603027344,20.35767186740067,45173,"182,218,182",3,35708,35708.0,15058.0,15058.0,35708,35708.0,15058,15058.0,0,0.0,0,0.0,0.0020852975031823706,,,,
BraTS-GLI-02782-101,02782,101,4937675,"182,218,182",0.0,2961.417724609375,117.8989028930664,260.3332214355469,19.539187750448967,5072714,"182,218,182",0.0,1354.5660400390625,99.43594360351562,215.24024963378906,19.539187750448967,4997624,"182,218,182",0.0,872.9967041015625,49.905601501464844,111.64091491699219,19.539187750448967,4995896,"182,218,182",0.0,1992.8665771484375,149.93580627441406,331.0509338378906,19.539187750448967,47605,"182,218,182",3,38474,38474.0,16952.0,16952.0,38474,38474.0,16952,16952.0,0,0.0,0,0.0,0.002347586882318206,,,,
BraTS-GLI-02786-100,02786,100,6035609,"182,218,182",0.0,2265.107666015625,155.46469116210938,303.74371337890625,23.50414732963377,6065228,"182,218,182",0.0,1131.5426025390625,167.0740509033203,323.4457702636719,23.50414732963377,6101983,"182,218,182",0.0,1489.623046875,131.4380340576172,258.7034606933594,23.504341207738726,6120576,"182,218,182",0.0,2511.895751953125,178.79075622558594,372.52484130859375,23.50414732963377,39214,"182,218,182",3,18591,18591.0,49740.0,49740.0,18591,18591.0,49740,49740.0,0,0.0,0,0.0,0.006888212100431074,,,,
BraTS-GLI-02786-101,02786,101,5748952,"182,218,182",0.0,2690.5146484375,179.8905487060547,354.30694580078125,22.70602041370264,5844011,"182,218,182",0.0,1266.17724609375,161.36178588867188,316.94976806640625,22.70602041370264,5810602,"182,218,182",0.0,1756.4346923828125,162.8505401611328,323.0175476074219,22.70602041370264,5782517,"182,218,182",0.0,2956.584716796875,207.84669494628906,440.3390197753906,22.70602041370264,39036,"182,218,182",3,17123,17123.0,47855.0,47855.0,17123,17123.0,47855,47855.0,0,0.0,0,0.0,0.006627169080541396,,,,
BraTS-GLI-02787-100,02787,100,5992421,"182,218,182",0.0,6131.86572265625,434.6930236816406,838.5647583007812,23.136928350407533,5996793,"182,218,182",0.0,3406.651611328125,399.7498474121094,767.836181640625,23.136928350407533,6065593,"182,218,182",0.0,1409.7071533203125,106.6888198852539,213.8582763671875,23.137413045669927,6047833,"182,218,182",0.0,2958.765625,193.65908813476562,429.4325256347656,23.136928350407533,54747,"182,218,182",3,30115,30115.0,118843.0,118843.0,30115,30115.0,118843,118843.0,0,0.0,0,0.0,0.01645789687678991,,,,
BraTS-GLI-02787-101,02787,101,5745760,"182,218,182",0.0,7916.08935546875,426.8459777832031,829.18701171875,22.57882252841422,5806464,"182,218,182",0.0,4173.07470703125,410.0298156738281,786.158447265625,22.57882252841422,5882306,"182,218,182",0.0,1434.2603759765625,105.47692108154297,214.55918884277344,22.57882252841422,5817418,"182,218,182",0.0,3532.69775390625,207.02169799804688,471.6061096191406,22.57882252841422,53633,"182,218,182",3,26184,26184.0,118548.0,118548.0,26184,26184.0,118548,118548.0,0,0.0,0,0.0,0.016417043990388076,,,,
BraTS-GLI-02788-100,02788,100,6050300,"182,218,182",0.0,2520.93798828125,155.2942657470703,294.70611572265625,23.70398026210104,6070944,"182,218,182",0.0,1527.1492919921875,198.40750122070312,380.61712646484375,23.70398026210104,6062214,"182,218,182",0.0,1950.4342041015625,231.61537170410156,447.45428466796875,23.703398627786168,6178944,"182,218,182",0.0,2752.384521484375,174.55477905273438,359.145263671875,23.70398026210104,33585,"182,218,182",3,15092,15092.0,6253.0,6253.0,15092,15092.0,6253,6253.0,0,0.0,0,0.0,0.0008659427073581727,,,,
BraTS-GLI-02788-101,02788,101,5728688,"182,218,182",0.0,2468.2724609375,153.0349884033203,295.30413818359375,22.707917649444013,5843814,"182,218,182",0.0,1254.8114013671875,146.77894592285156,286.62451171875,22.707917649444013,5781453,"182,218,182",0.0,1667.40234375,192.1057891845703,375.0768737792969,22.707917649444013,5738699,"182,218,182",0.0,2999.656005859375,188.79730224609375,389.2723388671875,22.707917649444013,33415,"182,218,182",3,14275,14275.0,6446.0,6446.0,14275,14275.0,6446,6446.0,0,0.0,0,0.0,0.0008926701889702192,,,,
BraTS-GLI-02789-100,02789,100,7310472,"182,218,182",0.0,8467.9208984375,471.7172546386719,816.1585693359375,28.292077919056446,7341480,"182,218,182",0.0,3339.89404296875,467.46832275390625,813.910888671875,28.292077919056446,7283178,"182,218,182",0.0,1883.8740234375,225.47607421875,403.1092529296875,28.28651084775694,7372217,"182,218,182",0.0,6934.20751953125,578.568115234375,1054.044677734375,28.292077919056446,42762,"182,218,182",3,43244,43244.0,34430.0,34430.0,43244,43244.0,34430,34430.0,0,0.0,0,0.0,0.00476801653835629,,,,
BraTS-GLI-02789-101,02789,101,6883745,"182,218,182",0.0,7816.2451171875,452.7344055175781,789.57421875,27.530109269699953,7077836,"182,218,182",0.0,4366.87841796875,597.5465087890625,1030.8353271484375,27.530109269699953,7021029,"182,218,182",0.0,2188.022705078125,228.31695556640625,408.6880187988281,27.530109269699953,7024458,"182,218,182",0.0,4586.34521484375,452.47113037109375,822.7188110351562,27.530109269699953,43300,"182,218,182",3,41544,41544.0,37304.0,37304.0,41544,41544.0,37304,37304.0,0,0.0,0,0.0,0.005166020590962621,,,,
BraTS-GLI-02790-100,02790,100,5642822,"182,218,182",0.0,7229.33203125,436.8957824707031,871.7611694335938,21.845173930817648,5631382,"182,218,182",0.0,3399.36376953125,364.0039367675781,720.5140991210938,21.845173930817648,5721346,"182,218,182",0.0,1403.085205078125,100.49600219726562,206.00924682617188,21.844190691856788,5729451,"182,218,182",0.0,2779.9248046875,174.39401245117188,411.91986083984375,21.845173930817648,49215,"182,218,182",3,30311,30311.0,95234.0,95234.0,30311,30311.0,95234,95234.0,0,0.0,0,0.0,0.013188419605397123,,,,
BraTS-GLI-02790-101,02790,101,5446260,"182,218,182",0.0,7260.296875,455.1883544921875,908.3707275390625,21.386389092307027,5495509,"182,218,182",0.0,4428.0419921875,380.5142822265625,750.9537353515625,21.386389092307027,5522393,"182,218,182",0.0,1247.2921142578125,82.34516906738281,170.2223663330078,21.386389092307027,5487606,"182,218,182",0.0,2882.236328125,187.97959899902344,438.9491271972656,21.386389092307027,50528,"182,218,182",3,34001,34001.0,93124.0,93124.0,34001,34001.0,93124,93124.0,0,0.0,0,0.0,0.012896217604353504,,,,
BraTS-GLI-02791-100,02791,100,6690752,"182,218,182",0.0,7742.82470703125,529.89599609375,947.9702758789062,25.95165067818561,6719221,"182,218,182",0.0,3878.634033203125,467.32489013671875,826.466064453125,25.95165067818561,6730656,"182,218,182",0.0,1638.26806640625,149.76963806152344,272.94732666015625,25.95401876075331,6725127,"182,218,182",0.0,2797.71435546875,218.0911407470703,439.7671203613281,25.95165067818561,66333,"182,218,182",4,77424,77424.0,,,100257,100257.0,0,0.0,23261,23261.0,22833,22833.0,0.0,22833.0,22833.0,23261.0,23261.0
BraTS-GLI-02791-101,02791,101,6311016,"182,218,182",0.0,8861.9072265625,574.3795166015625,1041.28564453125,24.986857834171072,6414347,"182,218,182",0.0,4343.2822265625,522.4667358398438,929.7063598632812,24.986857834171072,6406741,"182,218,182",0.0,1722.71826171875,166.65867614746094,308.54718017578125,24.986857834171072,6312482,"182,218,182",0.0,3345.91552734375,249.40797424316406,508.426025390625,24.986857834171072,75004,"182,218,182",4,101756,101756.0,,,125823,125823.0,0,0.0,29051,29051.0,24067,24067.0,0.0,24067.0,24067.0,29051.0,29051.0
BraTS-GLI-02792-100,02792,100,5725592,"182,218,182",0.0,6787.115234375,449.2694091796875,894.9297485351562,22.057248880769396,5743688,"182,218,182",0.0,4231.48583984375,422.0856628417969,835.6224975585938,22.057248880769396,5796938,"182,218,182",0.0,1408.0196533203125,108.71726989746094,227.43836975097656,22.05784436352034,5724330,"182,218,182",0.0,2825.35107421875,191.3348388671875,419.9071044921875,22.057248880769396,58596,"182,218,182",3,62233,62233.0,88108.0,88108.0,62233,62233.0,88108,88108.0,0,0.0,0,0.0,0.012201580051161662,,,,
BraTS-GLI-02792-101,02792,101,5532575,"182,218,182",0.0,5349.96533203125,421.9266662597656,844.9447631835938,21.399988256526214,5510458,"182,218,182",0.0,3913.038818359375,362.4439392089844,723.8419799804688,21.399988256526214,5595138,"182,218,182",0.0,1357.115966796875,93.58244323730469,200.08139038085938,21.399988256526214,5509770,"182,218,182",0.0,2926.353759765625,211.92413330078125,485.10601806640625,21.399988256526214,63482,"182,218,182",3,54292,54292.0,126450.0,126450.0,54292,54292.0,126450,126450.0,0,0.0,0,0.0,0.017511347408514462,,,,
BraTS-GLI-02793-100,02793,100,6192540,"182,218,182",0.0,10252.232421875,570.0286254882812,1106.5489501953125,24.028753784777575,6265090,"182,218,182",0.0,4197.85986328125,440.1286315917969,846.1196899414062,24.028753784777575,6212395,"182,218,182",0.0,2273.00732421875,159.95130920410156,309.6050109863281,24.02934926752852,6230449,"182,218,182",0.0,3290.755126953125,273.9617614746094,598.697509765625,24.028753784777575,57889,"182,218,182",3,23087,23087.0,165848.0,165848.0,23087,23087.0,165848,165848.0,0,0.0,0,0.0,0.022967354250749753,,,,
BraTS-GLI-02793-101,02793,101,5773856,"182,218,182",0.0,7155.59326171875,471.5604248046875,914.93701171875,22.694498514893716,5843270,"182,218,182",0.0,3981.7705078125,441.42291259765625,846.36181640625,22.694498514893716,5925432,"182,218,182",0.0,1423.5755615234375,106.40528869628906,218.11048889160156,22.694498514893716,5807868,"182,218,182",0.0,3650.709716796875,277.5107727050781,631.8212890625,22.694498514893716,55801,"182,218,182",3,19441,19441.0,151324.0,151324.0,19441,19441.0,151324,151324.0,0,0.0,0,0.0,0.020956007396172736,,,,
BraTS-GLI-02794-100,02794,100,6207921,"182,218,182",0.0,2304.25244140625,158.58396911621094,298.1153564453125,24.241133400322834,6313509,"182,218,182",0.0,1304.6217041015625,126.47789001464844,240.8377685546875,24.241133400322834,6333727,"182,218,182",0.0,1061.044921875,94.00602722167969,181.9745330810547,24.235912539925042,6366266,"182,218,182",0.0,3170.288330078125,194.1749267578125,425.5590515136719,24.241133400322834,35653,"182,218,182",4,23181,23181.0,7876.0,7876.0,23540,23540.0,7876,7876.0,0,0.0,359,359.0,0.0010907028247485954,359.0,359.0,,
BraTS-GLI-02794-101,02794,101,5937203,"182,218,182",0.0,2484.1572265625,159.70330810546875,304.56768798828125,23.445429960703677,6027617,"182,218,182",0.0,1392.6103515625,143.97589111328125,273.5278015136719,23.445429960703677,6010685,"182,218,182",0.0,1718.3443603515625,165.41192626953125,321.6286926269531,23.445429960703677,6028867,"182,218,182",0.0,2796.389404296875,182.81520080566406,387.0013427734375,23.445429960703677,36125,"182,218,182",4,23543,23543.0,7669.0,7669.0,24014,24014.0,7669,7669.0,0,0.0,471,471.0,0.0010620365620869704,471.0,471.0,,
BraTS-GLI-02795-100,02795,100,5413617,"182,218,182",0.0,2722.1591796875,153.34622192382812,319.119873046875,21.053098781448412,5457881,"182,218,182",0.0,1354.4901123046875,132.6088104248047,274.40771484375,21.053098781448412,5459848,"182,218,182",0.0,1538.60205078125,129.9685821533203,274.9508056640625,21.053098781448412,5438588,"182,218,182",0.0,3198.107421875,202.18162536621094,453.87420654296875,21.053098781448412,43481,"182,218,182",4,25926,25926.0,28555.0,28555.0,28091,28091.0,28555,28555.0,0,0.0,2165,2165.0,0.003954420919336737,2165.0,2165.0,,
BraTS-GLI-02795-101,02795,101,5142816,"182,218,182",0.0,2763.416015625,155.1021270751953,331.9787292480469,20.246358138282726,5202786,"182,218,182",0.0,1398.3837890625,147.4530029296875,308.1924133300781,20.246358138282726,5198336,"182,218,182",0.0,1737.7271728515625,152.28260803222656,324.691162109375,20.246358138282726,5150910,"182,218,182",0.0,3406.394775390625,209.41090393066406,474.4406433105469,20.246358138282726,46889,"182,218,182",5,37919,37919.0,28027.0,28027.0,41642,41642.0,28027,28027.0,28,28.0,3723,3723.0,0.0038813011768954906,3723.0,3723.0,28.0,28.0
BraTS-GLI-02796-100,02796,100,5585325,"182,218,182",0.0,7947.74609375,461.0044250488281,926.0161743164062,21.69209331851735,5631262,"182,218,182",0.0,4276.59619140625,420.84918212890625,838.8208618164062,21.69209331851735,5678575,"182,218,182",0.0,1427.2164306640625,113.99459838867188,235.21334838867188,21.693367374635645,5683090,"182,218,182",0.0,2451.290283203125,152.2946319580078,339.3687744140625,21.69209331851735,40576,"182,218,182",3,48117,48117.0,8180.0,8180.0,48117,48117.0,8180,8180.0,0,0.0,0,0.0,0.001132802070396586,,,,
BraTS-GLI-02796-101,02796,101,5310658,"182,218,182",0.0,7353.08349609375,434.0006103515625,880.3946533203125,20.883026138092173,5238451,"182,218,182",0.0,3814.7255859375,325.3974304199219,651.8705444335938,20.883026138092173,5438270,"182,218,182",0.0,1351.9324951171875,108.27896118164062,226.20494079589844,20.883026138092173,5404048,"182,218,182",0.0,2477.495849609375,141.6356201171875,321.1705017089844,20.883026138092173,40755,"182,218,182",3,48396,48396.0,7513.0,7513.0,48396,48396.0,7513,7513.0,0,0.0,0,0.0,0.0010404330018202385,,,,
BraTS-GLI-02797-100,02797,100,4819829,"182,218,182",0.0,8191.0,365.29241943359375,812.0687866210938,18.538001216446624,4832385,"182,218,182",0.0,3664.810302734375,389.63616943359375,858.885009765625,18.538001216446624,4869411,"182,218,182",0.0,1262.3343505859375,94.05278015136719,214.53355407714844,18.53758576336457,4837746,"182,218,182",0.0,2415.892333984375,141.28500366210938,342.3643493652344,18.538001216446624,30443,"182,218,182",3,2572,2572.0,5531.0,5531.0,2572,2572.0,5531,5531.0,0,0.0,0,0.0,0.0007659569989441952,,,,
BraTS-GLI-02797-101,02797,101,4482697,"182,218,182",0.0,7911.5537109375,344.371826171875,786.0927734375,17.539805944635063,4484032,"182,218,182",0.0,3631.646240234375,286.8969421386719,642.2259521484375,17.539805944635063,4591376,"182,218,182",0.0,1288.654541015625,82.85749053955078,193.14398193359375,17.539805944635063,4528209,"182,218,182",0.0,2598.87890625,147.17771911621094,370.531494140625,17.539805944635063,33721,"182,218,182",4,9764,9764.0,5517.0,5517.0,9810,9810.0,5517,5517.0,0,0.0,46,46.0,0.0007640182178946167,46.0,46.0,,
BraTS-GLI-02798-100,02798,100,5634515,"182,218,182",0.0,9128.9892578125,544.8049926757812,1106.999755859375,21.923791502378055,5928207,"182,218,182",0.0,3500.39306640625,433.4203186035156,908.8766479492188,22.467384163371662,5275922,"182,218,182",0.0,2083.990234375,204.84786987304688,440.89837646484375,20.48478666207268,5248986,"182,218,182",0.0,3248.615966796875,216.18936157226562,469.3634948730469,20.48441275429883,29497,"182,218,182",3,1614,1614.0,1483.0,1483.0,1614,1614.0,1483,1483.0,0,0.0,0,0.0,0.00020537230689463777,,,,
BraTS-GLI-02798-101,02798,101,5155694,"182,218,182",0.0,8031.49072265625,455.5135498046875,942.2984008789062,20.26714464082142,5225645,"182,218,182",0.0,4306.1689453125,422.91412353515625,864.3723754882812,20.26714464082142,5194589,"182,218,182",0.0,2906.22314453125,202.67144775390625,436.3714904785156,20.26714464082142,5148275,"182,218,182",0.0,3458.4501953125,188.98919677734375,440.215087890625,20.26714464082142,29624,"182,218,182",3,1789,1789.0,1912.0,1912.0,1789,1789.0,1912,1912.0,0,0.0,0,0.0,0.00026478209762815065,,,,
BraTS-GLI-02799-100,02799,100,5116383,"182,218,182",0.0,9354.982421875,512.5830688476562,1086.780029296875,19.9242989090756,5169859,"182,218,182",0.0,5030.54296875,463.8888854980469,980.0123901367188,19.9242989090756,5181540,"182,218,182",0.0,1925.31884765625,133.71641540527344,292.8867492675781,19.924188121587054,5185030,"182,218,182",0.0,3743.525390625,245.00466918945312,589.5010986328125,19.9242989090756,40813,"182,218,182",4,15021,15021.0,51282.0,51282.0,15246,15246.0,51282,51282.0,0,0.0,225,225.0,0.007101754984606078,225.0,225.0,,
BraTS-GLI-02799-101,02799,101,4977496,"182,218,182",0.0,6556.40625,344.112060546875,749.8240356445312,19.4725213792156,5038355,"182,218,182",0.0,4930.814453125,522.3848876953125,1121.5311279296875,19.4725213792156,5012713,"182,218,182",0.0,2025.40478515625,134.96337890625,299.2627868652344,19.4725213792156,5024811,"182,218,182",0.0,4275.2294921875,317.3565673828125,721.1865844726562,19.4725213792156,39713,"182,218,182",4,12053,12053.0,50288.0,50288.0,12127,12127.0,50288,50288.0,0,0.0,74,74.0,0.006964101530086004,74.0,74.0,,
BraTS-GLI-02800-100,02800,100,4484112,"182,218,182",0.0,9626.0517578125,450.1683044433594,1045.0233154296875,17.41051694550031,4565274,"182,218,182",0.0,3888.817626953125,354.9395751953125,826.6902465820312,17.41051694550031,4500045,"182,218,182",0.0,2172.43310546875,155.0509796142578,366.4533996582031,17.40982452369689,4508605,"182,218,182",0.0,4156.57470703125,237.4125518798828,565.6744995117188,17.41051694550031,40815,"182,218,182",3,31468,31468.0,23145.0,23145.0,31468,31468.0,23145,23145.0,0,0.0,0,0.0,0.003205220528035328,,,,
BraTS-GLI-02800-101,02800,101,4228868,"182,218,182",0.0,12051.6669921875,510.6624755859375,1202.0328369140625,16.828328693184023,4345342,"182,218,182",0.0,4949.56689453125,435.13134765625,1016.6090698242188,16.828328693184023,4318635,"182,218,182",0.0,2798.40771484375,169.48719787597656,405.555908203125,16.828328693184023,4347537,"182,218,182",0.0,4870.60009765625,284.66265869140625,685.5431518554688,16.828328693184023,41383,"182,218,182",3,38110,38110.0,21972.0,21972.0,38110,38110.0,21972,21972.0,0,0.0,0,0.0,0.0030427783729527857,,,,
BraTS-GLI-02801-100,02801,100,5768831,"182,218,182",0.0,6808.84423828125,444.0465393066406,868.1439819335938,22.326323993578757,5777008,"182,218,182",0.0,3328.506591796875,379.7733459472656,740.9830322265625,22.326323993578757,5849668,"182,218,182",0.0,1568.3094482421875,113.87635040283203,230.3387908935547,22.325617723339267,5765335,"182,218,182",0.0,2710.7880859375,181.3846435546875,389.5199279785156,22.326323993578757,47109,"182,218,182",4,52952,52952.0,,,66147,66147.0,0,0.0,5423,5423.0,13195,13195.0,0.0,13195.0,13195.0,5423.0,5423.0
BraTS-GLI-02801-101,02801,101,5449464,"182,218,182",0.0,7096.2734375,482.6665344238281,953.7075805664062,21.496262584073854,5529802,"182,218,182",0.0,4056.999755859375,399.6905517578125,784.2172241210938,21.496262584073854,5560932,"182,218,182",0.0,1645.3223876953125,127.67204284667969,261.8533935546875,21.496262584073854,5537273,"182,218,182",0.0,2684.009521484375,157.59146118164062,348.59234619140625,21.496262584073854,48857,"182,218,182",4,59722,59722.0,,,71069,71069.0,0,0.0,4719,4719.0,11347,11347.0,0.0,11347.0,11347.0,4719.0,4719.0
BraTS-GLI-02802-100,02802,100,5530877,"182,218,182",0.0,7583.70068359375,414.85174560546875,826.653076171875,21.449676445139698,5550846,"182,218,182",0.0,4542.4130859375,404.6824035644531,806.0386352539062,21.449676445139698,5488756,"182,218,182",0.0,2573.939697265625,214.4970245361328,439.1333312988281,21.449704142011836,5605466,"182,218,182",0.0,2451.29833984375,141.68565368652344,308.6518859863281,21.449676445139698,40239,"182,218,182",4,83055,83055.0,90.0,90.0,83744,83744.0,90,90.0,0,0.0,689,689.0,1.2463592461576129e-05,689.0,689.0,,
BraTS-GLI-02802-101,02802,101,5409317,"182,218,182",0.0,13270.388671875,697.4216918945312,1411.458740234375,21.64372073133037,5571934,"182,218,182",0.0,4510.22314453125,524.7525024414062,1055.892822265625,21.64372073133037,5535360,"182,218,182",0.0,2565.94873046875,216.4372100830078,442.5455017089844,21.64372073133037,5529898,"182,218,182",0.0,4346.2685546875,316.6048278808594,663.217041015625,21.64372073133037,37633,"182,218,182",2,41799,41799.0,,,41799,41799.0,0,0.0,0,0.0,0,0.0,0.0,,,,
BraTS-GLI-02803-100,02803,100,5643132,"182,218,182",0.0,6401.8505859375,399.676025390625,796.97607421875,21.771029404107338,5642999,"182,218,182",0.0,3822.87353515625,362.504150390625,724.6411743164062,21.771029404107338,5725182,"182,218,182",0.0,1453.483642578125,94.26331329345703,196.71603393554688,21.771015555671266,5637832,"182,218,182",0.0,2746.180908203125,194.5355224609375,435.9606628417969,21.771029404107338,40388,"182,218,182",3,15732,15732.0,48208.0,48208.0,15732,15732.0,48208,48208.0,0,0.0,0,0.0,0.006676054059862911,,,,
BraTS-GLI-02803-101,02803,101,5500922,"182,218,182",0.0,8768.5283203125,536.6489868164062,1086.3397216796875,21.544496686900157,5557953,"182,218,182",0.0,4201.23779296875,488.67572021484375,995.5054931640625,21.544496686900157,5523159,"182,218,182",0.0,2723.81103515625,193.03741455078125,404.225830078125,21.544496686900157,5561934,"182,218,182",0.0,5587.53076171875,402.0780944824219,860.0689086914062,21.544496686900157,40123,"182,218,182",3,13180,13180.0,47619.0,47619.0,13180,13180.0,47619,47619.0,0,0.0,0,0.0,0.00659448677141993,,,,
BraTS-GLI-02804-100,02804,100,5002663,"182,218,182",0.0,6780.9970703125,376.28631591796875,808.4041137695312,19.28340713626529,5015785,"182,218,182",0.0,3309.3984375,383.06768798828125,821.2522583007812,19.28340713626529,4995563,"182,218,182",0.0,1618.424560546875,125.99673461914062,278.1018371582031,19.284044164324435,4986128,"182,218,182",0.0,2611.816162109375,143.3395538330078,332.4316101074219,19.28340713626529,50655,"182,218,182",5,77564,77564.0,88.0,88.0,88962,88962.0,88,88.0,1711,1711.0,11398,11398.0,1.218662374020777e-05,11398.0,11398.0,1711.0,1711.0
BraTS-GLI-02804-101,02804,101,4633746,"182,218,182",0.0,7344.35498046875,348.37017822265625,763.20263671875,18.24822269171498,4717407,"182,218,182",0.0,4517.0615234375,356.4610900878906,774.0430908203125,18.24822269171498,4727175,"182,218,182",0.0,1605.532470703125,109.95039367675781,248.0420684814453,18.24822269171498,4702488,"182,218,182",0.0,2570.69921875,134.39735412597656,320.4721984863281,18.24822269171498,49209,"182,218,182",5,66942,66942.0,79.0,79.0,77115,77115.0,79,79.0,1453,1453.0,10173,10173.0,1.0940264494050158e-05,10173.0,10173.0,1453.0,1453.0
BraTS-GLI-02805-100,02805,100,5545813,"182,218,182",0.0,2790.78662109375,144.08839416503906,291.6197814941406,21.642986764218744,5581887,"182,218,182",0.0,1414.581298828125,161.4495391845703,328.8222351074219,21.642986764218744,5671056,"182,218,182",0.0,985.5670166015625,86.33360290527344,179.8090057373047,21.64345761104507,5533861,"182,218,182",0.0,2591.609619140625,194.18679809570312,409.20672607421875,21.642986764218744,42153,"182,218,182",3,55010,55010.0,14425.0,14425.0,55010,55010.0,14425,14425.0,0,0.0,0,0.0,0.001997636902869285,,,,
BraTS-GLI-02805-101,02805,101,5188121,"182,218,182",0.0,2959.7958984375,143.30137634277344,295.02783203125,20.718202052005864,5276751,"182,218,182",0.0,1480.18896484375,187.54843139648438,384.1380310058594,20.718202052005864,5335652,"182,218,182",0.0,1624.939697265625,139.1508331298828,291.53509521484375,20.718202052005864,5261555,"182,218,182",0.0,3513.088134765625,217.33963012695312,482.53753662109375,20.718202052005864,42481,"182,218,182",3,60062,60062.0,14150.0,14150.0,60062,60062.0,14150,14150.0,0,0.0,0,0.0,0.001959553703681136,,,,
BraTS-GLI-02806-100,02806,100,5184165,"182,218,182",0.0,6108.7880859375,383.2882080078125,800.1517944335938,19.991325339646743,5197885,"182,218,182",0.0,3694.59814453125,378.92242431640625,792.7910766601562,19.991325339646743,5225977,"182,218,182",0.0,1503.1337890625,111.83113861083984,245.36508178710938,19.99056367566298,5205342,"182,218,182",0.0,2525.1630859375,164.04844665527344,379.1591491699219,19.991325339646743,38276,"182,218,182",4,32021,32021.0,1188.0,1188.0,34019,34019.0,1188,1188.0,0,0.0,1998,1998.0,0.0001645194204928049,1998.0,1998.0,,
BraTS-GLI-02806-101,02806,101,5125445,"182,218,182",0.0,8906.048828125,516.0215454101562,1090.0792236328125,20.072698749984767,5225770,"182,218,182",0.0,3456.692626953125,367.8080139160156,791.2090454101562,20.072698749984767,5152381,"182,218,182",0.0,2037.193115234375,155.5583953857422,337.6994934082031,20.072698749984767,5175206,"182,218,182",0.0,4217.21240234375,338.43072509765625,744.1146850585938,20.072698749984767,39163,"182,218,182",4,33421,33421.0,908.0,908.0,35741,35741.0,908,908.0,0,0.0,2320,2320.0,0.00012574379950123474,2320.0,2320.0,,
BraTS-GLI-02808-100,02808,100,5023182,"182,218,182",0.0,2918.250732421875,113.25009155273438,251.8162078857422,19.416573697499196,5095296,"182,218,182",0.0,1226.0943603515625,95.02735900878906,206.8760223388672,19.48585742314949,5104649,"182,218,182",0.0,1018.9315795898438,64.6560287475586,144.09881591796875,19.678641501657935,5024269,"182,218,182",0.0,2187.330322265625,134.8155975341797,309.63116455078125,19.22823496696871,48581,"182,218,182",4,28910,28910.0,62249.0,62249.0,30121,30121.0,62249,62249.0,0,0.0,1211,1211.0,0.008620512968229473,1211.0,1211.0,,
BraTS-GLI-02808-101,02808,101,4760011,"182,218,182",0.0,3075.4326171875,112.04925537109375,250.74839782714844,18.874545909781318,4901507,"182,218,182",0.0,1137.96533203125,94.47499084472656,208.9445343017578,18.874545909781318,4840509,"182,218,182",0.0,1057.7674560546875,60.06548309326172,136.7173614501953,18.874545909781318,4825818,"182,218,182",0.0,2983.404296875,156.41685485839844,366.7645568847656,18.874545909781318,49094,"182,218,182",4,32318,32318.0,62126.0,62126.0,33365,33365.0,62126,62126.0,0,0.0,1047,1047.0,0.008603479391865319,1047.0,1047.0,,
BraTS-GLI-02809-100,02809,100,4601476,"182,218,182",0.0,8186.1787109375,390.40838623046875,882.7142333984375,17.902344152470175,4636251,"182,218,182",0.0,3582.12548828125,389.026123046875,869.3589477539062,17.902344152470175,4653580,"182,218,182",0.0,1598.970458984375,104.12651824951172,240.2354736328125,17.90107009635188,4620209,"182,218,182",0.0,2612.30859375,136.2462615966797,329.90863037109375,17.902344152470175,37039,"182,218,182",4,22093,22093.0,16958.0,16958.0,22133,22133.0,16958,16958.0,0,0.0,40,40.0,0.002348417788482311,40.0,40.0,,
BraTS-GLI-02809-101,02809,101,4580698,"182,218,182",0.0,9184.43359375,491.811279296875,1104.1058349609375,18.024902811675673,4668086,"182,218,182",0.0,3911.5380859375,406.8992919921875,913.984619140625,18.024902811675673,4605423,"182,218,182",0.0,2156.62060546875,151.0269012451172,342.6992492675781,18.024902811675673,4600659,"182,218,182",0.0,3908.10205078125,242.6490478515625,561.3712158203125,18.024902811675673,37392,"182,218,182",4,21379,21379.0,15584.0,15584.0,21429,21429.0,15584,15584.0,0,0.0,50,50.0,0.0021581402769022488,50.0,50.0,,
BraTS-GLI-02810-100,02810,100,6127505,"182,218,182",0.0,6915.1953125,450.1568603515625,848.0399169921875,23.641703845101365,6117138,"182,218,182",0.0,3253.785400390625,399.83477783203125,753.4596557617188,23.641703845101365,6173788,"182,218,182",0.0,1462.5501708984375,129.27012634277344,254.9425506591797,23.641883874770254,6127917,"182,218,182",0.0,2892.93310546875,221.15567016601562,471.7056884765625,23.641703845101365,68792,"182,218,182",5,95626,95626.0,32430.0,32430.0,108177,108177.0,32430,32430.0,1023,1023.0,12551,12551.0,0.004491047816987932,12551.0,12551.0,1023.0,1023.0
BraTS-GLI-02810-101,02810,101,6100644,"182,218,182",0.0,6765.31689453125,436.41583251953125,803.6799926757812,24.184368660878388,6186718,"182,218,182",0.0,3872.028564453125,403.9309997558594,743.2847900390625,24.184368660878388,6291641,"182,218,182",0.0,1228.7222900390625,113.1248550415039,215.7761688232422,24.184368660878388,6199058,"182,218,182",0.0,2830.105224609375,209.8979034423828,438.0082702636719,24.184368660878388,73242,"182,218,182",5,107032,107032.0,36066.0,36066.0,119275,119275.0,36066,36066.0,543,543.0,12243,12243.0,0.0049945769524356075,12243.0,12243.0,543.0,543.0
BraTS-GLI-02813-100,02813,100,6299316,"182,218,182",0.0,7900.50244140625,555.7893676757812,1055.2779541015625,24.32565040564839,6353800,"182,218,182",0.0,3809.8056640625,473.9078369140625,913.0685424804688,24.32565040564839,6263030,"182,218,182",0.0,2272.007568359375,207.60557556152344,401.32928466796875,24.32655055399284,6370613,"182,218,182",0.0,5994.85986328125,484.71588134765625,972.6981201171875,24.32565040564839,55531,"182,218,182",5,45041,45041.0,42218.0,42218.0,58373,58373.0,42218,42218.0,112,112.0,13332,13332.0,0.005846532739364678,13332.0,13332.0,112.0,112.0
BraTS-GLI-02813-101,02813,101,5951202,"182,218,182",0.0,8847.7177734375,586.6647338867188,1132.2103271484375,23.371728583947558,6055830,"182,218,182",0.0,3865.014892578125,479.4090576171875,930.1432495117188,23.371728583947558,5979224,"182,218,182",0.0,2356.2255859375,222.7897186279297,441.8694763183594,23.371728583947558,6046333,"182,218,182",0.0,5991.29296875,485.11151123046875,985.5408325195312,23.371728583947558,53336,"182,218,182",5,43010,43010.0,46614.0,46614.0,45725,45725.0,46614,46614.0,25,25.0,2715,2715.0,0.0064553099889323295,2715.0,2715.0,25.0,25.0
BraTS-GLI-02816-100,02816,100,4889782,"182,218,182",0.0,6718.7958984375,398.9923095703125,865.7680053710938,18.924981913942496,4916926,"182,218,182",0.0,3452.781005859375,370.74053955078125,803.1463012695312,18.924981913942496,4940988,"182,218,182",0.0,1491.46435546875,103.8078384399414,231.94786071777344,18.92527273109993,4957399,"182,218,182",0.0,2665.15576171875,140.66189575195312,342.37872314453125,18.924981913942496,34010,"182,218,182",4,11492,11492.0,5917.0,5917.0,11618,11618.0,5917,5917.0,0,0.0,126,126.0,0.0008194119621682884,126.0,126.0,,
BraTS-GLI-02816-101,02816,101,4875315,"182,218,182",0.0,10132.4228515625,525.8984375,1150.1412353515625,19.147997128388297,4962747,"182,218,182",0.0,3842.915771484375,420.0218200683594,919.767333984375,19.147997128388297,4916680,"182,218,182",0.0,1967.9810791015625,135.7219696044922,299.236083984375,19.147997128388297,4909831,"182,218,182",0.0,4200.97705078125,278.4137878417969,635.6683959960938,19.147997128388297,38624,"182,218,182",4,19230,19230.0,5576.0,5576.0,25133,25133.0,5576,5576.0,0,0.0,5903,5903.0,0.0007721887951749833,5903.0,5903.0,,
BraTS-GLI-02817-100,02817,100,5276343,"182,218,182",0.0,1705.3282470703125,109.72260284423828,228.5786895751953,20.397126061759593,5308212,"182,218,182",0.0,3221.77294921875,342.21435546875,716.9896240234375,20.397126061759593,5332554,"182,218,182",0.0,2047.102783203125,118.93868255615234,257.6237487792969,20.397790786690877,5251021,"182,218,182",0.0,3876.478515625,228.48243713378906,500.91009521484375,20.397126061759593,42902,"182,218,182",4,51091,51091.0,1046.0,1046.0,53511,53511.0,1046,1046.0,0,0.0,2420,2420.0,0.00014485464127565146,2420.0,2420.0,,
BraTS-GLI-02817-101,02817,101,4944368,"182,218,182",0.0,1654.611572265625,96.0459976196289,204.52114868164062,19.375097631474283,4973905,"182,218,182",0.0,3291.151611328125,310.71380615234375,659.1171264648438,19.375097631474283,5001082,"182,218,182",0.0,2185.721435546875,120.46678924560547,265.74615478515625,19.375097631474283,4983175,"182,218,182",0.0,4427.9306640625,283.7249755859375,637.3450927734375,19.375097631474283,44486,"182,218,182",4,52498,52498.0,347.0,347.0,55307,55307.0,347,347.0,0,0.0,2809,2809.0,4.805407315741019e-05,2809.0,2809.0,,
BraTS-GLI-02818-100,02818,100,6532595,"182,218,182",0.0,6887.609375,513.3844604492188,919.749267578125,25.384266404026462,6559743,"182,218,182",0.0,3457.89013671875,455.2781677246094,815.1205444335938,25.384266404026462,6609113,"182,218,182",0.0,1492.44287109375,133.32070922851562,246.2976837158203,25.37095805696471,6498817,"182,218,182",0.0,2942.667236328125,214.8079071044922,429.44732666015625,25.384266404026462,42729,"182,218,182",3,30078,30078.0,33140.0,33140.0,30078,30078.0,33140,33140.0,0,0.0,0,0.0,0.004589371713073699,,,,
BraTS-GLI-02818-101,02818,101,6212551,"182,218,182",0.0,13405.537109375,927.3271484375,1682.867919921875,24.926824863814478,6367144,"182,218,182",0.0,5352.259765625,755.4891357421875,1375.2420654296875,24.926824863814478,6346956,"182,218,182",0.0,3408.690673828125,352.5542297363281,651.8555297851562,24.926824863814478,6416561,"182,218,182",0.0,5375.94921875,450.02593994140625,864.9380493164062,24.926824863814478,43995,"182,218,182",3,33188,33188.0,33376.0,33376.0,33188,33188.0,33376,33376.0,0,0.0,0,0.0,0.004622054022195165,,,,
BraTS-GLI-02819-100,02819,100,5106843,"182,218,182",0.0,6217.41455078125,358.3611755371094,766.2462768554688,19.662203408044725,5002648,"182,218,182",0.0,3160.445556640625,293.4653015136719,622.8883666992188,19.662203408044725,5171433,"182,218,182",0.0,1338.443359375,97.16706848144531,215.1845245361328,19.667022663796534,5125360,"182,218,182",0.0,2401.0888671875,158.82310485839844,369.4684753417969,19.662203408044725,61524,"182,218,182",4,79012,79012.0,106101.0,106101.0,79222,79222.0,106101,106101.0,0,0.0,210,210.0,0.014693329152952099,210.0,210.0,,
BraTS-GLI-02819-101,02819,101,4843567,"182,218,182",0.0,7974.74951171875,410.4649658203125,888.968505859375,18.9687845172269,4890150,"182,218,182",0.0,4055.485595703125,342.9842529296875,732.6728515625,18.9687845172269,4945205,"182,218,182",0.0,1433.274169921875,105.48941040039062,238.28973388671875,18.9687845172269,4900706,"182,218,182",0.0,2492.919189453125,157.9021453857422,373.6238708496094,18.9687845172269,61810,"182,218,182",4,80364,80364.0,105195.0,105195.0,80448,80448.0,105195,105195.0,0,0.0,84,84.0,0.014567862322172232,84.0,84.0,,
BraTS-GLI-02820-100,02820,100,5606095,"182,218,182",0.0,6815.1953125,397.5799255371094,799.1796875,21.627379576769638,5613257,"182,218,182",0.0,3245.435546875,368.62518310546875,738.64794921875,21.627379576769638,5669811,"182,218,182",0.0,1228.111083984375,94.6927719116211,194.3277130126953,21.62790581734024,5641577,"182,218,182",0.0,3041.701904296875,183.65377807617188,421.2095947265625,21.627379576769638,42907,"182,218,182",3,46332,46332.0,35551.0,35551.0,46332,46332.0,35551,35551.0,0,0.0,0,0.0,0.004923257506683256,,,,
BraTS-GLI-02820-101,02820,101,5268383,"182,218,182",0.0,8223.0107421875,422.8043518066406,861.5972900390625,20.70528146115403,5301662,"182,218,182",0.0,4003.06591796875,360.3063659667969,725.8349609375,20.70528146115403,5390758,"182,218,182",0.0,1220.7457275390625,93.71660614013672,196.37330627441406,20.70528146115403,5262165,"182,218,182",0.0,3120.606689453125,179.0841827392578,406.05047607421875,20.70528146115403,43622,"182,218,182",4,55928,55928.0,35027.0,35027.0,55993,55993.0,35027,35027.0,0,0.0,65,65.0,0.004850691701684746,65.0,65.0,,
BraTS-GLI-02821-100,02821,100,5785504,"182,218,182",0.0,6831.8212890625,450.4567565917969,879.863037109375,22.411381087910982,5815598,"182,218,182",0.0,3322.777099609375,409.21722412109375,796.9977416992188,22.411381087910982,5805670,"182,218,182",0.0,1739.835693359375,133.2103271484375,269.6838684082031,22.411505723835596,5736265,"182,218,182",0.0,2824.65576171875,195.62539672851562,418.272216796875,22.411381087910982,37861,"182,218,182",4,30433,30433.0,2136.0,2136.0,30818,30818.0,2136,2136.0,0,0.0,385,385.0,0.0002958025944214068,385.0,385.0,,
BraTS-GLI-02821-101,02821,101,5474950,"182,218,182",0.0,7898.49853515625,476.3813781738281,946.266845703125,21.56072705397234,5538105,"182,218,182",0.0,4089.82275390625,392.9695739746094,770.9993896484375,21.56072705397234,5529196,"182,218,182",0.0,1862.465087890625,136.213134765625,279.31549072265625,21.56072705397234,5447679,"182,218,182",0.0,3129.10791015625,212.8636474609375,465.18389892578125,21.56072705397234,40402,"182,218,182",5,39505,39505.0,1324.0,1324.0,42366,42366.0,1324,1324.0,104,104.0,2861,2861.0,0.0001833532935458533,2861.0,2861.0,104.0,104.0
BraTS-GLI-02822-100,02822,100,6030220,"182,218,182",0.0,8801.62890625,508.0088195800781,999.5484619140625,23.24295197694734,6017337,"182,218,182",0.0,5022.13671875,640.198974609375,1248.8333740234375,23.24295197694734,6025922,"182,218,182",0.0,2318.295166015625,175.19117736816406,354.2270202636719,23.24411524557709,6057305,"182,218,182",0.0,3972.90869140625,384.10333251953125,786.3247680664062,23.24295197694734,50743,"182,218,182",3,46023,46023.0,53300.0,53300.0,46023,46023.0,53300,53300.0,0,0.0,0,0.0,0.007381216424466752,,,,
BraTS-GLI-02822-101,02822,101,5740112,"182,218,182",0.0,9326.27734375,568.5753784179688,1126.3270263671875,22.521960849917296,5847461,"182,218,182",0.0,3653.597900390625,411.35687255859375,816.870849609375,22.521960849917296,5832555,"182,218,182",0.0,1826.325439453125,138.5081787109375,283.7847900390625,22.521960849917296,5840663,"182,218,182",0.0,5932.2236328125,477.87908935546875,971.5889892578125,22.521960849917296,49788,"182,218,182",3,38746,38746.0,53803.0,53803.0,38746,38746.0,53803,53803.0,0,0.0,0,0.0,0.007450874057890894,,,,
BraTS-GLI-02823-100,02823,100,5002594,"182,218,182",0.0,7453.1005859375,422.2174072265625,909.6289672851562,19.369765983587943,5054509,"182,218,182",0.0,2979.38916015625,358.2500915527344,775.93505859375,19.369765983587943,5086592,"182,218,182",0.0,1150.080810546875,78.5035629272461,174.12298583984375,19.370444556955295,4984449,"182,218,182",0.0,2822.557861328125,167.24851989746094,391.5031433105469,19.369765983587943,34844,"182,218,182",4,22794,22794.0,3904.0,3904.0,22981,22981.0,3904,3904.0,0,0.0,187,187.0,0.0005406429441110357,187.0,187.0,,
BraTS-GLI-02823-101,02823,101,4577577,"182,218,182",0.0,5898.2685546875,316.48687744140625,690.2059936523438,18.263151305796736,4597512,"182,218,182",0.0,3303.546142578125,294.5924987792969,635.8502197265625,18.263151305796736,4761741,"182,218,182",0.0,1376.593994140625,96.20620727539062,218.0965576171875,18.263151305796736,4661265,"182,218,182",0.0,2708.22314453125,148.9051055908203,357.00384521484375,18.263151305796736,35752,"182,218,182",4,23119,23119.0,5657.0,5657.0,23320,23320.0,5657,5657.0,0,0.0,201,201.0,0.0007834060283904018,201.0,201.0,,
BraTS-GLI-02824-100,02824,100,4531427,"182,218,182",0.0,8104.2177734375,382.3451843261719,877.5941772460938,17.48414908007609,4571370,"182,218,182",0.0,4385.806640625,321.8866271972656,735.4918212890625,17.48414908007609,4597611,"182,218,182",0.0,1362.7286376953125,91.60350799560547,218.48216247558594,17.48353974888908,4567003,"182,218,182",0.0,2678.2880859375,161.402587890625,412.012451171875,17.48414908007609,46407,"182,218,182",4,41065,41065.0,29600.0,29600.0,44524,44524.0,29600,29600.0,0,0.0,3459,3459.0,0.004099137076251705,3459.0,3459.0,,
BraTS-GLI-02824-101,02824,101,4325416,"182,218,182",0.0,9436.5673828125,385.17572021484375,898.448486328125,16.908400350531615,4379919,"182,218,182",0.0,4183.04541015625,311.2239074707031,714.0924682617188,16.908400350531615,4428979,"182,218,182",0.0,1316.25732421875,84.41485595703125,204.3091583251953,16.908400350531615,4376157,"182,218,182",0.0,2881.225830078125,160.07740783691406,416.546875,16.908400350531615,46656,"182,218,182",5,40219,40219.0,27105.0,27105.0,44055,44055.0,27105,27105.0,47,47.0,3836,3836.0,0.0037536185963446774,3836.0,3836.0,47.0,47.0
BraTS-GLI-02826-100,02826,100,5302530,"182,218,182",0.0,7076.609375,369.9949035644531,763.175537109375,20.547118472816628,5330542,"182,218,182",0.0,3168.818115234375,353.43927001953125,727.1502685546875,20.547118472816628,5385762,"182,218,182",0.0,1527.642578125,106.31243896484375,227.93528747558594,20.54736774466586,5274163,"182,218,182",0.0,2779.483642578125,178.28378295898438,399.1313781738281,20.547118472816628,40740,"182,218,182",4,25026,25026.0,29504.0,29504.0,25246,25246.0,29504,29504.0,0,0.0,220,220.0,0.0040858425776260235,220.0,220.0,,
BraTS-GLI-02826-101,02826,101,5050893,"182,218,182",0.0,7304.68359375,382.6758117675781,798.8146362304688,19.849918958952127,5119117,"182,218,182",0.0,4286.30712890625,363.2778015136719,752.5309448242188,19.849918958952127,5121084,"182,218,182",0.0,1747.503662109375,124.6005630493164,269.9412536621094,19.849918958952127,5045374,"182,218,182",0.0,2873.288330078125,170.1256561279297,389.61273193359375,19.849918958952127,40082,"182,218,182",4,21725,21725.0,28426.0,28426.0,21830,21830.0,28426,28426.0,0,0.0,105,105.0,0.003936556436808478,105.0,105.0,,
BraTS-GLI-02827-100,02827,100,5636393,"182,218,182",0.0,1992.6964111328125,124.32994079589844,249.87831115722656,21.780737157791297,5657032,"182,218,182",0.0,1137.16064453125,121.39224243164062,245.2174835205078,21.780737157791297,5636531,"182,218,182",0.0,1254.419189453125,125.88158416748047,257.85040283203125,21.780072432860013,5660755,"182,218,182",0.0,2748.180908203125,172.77101135253906,375.743896484375,21.780737157791297,38961,"182,218,182",3,13208,13208.0,43842.0,43842.0,13208,13208.0,43842,43842.0,0,0.0,0,0.0,0.006071431341115785,,,,
BraTS-GLI-02827-101,02827,101,5243568,"182,218,182",0.0,2539.60009765625,140.13525390625,291.2308044433594,20.666616627651006,5308459,"182,218,182",0.0,1164.4736328125,143.22247314453125,293.8542785644531,20.666616627651006,5341541,"182,218,182",0.0,1222.6634521484375,112.65755462646484,234.06488037109375,20.666616627651006,5313180,"182,218,182",0.0,2349.90234375,149.3547821044922,323.2900085449219,20.666616627651006,39292,"182,218,182",3,12574,12574.0,44747.0,44747.0,12574,12574.0,44747,44747.0,0,0.0,0,0.0,0.006196759687534967,,,,
BraTS-GLI-02828-100,02828,100,6609506,"182,218,182",0.0,2737.3173828125,171.07546997070312,309.8031311035156,25.883087071210873,6732319,"182,218,182",0.0,1115.212890625,133.32020568847656,245.17552185058594,25.883087071210873,6804960,"182,218,182",0.0,1158.515625,113.34770965576172,214.69277954101562,25.887047723926443,6639511,"182,218,182",0.0,3008.2724609375,239.0451202392578,465.8560791015625,25.86466865123988,44970,"182,218,182",3,25827,25827.0,59874.0,59874.0,25827,25827.0,59874,59874.0,0,0.0,0,0.0,0.008291612611604547,,,,
BraTS-GLI-02828-101,02828,101,6243038,"182,218,182",0.0,2984.926513671875,164.65782165527344,304.41436767578125,25.035922843161472,6440798,"182,218,182",0.0,1429.3079833984375,147.92054748535156,274.0738220214844,25.035922843161472,6457661,"182,218,182",0.0,1128.134765625,93.90824890136719,178.3450469970703,25.035922843161472,6337294,"182,218,182",0.0,4051.9814453125,278.1435546875,554.1666870117188,25.035922843161472,44891,"182,218,182",3,25757,25757.0,56221.0,56221.0,25757,25757.0,56221,56221.0,0,0.0,0,0.0,0.007785729242025239,,,,
BraTS-GLI-02829-100,02829,100,5347021,"182,218,182",0.0,7486.970703125,492.67413330078125,1042.096923828125,20.62935048619089,5375190,"182,218,182",0.0,3796.141845703125,455.0808410644531,961.2427978515625,20.62935048619089,5365308,"182,218,182",0.0,2963.001953125,184.69342041015625,410.0106201171875,20.62929509244662,5415078,"182,218,182",0.0,6211.9130859375,426.8253173828125,937.5496826171875,20.62935048619089,50840,"182,218,182",4,61273,61273.0,33952.0,33952.0,65150,65150.0,33952,33952.0,0,0.0,3877,3877.0,0.0047018210139492525,3877.0,3877.0,,
BraTS-GLI-02829-101,02829,101,5048589,"182,218,182",0.0,8360.033203125,543.456787109375,1173.4794921875,19.729617594825783,5106772,"182,218,182",0.0,3911.064453125,442.08447265625,954.6322021484375,19.729617594825783,5072339,"182,218,182",0.0,2864.237548828125,203.63526916503906,453.8136901855469,19.729617594825783,5109932,"182,218,182",0.0,7452.23291015625,472.1481628417969,1073.369873046875,19.729617594825783,53986,"182,218,182",4,64365,64365.0,35224.0,35224.0,70089,70089.0,35224,35224.0,0,0.0,5724,5724.0,0.0048779731207395285,5724.0,5724.0,,
BraTS-GLI-02830-100,02830,100,6454678,"182,218,182",0.0,6823.232421875,490.8675537109375,903.2255859375,24.906398420613563,6417391,"182,218,182",0.0,4738.00830078125,635.3904418945312,1172.5523681640625,24.906398420613563,6390258,"182,218,182",0.0,2009.9095458984375,207.41867065429688,390.1851501464844,24.907215478341598,6433856,"182,218,182",0.0,3831.16015625,359.2638244628906,688.4733276367188,24.906398420613563,39734,"182,218,182",3,35114,35114.0,8555.0,8555.0,35114,35114.0,8555,8555.0,0,0.0,0,0.0,0.0011847337056531532,,,,
BraTS-GLI-02830-101,02830,101,6183039,"182,218,182",0.0,8958.2080078125,691.7316284179688,1286.1761474609375,24.40652527228795,6267666,"182,218,182",0.0,4298.58447265625,570.1658935546875,1059.1422119140625,24.40652527228795,6216265,"182,218,182",0.0,2240.742919921875,226.8805389404297,430.1649475097656,24.40652527228795,6257471,"182,218,182",0.0,6383.70751953125,440.42767333984375,904.0217895507812,24.40652527228795,40151,"182,218,182",3,28677,28677.0,18874.0,18874.0,28677,28677.0,18874,18874.0,0,0.0,0,0.0,0.0026137538235531986,,,,
BraTS-GLI-02831-100,02831,100,4643647,"182,218,182",0.0,8477.6923828125,422.2676086425781,951.0366821289062,17.984977770490424,4714099,"182,218,182",0.0,3240.09716796875,343.65606689453125,779.914794921875,17.984977770490424,4618932,"182,218,182",0.0,2272.16357421875,181.45811462402344,413.834228515625,17.984728498641193,4692943,"182,218,182",0.0,5587.333984375,282.6006774902344,666.384033203125,17.984977770490424,34310,"182,218,182",3,13817,13817.0,5478.0,5478.0,13817,13817.0,5478,5478.0,0,0.0,0,0.0,0.0007586173278279337,,,,
BraTS-GLI-02831-101,02831,101,4480715,"182,218,182",0.0,9023.474609375,429.1251525878906,966.568359375,17.61928211923171,4498291,"182,218,182",0.0,5926.783203125,563.5079956054688,1265.5643310546875,17.61928211923171,4487969,"182,218,182",0.0,2520.43896484375,193.4884490966797,440.85748291015625,17.61928211923171,4476168,"182,218,182",0.0,3967.915283203125,229.6051788330078,528.0222778320312,17.61928211923171,33085,"182,218,182",3,10488,10488.0,3587.0,3587.0,10488,10488.0,3587,3587.0,0,0.0,0,0.0,0.0004967434017741509,,,,
BraTS-GLI-02832-100,02832,100,5279676,"182,218,182",0.0,7033.1181640625,409.5393371582031,855.523193359375,20.369429189622757,5299908,"182,218,182",0.0,3542.990478515625,363.897216796875,756.72412109375,20.369429189622757,5332808,"182,218,182",0.0,1477.3492431640625,111.46636199951172,242.17115783691406,20.369581522419512,5288281,"182,218,182",0.0,2717.100341796875,172.74388122558594,399.0188293457031,20.369429189622757,57794,"182,218,182",4,87978,87978.0,44748.0,44748.0,88566,88566.0,44748,44748.0,0,0.0,588,588.0,0.0061968981718956515,588.0,588.0,,
BraTS-GLI-02832-101,02832,101,5025192,"182,218,182",0.0,7762.92431640625,407.2291259765625,861.3859252929688,19.705341286397847,5069130,"182,218,182",0.0,4108.1953125,347.81903076171875,727.3840942382812,19.705341286397847,5110920,"182,218,182",0.0,1538.07177734375,116.05109405517578,255.60516357421875,19.705341286397847,5054954,"182,218,182",0.0,2745.03466796875,170.0579071044922,397.5769958496094,19.705341286397847,57234,"182,218,182",4,77466,77466.0,44747.0,44747.0,77843,77843.0,44747,44747.0,0,0.0,377,377.0,0.006196759687534967,377.0,377.0,,
BraTS-GLI-02833-100,02833,100,5459807,"182,218,182",0.0,10162.5,589.3986206054688,1231.152099609375,21.16912097882962,6331261,"182,218,182",0.0,4270.728515625,457.6729431152344,943.9385986328125,23.971712076611766,5482309,"182,218,182",0.0,3065.08447265625,211.68858337402344,456.84881591796875,21.168857858544317,5554373,"182,218,182",0.0,6075.369140625,380.3520812988281,866.9635009765625,21.16912097882962,48292,"182,218,182",4,34070,34070.0,53138.0,53138.0,34206,34206.0,53138,53138.0,0,0.0,136,136.0,0.007358781958035915,136.0,136.0,,
BraTS-GLI-02833-101,02833,101,5278264,"182,218,182",0.0,8191.10693359375,461.8778991699219,974.1986694335938,20.577003397852273,5346582,"182,218,182",0.0,3205.80615234375,344.4103088378906,726.4865112304688,20.577003397852273,5302951,"182,218,182",0.0,2900.67822265625,205.77003479003906,446.47515869140625,20.577003397852273,5347586,"182,218,182",0.0,5282.1728515625,400.6184997558594,862.120849609375,20.577003397852273,51763,"182,218,182",4,45622,45622.0,49272.0,49272.0,45821,45821.0,49272,49272.0,0,0.0,199,199.0,0.006823401419630878,199.0,199.0,,
BraTS-GLI-02834-100,02834,100,5787761,"182,218,182",0.0,9695.71484375,546.3489990234375,1091.472412109375,22.47905839497734,5845850,"182,218,182",0.0,3821.19091796875,476.57696533203125,962.7322998046875,22.47905839497734,5789826,"182,218,182",0.0,2201.309326171875,165.05770874023438,331.90167236328125,22.478559851278877,5863718,"182,218,182",0.0,6252.04638671875,518.0404663085938,1045.4981689453125,22.47905839497734,37964,"182,218,182",5,24896,24896.0,684.0,684.0,27344,27344.0,684,684.0,851,851.0,2448,2448.0,9.472330270797858e-05,2448.0,2448.0,851.0,851.0
BraTS-GLI-02834-101,02834,101,5540400,"182,218,182",0.0,8018.83203125,551.4674072265625,1096.6558837890625,21.791248120767225,5645706,"182,218,182",0.0,3531.790283203125,427.9905700683594,857.1469116210938,21.791248120767225,5568419,"182,218,182",0.0,2151.98486328125,190.3663330078125,387.67474365234375,21.791248120767225,5605758,"182,218,182",0.0,5028.91259765625,358.251220703125,752.0057373046875,21.791248120767225,41719,"182,218,182",5,41987,41987.0,696.0,696.0,44857,44857.0,696,696.0,1015,1015.0,2870,2870.0,9.638511503618874e-05,2870.0,2870.0,1015.0,1015.0
BraTS-GLI-02835-100,02835,100,5561472,"182,218,182",0.0,9550.3642578125,435.3960266113281,881.2005615234375,21.532670122497727,5591041,"182,218,182",0.0,3761.41845703125,399.9165344238281,799.5454711914062,21.532670122497727,5524265,"182,218,182",0.0,2991.06298828125,215.32281494140625,443.8948669433594,21.53228236628781,5643022,"182,218,182",0.0,2559.563720703125,134.7874755859375,296.5558776855469,21.532670122497727,37598,"182,218,182",3,12796,12796.0,21587.0,21587.0,12796,12796.0,21587,21587.0,0,0.0,0,0.0,0.002989461894089377,,,,
BraTS-GLI-02835-101,02835,101,6185176,"182,218,182",0.0,5923.94287109375,549.2738647460938,1088.1912841796875,23.758030708076074,6768430,"182,218,182",0.0,3447.122314453125,449.48236083984375,905.2446899414062,25.500911781030744,5433729,"182,218,182",0.0,2679.419189453125,212.5945281982422,438.6003723144531,21.25945432730391,5446172,"182,218,182",0.0,5387.3037109375,324.5848083496094,691.7108154296875,21.232726845691865,39254,"182,218,182",3,19277,19277.0,26322.0,26322.0,19277,19277.0,26322,26322.0,0,0.0,0,0.0,0.003645185341928965,,,,
BraTS-GLI-02836-100,02836,100,5347921,"182,218,182",0.0,2493.08984375,110.1869125366211,231.834716796875,20.556590803087428,5377352,"182,218,182",0.0,866.1162719726562,87.9024429321289,186.1355743408203,20.556590803087428,5334908,"182,218,182",0.0,1282.8133544921875,128.01600646972656,280.1533203125,20.556826226500586,5371665,"182,218,182",0.0,2638.578125,165.34693908691406,379.16375732421875,20.556590803087428,41556,"182,218,182",3,13126,13126.0,58833.0,58833.0,13126,13126.0,58833,58833.0,0,0.0,0,0.0,0.008147450392132315,,,,
BraTS-GLI-02836-101,02836,101,5094208,"182,218,182",0.0,3053.406494140625,125.76801300048828,269.0636901855469,20.239738585842023,5222695,"182,218,182",0.0,1282.9276123046875,119.11408233642578,248.33816528320312,20.239738585842023,5216126,"182,218,182",0.0,1432.387451171875,130.53219604492188,281.616455078125,20.239738585842023,5185032,"182,218,182",0.0,2492.92822265625,174.96890258789062,394.2517395019531,20.239738585842023,41136,"182,218,182",3,15116,15116.0,59055.0,59055.0,15116,15116.0,59055,59055.0,0,0.0,0,0.0,0.008178193920204203,,,,
BraTS-GLI-02837-100,02837,100,5528215,"182,218,182",0.0,8693.4541015625,424.2271728515625,880.3016967773438,21.211358708838294,5354954,"182,218,182",0.0,2251.520751953125,212.11358642578125,427.594482421875,21.211358708838294,5562869,"182,218,182",0.0,1689.165771484375,108.76463317871094,234.184326171875,21.212729704009067,5454378,"182,218,182",0.0,2724.345458984375,205.25454711914062,455.7071533203125,21.211358708838294,30439,"182,218,182",2,3112,3112.0,,,3112,3112.0,0,0.0,0,0.0,0,0.0,0.0,,,,
BraTS-GLI-02837-101,02837,101,5341144,"182,218,182",0.0,10504.26953125,525.3433227539062,1106.968994140625,20.857184956388505,5405716,"182,218,182",0.0,4175.1494140625,415.67987060546875,873.3009033203125,20.857184956388505,5400659,"182,218,182",0.0,1531.5167236328125,116.07588195800781,244.90869140625,20.857184956388505,5393202,"182,218,182",0.0,3808.15869140625,352.24310302734375,761.8763427734375,20.857184956388505,30594,"182,218,182",2,3922,3922.0,,,3922,3922.0,0,0.0,0,0.0,0,0.0,0.0,,,,
BraTS-GLI-02838-100,02838,100,5211438,"182,218,182",0.0,11018.7734375,524.7477416992188,1117.3902587890625,20.260455846200376,5263368,"182,218,182",0.0,4448.41552734375,502.5124816894531,1078.966552734375,20.260455846200376,5244060,"182,218,182",0.0,2193.284423828125,164.67987060546875,359.8617248535156,20.261037480515252,5259244,"182,218,182",0.0,4294.65771484375,304.783447265625,670.6882934570312,20.260455846200376,41655,"182,218,182",3,27032,27032.0,29179.0,29179.0,27032,27032.0,29179,29179.0,0,0.0,0,0.0,0.004040835160403666,,,,
BraTS-GLI-02838-101,02838,101,4874193,"182,218,182",0.0,11369.6494140625,583.563232421875,1253.6065673828125,19.312724275422127,4975434,"182,218,182",0.0,4929.85986328125,544.2765502929688,1173.997314453125,19.312724275422127,4956026,"182,218,182",0.0,2910.954345703125,209.5266876220703,466.7267150878906,19.312724275422127,4994729,"182,218,182",0.0,5580.82763671875,369.3453063964844,845.2579345703125,19.292103954116254,41425,"182,218,182",3,27638,27638.0,26796.0,26796.0,27638,27638.0,26796,26796.0,0,0.0,0,0.0,0.003710826928893266,,,,
BraTS-GLI-02839-100,02839,100,5587325,"182,218,182",0.0,7878.908203125,597.4867553710938,1180.0123291015625,21.961223825070988,5740564,"182,218,182",0.0,3416.975830078125,436.5668029785156,883.8916015625,21.961223825070988,5650506,"182,218,182",0.0,1647.239501953125,161.5756072998047,326.7305603027344,21.960600645447908,5619304,"182,218,182",0.0,3575.662109375,252.55470275878906,518.1661376953125,21.961223825070988,31882,"182,218,182",3,8025,8025.0,4498.0,4498.0,8025,8025.0,4498,4498.0,0,0.0,0,0.0,0.0006229026543574381,,,,
BraTS-GLI-02839-101,02839,101,5387128,"182,218,182",0.0,8780.107421875,598.4710083007812,1199.2216796875,21.321024474064096,5496012,"182,218,182",0.0,3906.6650390625,509.7249755859375,1035.9271240234375,21.321024474064096,5431100,"182,218,182",0.0,1911.92822265625,181.73348999023438,370.6895446777344,21.321024474064096,5427911,"182,218,182",0.0,4497.0751953125,309.3704528808594,642.844970703125,21.321024474064096,31692,"182,218,182",3,8129,8129.0,3917.0,3917.0,8129,8129.0,3917,3917.0,0,0.0,0,0.0,0.00054244324079993,,,,
BraTS-GLI-02840-100,02840,100,5224208,"182,218,182",0.0,9090.130859375,388.9260559082031,822.84326171875,20.165164757613592,5213995,"182,218,182",0.0,4311.5947265625,337.4452209472656,704.4273681640625,20.165164757613592,5256454,"182,218,182",0.0,1607.3905029296875,117.63009643554688,255.21841430664062,20.165926421597355,5280192,"182,218,182",0.0,2576.3349609375,140.60777282714844,325.50885009765625,20.165164757613592,50563,"182,218,182",5,53034,53034.0,26417.0,26417.0,53877,53877.0,26417,26417.0,86,86.0,843,843.0,0.003658341356193962,843.0,843.0,86.0,86.0
BraTS-GLI-02840-101,02840,101,5079440,"182,218,182",0.0,7378.048828125,389.9305114746094,830.4395141601562,19.84149910982253,5098381,"182,218,182",0.0,4591.28662109375,537.3984375,1137.939453125,19.84149910982253,5078665,"182,218,182",0.0,2743.611328125,165.2298126220703,362.2979431152344,19.84149910982253,5083027,"182,218,182",0.0,4614.3876953125,314.2132873535156,707.6244506835938,19.84149910982253,57417,"182,218,182",5,76271,76271.0,30612.0,30612.0,80679,80679.0,30612,30612.0,608,608.0,4408,4408.0,0.004239283249264094,4408.0,4408.0,608.0,608.0
BraTS-GLI-02842-100,02842,100,5703061,"182,218,182",0.0,5913.2802734375,238.38427734375,498.9429016113281,22.21513490038543,5724377,"182,218,182",0.0,2005.5609130859375,221.5611114501953,458.04644775390625,22.21513490038543,5737822,"182,218,182",0.0,1869.1842041015625,142.51141357421875,290.16558837890625,22.214747144175515,5708033,"182,218,182",0.0,2966.41162109375,216.52914428710938,474.8503112792969,22.21513490038543,52916,"182,218,182",5,24443,24443.0,52276.0,52276.0,39533,39533.0,52276,52276.0,216,216.0,15090,15090.0,0.007239408439126152,15090.0,15090.0,216.0,216.0
BraTS-GLI-02842-101,02842,101,5642858,"182,218,182",0.0,15881.544921875,1020.0955810546875,2025.6923828125,22.40228266541403,5712589,"182,218,182",0.0,6511.00830078125,756.553955078125,1469.8023681640625,22.40228266541403,5705040,"182,218,182",0.0,2795.3349609375,234.77198791503906,469.47735595703125,22.40228266541403,5803185,"182,218,182",0.0,5704.1435546875,477.1077575683594,987.781494140625,22.40228266541403,71936,"182,218,182",5,53636,53636.0,40750.0,40750.0,106769,106769.0,40750,40750.0,2099,2099.0,53133,53133.0,0.005643237697880303,53133.0,53133.0,2099.0,2099.0
BraTS-GLI-02843-100,02843,100,4901047,"182,218,182",0.0,7434.4658203125,379.75433349609375,821.3464965820312,18.975113252510166,4911955,"182,218,182",0.0,3431.001708984375,325.43017578125,700.8253784179688,18.975113252510166,4933974,"182,218,182",0.0,1543.5426025390625,109.01213836669922,243.1585693359375,18.974600860375638,4949812,"182,218,182",0.0,2467.21728515625,137.49044799804688,324.64935302734375,18.975113252510166,33687,"182,218,182",3,13703,13703.0,9443.0,9443.0,13703,13703.0,9443,9443.0,0,0.0,0,0.0,0.0013077078179407043,,,,
BraTS-GLI-02843-101,02843,101,4880421,"182,218,182",0.0,10434.7333984375,559.2026977539062,1208.1630859375,19.210633604725754,4972415,"182,218,182",0.0,4360.046875,426.2606506347656,919.9039306640625,19.210633604725754,4920126,"182,218,182",0.0,2095.511962890625,155.684326171875,344.8093566894531,19.210633604725754,4946877,"182,218,182",0.0,4802.57080078125,320.0268859863281,718.1333618164062,19.210633604725754,34294,"182,218,182",3,15430,15430.0,14395.0,14395.0,15430,15430.0,14395,14395.0,0,0.0,0,0.0,0.00199348237204876,,,,
BraTS-GLI-02844-100,02844,100,5622031,"182,218,182",0.0,7852.08740234375,401.891845703125,798.847412109375,21.78350684500498,5550077,"182,218,182",0.0,4349.74072265625,351.1470642089844,695.0267333984375,21.78350684500498,5658838,"182,218,182",0.0,1447.0745849609375,124.70240020751953,252.92906188964844,21.781097217129076,5703357,"182,218,182",0.0,2358.97216796875,129.8979949951172,278.2811279296875,21.78350684500498,31590,"182,218,182",3,4400,4400.0,6539.0,6539.0,4400,4400.0,6539,6539.0,0,0.0,0,0.0,0.0009055492345138479,,,,
BraTS-GLI-02844-101,02844,101,5509296,"182,218,182",0.0,9280.166015625,554.7322387695312,1092.36572265625,21.90130164220294,5630795,"182,218,182",0.0,4667.77490234375,473.8250732421875,922.1039428710938,21.90130164220294,5688068,"182,218,182",0.0,1453.0123291015625,120.49864196777344,241.4722442626953,21.90130164220294,5496647,"182,218,182",0.0,3223.439208984375,187.6755828857422,399.5331115722656,21.90130164220294,31756,"182,218,182",3,5136,5136.0,6596.0,6596.0,5136,5136.0,6596,6596.0,0,0.0,0,0.0,0.0009134428430728461,,,,
BraTS-GLI-02845-100,02845,100,4971172,"182,218,182",0.0,5306.46533203125,307.6734924316406,673.0729370117188,19.21142296558165,4968053,"182,218,182",0.0,2655.75830078125,284.4347839355469,626.5174560546875,19.21142296558165,5055235,"182,218,182",0.0,1448.0797119140625,93.10076141357422,210.26068115234375,19.21194920615225,4939498,"182,218,182",0.0,2736.489501953125,172.23568725585938,403.7730407714844,19.21142296558165,32965,"182,218,182",3,17414,17414.0,676.0,676.0,17414,17414.0,676,676.0,0,0.0,0,0.0,9.361542782250516e-05,,,,
BraTS-GLI-02845-101,02845,101,4621846,"182,218,182",0.0,6617.07861328125,305.9744873046875,682.8961791992188,18.35860857561634,4693248,"182,218,182",0.0,2722.566650390625,275.36956787109375,612.844482421875,18.35860857561634,4713015,"182,218,182",0.0,870.51806640625,55.06414794921875,126.25349426269531,18.35860857561634,4700485,"182,218,182",0.0,2576.974853515625,157.2568359375,375.7233581542969,18.35860857561634,33243,"182,218,182",3,17439,17439.0,890.0,890.0,17439,17439.0,890,890.0,0,0.0,0,0.0,0.0001232510810089195,,,,
BraTS-GLI-02846-100,02846,100,6014915,"182,218,182",0.0,5208.12744140625,272.0111083984375,533.8465576171875,23.470620265912128,6034482,"182,218,182",0.0,2466.391845703125,228.0136260986328,447.6243896484375,23.470620265912128,6073571,"182,218,182",0.0,2766.784912109375,175.96620178222656,355.1919250488281,23.46848760675759,6048350,"182,218,182",0.0,2896.232177734375,242.03631591796875,507.5528869628906,23.470620265912128,92000,"182,218,182",5,137793,137793.0,10190.0,10190.0,164991,164991.0,10190,10190.0,7626,7626.0,27198,27198.0,0.001411155635371786,27198.0,27198.0,7626.0,7626.0
BraTS-GLI-02846-101,02846,101,5884192,"182,218,182",0.0,8230.958984375,359.3724060058594,706.4915161132812,23.381214762654423,5920930,"182,218,182",0.0,3608.763427734375,291.0874938964844,563.604248046875,23.381214762654423,5991954,"182,218,182",0.0,2583.945068359375,222.2671356201172,447.2510986328125,23.381214762654423,5994391,"182,218,182",0.0,4331.41650390625,333.06329345703125,697.222900390625,23.381214762654423,115982,"182,218,182",5,196387,196387.0,10376.0,10376.0,245956,245956.0,10376,10376.0,25052,25052.0,49569,49569.0,0.0014369137264590435,49569.0,49569.0,25052.0,25052.0
BraTS-GLI-02847-100,02847,100,6185955,"182,218,182",0.0,7079.2861328125,462.1468505859375,864.2816772460938,23.941744060959707,6102479,"182,218,182",0.0,3647.11181640625,382.5453186035156,713.526611328125,23.941744060959707,6265717,"182,218,182",0.0,1481.8701171875,118.6556396484375,230.57920837402344,23.941564031290817,6237221,"182,218,182",0.0,2539.1953125,172.70094299316406,353.5301513671875,23.941744060959707,42307,"182,218,182",3,40093,40093.0,20796.0,20796.0,40093,40093.0,20796,20796.0,0,0.0,0,0.0,0.002879920764788191,,,,
BraTS-GLI-02847-101,02847,101,5837395,"182,218,182",0.0,7265.72314453125,451.349365234375,859.32421875,22.99567430250967,5866503,"182,218,182",0.0,3794.261962890625,392.3021545410156,737.4857788085938,22.99567430250967,5993903,"182,218,182",0.0,1304.1768798828125,110.95977020263672,219.16195678710938,22.99567430250967,5903714,"182,218,182",0.0,2813.12451171875,178.38671875,380.1548767089844,22.99567430250967,41618,"182,218,182",3,38604,38604.0,19951.0,19951.0,38604,38604.0,19951,19951.0,0,0.0,0,0.0,0.0027629014800100594,,,,
BraTS-GLI-02848-100,02848,100,5399648,"182,218,182",0.0,7557.798828125,471.5986328125,944.6886596679688,21.230081794402793,5481374,"182,218,182",0.0,3116.923095703125,413.2412414550781,824.5789794921875,21.230081794402793,5484586,"182,218,182",0.0,1391.837646484375,138.63099670410156,287.2077941894531,21.229444766343647,5502544,"182,218,182",0.0,2531.114501953125,145.405517578125,310.2561950683594,21.230081794402793,49796,"182,218,182",3,106115,106115.0,3438.0,3438.0,106115,106115.0,3438,3438.0,0,0.0,0,0.0,0.0004761092320322081,,,,
BraTS-GLI-02848-101,02848,101,5229470,"182,218,182",0.0,7738.5478515625,419.4603271484375,846.86962890625,20.68381638524798,5216176,"182,218,182",0.0,4043.94091796875,362.6737060546875,722.0587158203125,20.68381638524798,5356614,"182,218,182",0.0,1444.0567626953125,120.36939239501953,249.82057189941406,20.68381638524798,5295872,"182,218,182",0.0,2700.540771484375,146.02056884765625,320.3193054199219,20.68381638524798,51336,"182,218,182",3,111965,111965.0,4041.0,4041.0,111965,111965.0,4041,4041.0,0,0.0,0,0.0,0.0005596153015247682,,,,
BraTS-GLI-02849-100,02849,100,5210811,"182,218,182",0.0,9127.1201171875,610.2800903320312,1276.797607421875,20.319450183851835,5273986,"182,218,182",0.0,4742.1640625,563.0757446289062,1197.187255859375,20.319450183851835,5277388,"182,218,182",0.0,1807.3092041015625,132.4196014404297,286.2855529785156,20.320004121294573,5289973,"182,218,182",0.0,3912.51513671875,290.6396484375,646.2849731445312,20.319450183851835,290352,"182,218,182",3,37856,37856.0,37341.0,37341.0,37856,37856.0,37341,37341.0,0,0.0,0,0.0,0.0051711445123079364,,,,
BraTS-GLI-02849-101,02849,101,4975218,"182,218,182",0.0,10247.6240234375,503.0694580078125,1090.2237548828125,19.505508353930573,5042638,"182,218,182",0.0,4007.3046875,451.4145812988281,976.0964965820312,19.505508353930573,5036841,"182,218,182",0.0,1829.3240966796875,127.55918884277344,282.17059326171875,19.505508353930573,5050088,"182,218,182",0.0,5291.63525390625,338.65362548828125,778.3196411132812,19.505508353930573,45458,"182,218,182",3,38894,38894.0,34708.0,34708.0,38894,38894.0,34708,34708.0,0,0.0,0,0.0,0.004806515190626492,,,,
BraTS-GLI-02851-100,02851,100,4993326,"182,218,182",0.0,7036.71044921875,372.54095458984375,796.4977416992188,19.311173250582463,4997754,"182,218,182",0.0,3246.58349609375,332.98516845703125,709.9619140625,19.311173250582463,5050355,"182,218,182",0.0,1437.2568359375,99.32378387451172,216.02940368652344,19.311782581769478,5065198,"182,218,182",0.0,2224.636962890625,109.62468719482422,257.4908447265625,19.311173250582463,35594,"182,218,182",3,10784,10784.0,7500.0,7500.0,10784,10784.0,7500,7500.0,0,0.0,0,0.0,0.0010386327051313442,,,,
BraTS-GLI-02851-101,02851,101,4713217,"182,218,182",0.0,8353.314453125,395.73944091796875,855.7901611328125,18.566002754176967,4780804,"182,218,182",0.0,4467.43212890625,388.46844482421875,832.8549194335938,18.566002754176967,4841330,"182,218,182",0.0,1361.828125,86.86811828613281,192.79461669921875,18.566002754176967,4775479,"182,218,182",0.0,2646.59375,118.76020050048828,282.5005187988281,18.566002754176967,34749,"182,218,182",3,12419,12419.0,6870.0,6870.0,12419,12419.0,6870,6870.0,0,0.0,0,0.0,0.0009513875579003112,,,,
BraTS-GLI-02852-100,02852,100,4660707,"182,218,182",0.0,7275.943359375,391.4503173828125,870.3779296875,18.122049590695624,4706326,"182,218,182",0.0,3910.822998046875,339.59014892578125,751.2874755859375,18.122049590695624,4733173,"182,218,182",0.0,1439.941650390625,101.4793930053711,232.15733337402344,18.121675682921776,4745998,"182,218,182",0.0,2549.645751953125,123.42700958251953,296.2145080566406,18.122049590695624,44148,"182,218,182",5,32387,32387.0,9615.0,9615.0,46767,46767.0,9615,9615.0,474,474.0,14380,14380.0,0.0013315271279783832,14380.0,14380.0,474.0,474.0
BraTS-GLI-02852-101,02852,101,4439675,"182,218,182",0.0,7559.84912109375,383.5827941894531,863.9619750976562,17.459568106054647,4497491,"182,218,182",0.0,4134.9345703125,335.3637390136719,747.4318237304688,17.459568106054647,4543337,"182,218,182",0.0,1411.7066650390625,98.2999267578125,227.4884490966797,17.459568106054647,4523298,"182,218,182",0.0,2521.078857421875,119.98399353027344,293.7904357910156,17.459568106054647,45914,"182,218,182",5,41284,41284.0,12157.0,12157.0,48359,48359.0,12157,12157.0,1633,1633.0,7075,7075.0,0.0016835543728375667,7075.0,7075.0,1633.0,1633.0
BraTS-GLI-02854-100,02854,100,6105635,"182,218,182",0.0,2956.423583984375,165.2759246826172,320.01019287109375,23.774316468892533,6164680,"182,218,182",0.0,1860.9207763671875,148.6334228515625,288.380615234375,23.774316468892533,6253651,"182,218,182",0.0,1185.1002197265625,99.18287658691406,198.03659057617188,23.774385711072878,6230933,"182,218,182",0.0,2590.299072265625,155.79241943359375,340.1427917480469,23.774316468892533,41734,"182,218,182",3,25772,25772.0,25773.0,25773.0,25772,25772.0,25773,25773.0,0,0.0,0,0.0,0.003569157427913351,,,,
BraTS-GLI-02854-101,02854,101,5649473,"182,218,182",0.0,3250.66552734375,161.2078094482422,318.6671447753906,22.540185391783336,5770081,"182,218,182",0.0,2003.2686767578125,155.23411560058594,307.6796569824219,22.540185391783336,5875146,"182,218,182",0.0,1419.9859619140625,102.38172912597656,208.25172424316406,22.540185391783336,5771909,"182,218,182",0.0,3536.06298828125,203.89669799804688,442.26641845703125,22.540185391783336,41774,"182,218,182",3,27187,27187.0,21693.0,21693.0,27187,27187.0,21693,21693.0,0,0.0,0,0.0,0.0030041412363218997,,,,
BraTS-GLI-02855-101,02855,101,4863940,"182,218,182",0.0,2436.23681640625,119.66278839111328,255.81324768066406,19.1846539386614,4923767,"182,218,182",0.0,1188.1727294921875,139.71759033203125,301.8488464355469,19.1846539386614,4904357,"182,218,182",0.0,1630.239990234375,146.046630859375,317.54864501953125,19.1846539386614,4898968,"182,218,182",0.0,2664.957763671875,148.5694122314453,337.6914978027344,19.1846539386614,40084,"182,218,182",3,25722,25722.0,15275.0,15275.0,25722,25722.0,15275,15275.0,0,0.0,0,0.0,0.0021153486094508374,,,,
BraTS-GLI-02855-100,02855,100,5165290,"182,218,182",0.0,2365.893798828125,113.9024429321289,241.2710418701172,19.956025676108347,5160796,"182,218,182",0.0,1216.5369873046875,140.7652130126953,302.60791015625,19.956025676108347,5138960,"182,218,182",0.0,1642.142333984375,151.362548828125,326.9737548828125,19.954696226245776,5217239,"182,218,182",0.0,2225.6220703125,133.1772003173828,298.76861572265625,19.956025676108347,40469,"182,218,182",3,24694,24694.0,16726.0,16726.0,24694,24694.0,16726,16726.0,0,0.0,0,0.0,0.0023162894168035817,,,,
BraTS-GLI-02856-100,02856,100,6039017,"182,218,182",0.0,3565.953369140625,198.29046630859375,386.02862548828125,23.5969180028561,6103004,"182,218,182",0.0,1447.0767822265625,165.18609619140625,322.0718688964844,23.5969180028561,6073298,"182,218,182",0.0,732.1558227539062,65.00993347167969,129.2123260498047,23.595796279534557,6068533,"182,218,182",0.0,3196.4091796875,229.5618438720703,484.6577453613281,23.5969180028561,34846,"182,218,182",3,18310,18310.0,7391.0,7391.0,18310,18310.0,7391,7391.0,0,0.0,0,0.0,0.0010235379098167685,,,,
BraTS-GLI-02856-101,02856,101,5719724,"182,218,182",0.0,3683.078369140625,190.11288452148438,376.58709716796875,22.791008265854522,5862074,"182,218,182",0.0,1538.90966796875,160.48446655273438,315.6878662109375,22.791008265854522,5828375,"182,218,182",0.0,851.8662719726562,69.94862365722656,140.41473388671875,22.791008265854522,5771379,"182,218,182",0.0,3319.153564453125,232.3670654296875,498.41326904296875,22.791008265854522,33652,"182,218,182",3,11054,11054.0,9645.0,9645.0,11054,11054.0,9645,9645.0,0,0.0,0,0.0,0.0013356816587989085,,,,
BraTS-GLI-02857-100,02857,100,5521563,"182,218,182",0.0,7901.7001953125,435.93341064453125,895.5034790039062,21.295349473593248,5538032,"182,218,182",0.0,4038.7939453125,377.9842834472656,764.3856811523438,21.295349473593248,5604072,"182,218,182",0.0,1276.93994140625,87.90089416503906,188.8118133544922,21.294670900225896,5542064,"182,218,182",0.0,2723.2802734375,200.1885528564453,462.5588684082031,21.295349473593248,48475,"182,218,182",5,50109,50109.0,14470.0,14470.0,57126,57126.0,14470,14470.0,96,96.0,7017,7017.0,0.002003868699100073,7017.0,7017.0,96.0,96.0
BraTS-GLI-02857-101,02857,101,5274627,"182,218,182",0.0,11228.3798828125,584.5285034179688,1241.9893798828125,20.731870458405393,5356622,"182,218,182",0.0,4701.35546875,520.639892578125,1078.04248046875,20.731870458405393,5338261,"182,218,182",0.0,2059.6845703125,144.82432556152344,314.0177917480469,20.731870458405393,5356363,"182,218,182",0.0,6910.4677734375,475.0793762207031,1072.3326416015625,20.731870458405393,48842,"182,218,182",5,49043,49043.0,14225.0,14225.0,57260,57260.0,14225,14225.0,361,361.0,8217,8217.0,0.0019699400307324495,8217.0,8217.0,361.0,361.0
BraTS-GLI-02858-100,02858,100,4288907,"182,218,182",0.0,7129.5029296875,335.1452941894531,788.6448364257812,16.526640513433538,4313515,"182,218,182",0.0,4272.6328125,298.3960876464844,700.0479125976562,16.526640513433538,4307160,"182,218,182",0.0,1594.1251220703125,98.5132827758789,238.55905151367188,16.52773453988294,4307986,"182,218,182",0.0,2631.33447265625,121.037353515625,309.13580322265625,16.526640513433538,33911,"182,218,182",3,12351,12351.0,7814.0,7814.0,12351,12351.0,7814,7814.0,0,0.0,0,0.0,0.0010821167943861764,,,,
BraTS-GLI-02858-101,02858,101,4062732,"182,218,182",0.0,6082.42724609375,286.2644348144531,674.070556640625,16.099582441955665,4060242,"182,218,182",0.0,3119.84521484375,240.32826232910156,562.7503662109375,16.099582441955665,4213709,"182,218,182",0.0,1252.276123046875,74.4647216796875,180.82803344726562,16.099582441955665,4172730,"182,218,182",0.0,2552.278564453125,114.67842864990234,296.6324157714844,16.099582441955665,34048,"182,218,182",3,10899,10899.0,8717.0,8717.0,10899,10899.0,8717,8717.0,0,0.0,0,0.0,0.0012071681720839903,,,,
BraTS-GLI-02859-100,02859,100,4933324,"182,218,182",0.0,3419.364501953125,313.15289306640625,696.88525390625,18.864810459225218,4922356,"182,218,182",0.0,2966.111572265625,292.63232421875,655.2183227539062,18.864810459225218,5166140,"182,218,182",0.0,2324.9365234375,154.04104614257812,350.2053527832031,19.772810866923177,4918061,"182,218,182",0.0,4714.8857421875,272.226318359375,677.3809204101562,18.864810459225218,48279,"182,218,182",3,62422,62422.0,2313.0,2313.0,62422,62422.0,2313,2313.0,0,0.0,0,0.0,0.0003203143262625065,,,,
BraTS-GLI-02859-101,02859,101,4577504,"182,218,182",0.0,9050.283203125,452.0240783691406,1000.4142456054688,18.022507032235836,4660807,"182,218,182",0.0,4536.71240234375,347.5584716796875,760.71484375,18.022507032235836,5126847,"182,218,182",0.0,1720.49169921875,112.54828643798828,254.46607971191406,19.537110485038703,4600637,"182,218,182",0.0,2889.940673828125,171.09991455078125,420.35260009765625,18.022507032235836,48883,"182,218,182",3,56542,56542.0,3715.0,3715.0,56542,56542.0,3715,3715.0,0,0.0,0,0.0,0.0005144693999417258,,,,
BraTS-GLI-02860-100,02860,100,4555482,"182,218,182",0.0,3543.31005859375,172.52825927734375,391.0087890625,17.830720041124316,4586841,"182,218,182",0.0,2067.93701171875,199.2895050048828,464.61737060546875,17.830720041124316,4579366,"182,218,182",0.0,2917.438232421875,249.0457763671875,573.4804077148438,17.82674553997268,4611668,"182,218,182",0.0,3976.70703125,196.84877014160156,483.17510986328125,17.830720041124316,37408,"182,218,182",3,18252,18252.0,15519.0,15519.0,18252,18252.0,15519,15519.0,0,0.0,0,0.0,0.0021491387934577774,,,,
BraTS-GLI-02860-101,02860,101,4357812,"182,218,182",0.0,2516.8173828125,112.59925079345703,256.987548828125,17.184455075119455,4446327,"182,218,182",0.0,1147.929931640625,98.6429672241211,228.64207458496094,17.184455075119455,4405481,"182,218,182",0.0,1505.8740234375,126.2796630859375,293.6676940917969,17.184455075119455,4455849,"182,218,182",0.0,2216.6201171875,109.03488159179688,269.1096496582031,17.184455075119455,36824,"182,218,182",3,17333,17333.0,15196.0,15196.0,17333,17333.0,15196,15196.0,0,0.0,0,0.0,0.0021044083449567874,,,,
BraTS-GLI-02861-100,02861,100,4634820,"182,218,182",0.0,6841.94677734375,337.74798583984375,759.208251953125,17.86262683782595,4617394,"182,218,182",0.0,3913.784912109375,301.3240661621094,674.2095336914062,17.86262683782595,4651283,"182,218,182",0.0,1395.0313720703125,100.8037109375,232.72108459472656,17.86333310806544,4655459,"182,218,182",0.0,2540.838134765625,126.94107818603516,309.5622253417969,17.86262683782595,29024,"182,218,182",2,1641,1641.0,,,1641,1641.0,0,0.0,0,0.0,0,0.0,0.0,,,,
BraTS-GLI-02861-101,02861,101,4341961,"182,218,182",0.0,6025.7734375,332.42767333984375,756.0767211914062,16.88736457614369,4351743,"182,218,182",0.0,4303.25927734375,312.1053161621094,706.63916015625,16.88736457614369,4387283,"182,218,182",0.0,1477.30517578125,95.24244689941406,224.55189514160156,16.88736457614369,4323116,"182,218,182",0.0,2818.52490234375,127.74555206298828,322.06805419921875,16.88736457614369,29041,"182,218,182",2,1606,1606.0,,,1606,1606.0,0,0.0,0,0.0,0,0.0,0.0,,,,
BraTS-GLI-02862-100,02862,100,6193151,"182,218,182",0.0,5726.34326171875,443.1968994140625,820.6967163085938,23.985602057988388,6084045,"182,218,182",0.0,3220.8818359375,385.7635803222656,714.74560546875,23.985602057988388,6270889,"182,218,182",0.0,1286.6982421875,110.26434326171875,210.34445190429688,23.987042295339503,6129575,"182,218,182",0.0,2866.386474609375,197.49679565429688,403.384033203125,23.985602057988388,31459,"182,218,182",3,4144,4144.0,7701.0,7701.0,4144,4144.0,7701,7701.0,0,0.0,0,0.0,0.0010664680616288642,,,,
BraTS-GLI-02862-101,02862,101,5957142,"182,218,182",0.0,4807.35888671875,464.4703674316406,872.0924682617188,23.141526031182245,5979038,"182,218,182",0.0,3016.614501953125,446.09686279296875,846.322021484375,23.141526031182245,6008083,"182,218,182",0.0,1404.668212890625,118.16338348388672,228.2502899169922,23.141526031182245,5864799,"182,218,182",0.0,2783.4677734375,188.25772094726562,392.7727966308594,23.141526031182245,30894,"182,218,182",3,4722,4722.0,3591.0,3591.0,4722,4722.0,3591,3591.0,0,0.0,0,0.0,0.0004972973392168876,,,,
BraTS-GLI-02863-100,02863,100,6000969,"182,218,182",0.0,9765.0400390625,727.4806518554688,1391.998291015625,23.502443971997355,6061649,"182,218,182",0.0,5222.3974609375,682.9927978515625,1318.239013671875,23.502443971997355,6056976,"182,218,182",0.0,2358.90771484375,189.09922790527344,371.9851379394531,23.50265169853838,6149691,"182,218,182",0.0,5504.8916015625,472.7680358886719,935.4533081054688,23.502443971997355,38741,"182,218,182",4,18962,18962.0,17488.0,17488.0,19805,19805.0,17488,17488.0,0,0.0,843,843.0,0.002421814499644926,843.0,843.0,,
BraTS-GLI-02863-101,02863,101,5781604,"182,218,182",0.0,9306.1533203125,590.9740600585938,1148.5477294921875,22.771246547584887,5885503,"182,218,182",0.0,4107.140625,484.5202941894531,940.2857055664062,22.771246547584887,5854640,"182,218,182",0.0,2031.3548583984375,149.6677703857422,298.6379699707031,22.771246547584887,5906404,"182,218,182",0.0,5292.06591796875,458.010009765625,905.2753295898438,22.771246547584887,40478,"182,218,182",4,26148,26148.0,15612.0,15612.0,28764,28764.0,15612,15612.0,0,0.0,2616,2616.0,0.0021620178390014057,2616.0,2616.0,,
BraTS-GLI-02864-100,02864,100,5635989,"182,218,182",0.0,7423.77587890625,452.38037109375,897.466064453125,21.86410474292317,5681372,"182,218,182",0.0,3622.902099609375,404.8018798828125,803.58935546875,21.86410474292317,5740777,"182,218,182",0.0,1150.7679443359375,107.35846710205078,223.24610900878906,21.863481563300095,5680580,"182,218,182",0.0,2279.109130859375,169.4687957763672,364.69952392578125,21.86410474292317,69905,"182,218,182",5,174025,174025.0,2214.0,2214.0,178005,178005.0,2214,2214.0,824,824.0,3980,3980.0,0.00030660437455477276,3980.0,3980.0,824.0,824.0
BraTS-GLI-02864-101,02864,101,5381099,"182,218,182",0.0,8432.90625,439.4523010253906,886.6051025390625,21.152184341517945,5440421,"182,218,182",0.0,3914.408447265625,373.2240905761719,743.690185546875,21.152184341517945,5506604,"182,218,182",0.0,1334.011962890625,115.5651626586914,243.1719207763672,21.152184341517945,5429082,"182,218,182",0.0,2597.306884765625,185.52420043945312,410.24755859375,21.152184341517945,69338,"182,218,182",5,169380,169380.0,758.0,758.0,172816,172816.0,758,758.0,791,791.0,3436,3436.0,0.00010497114539860785,3436.0,3436.0,791.0,791.0
BraTS-GLI-02865-100,02865,100,5957262,"182,218,182",0.0,2729.87109375,157.50823974609375,306.8892517089844,23.236927907257577,6039009,"182,218,182",0.0,1177.7801513671875,139.63612365722656,273.7961120605469,23.236927907257577,5964278,"182,218,182",0.0,2276.982421875,232.3666534423828,458.6865539550781,23.236664786972277,6053522,"182,218,182",0.0,2739.63916015625,189.67750549316406,398.297119140625,23.236927907257577,36996,"182,218,182",3,36914,36914.0,1616.0,1616.0,36914,36914.0,1616,1616.0,0,0.0,0,0.0,0.0002237907268656336,,,,
BraTS-GLI-02866-100,02866,100,5309973,"182,218,182",0.0,7791.4609375,435.4732360839844,895.4614868164062,20.664234696647238,5297235,"182,218,182",0.0,3944.62841796875,342.3895568847656,698.9087524414062,20.664234696647238,5428895,"182,218,182",0.0,1330.2745361328125,92.54481506347656,197.64031982421875,20.663736152948776,5387674,"182,218,182",0.0,2609.0771484375,148.57066345214844,333.1036071777344,20.664234696647238,39352,"182,218,182",3,11235,11235.0,55392.0,55392.0,11235,11235.0,55392,55392.0,0,0.0,0,0.0,0.007670925707018055,,,,
BraTS-GLI-02865-101,02865,101,5578935,"182,218,182",0.0,1323.5733642578125,78.02581787109375,148.6910858154297,22.461927879560704,5770974,"182,218,182",0.0,1410.245361328125,158.02064514160156,308.5589599609375,22.461927879560704,5733045,"182,218,182",0.0,2946.5625,224.61929321289062,444.65924072265625,22.461927879560704,5701133,"182,218,182",0.0,3185.090087890625,219.24075317382812,464.5187683105469,22.461927879560704,37100,"182,218,182",3,35458,35458.0,1321.0,1321.0,35458,35458.0,1321,1321.0,0,0.0,0,0.0,0.00018293784046380073,,,,
BraTS-GLI-02866-101,02866,101,5069441,"182,218,182",0.0,9258.787109375,596.50732421875,1237.912353515625,20.10463324355854,5156762,"182,218,182",0.0,4171.83935546875,508.0276184082031,1055.4327392578125,20.10463324355854,5135121,"182,218,182",0.0,2215.064453125,171.2898712158203,367.4254150390625,20.10463324355854,5137321,"182,218,182",0.0,4139.1337890625,296.6722717285156,631.6580810546875,20.10463324355854,37104,"182,218,182",3,12288,12288.0,26067.0,26067.0,12288,12288.0,26067,26067.0,0,0.0,0,0.0,0.0036098718299544994,,,,
BraTS-GLI-02867-100,02867,100,5204277,"182,218,182",0.0,7582.5478515625,413.1724548339844,857.6506958007812,20.21380046508588,5202819,"182,218,182",0.0,3671.312744140625,465.74365234375,967.0845336914062,20.21380046508588,5250664,"182,218,182",0.0,1282.1302490234375,114.32040405273438,242.93060302734375,20.204023469221575,5274687,"182,218,182",0.0,2494.4521484375,130.08013916015625,290.0188903808594,20.21380046508588,32534,"182,218,182",3,4825,4825.0,7263.0,7263.0,4825,4825.0,7263,7263.0,0,0.0,0,0.0,0.0010058119116491935,,,,
BraTS-GLI-02867-101,02867,101,5023749,"182,218,182",0.0,7495.9677734375,378.6310729980469,793.3515625,19.782033925344745,5124595,"182,218,182",0.0,3084.798095703125,378.8915710449219,796.5488891601562,19.782033925344745,5096294,"182,218,182",0.0,1448.0587158203125,122.83473205566406,261.7239074707031,19.782033925344745,5066954,"182,218,182",0.0,2562.16357421875,136.45339965820312,303.1803283691406,19.782033925344745,32739,"182,218,182",3,5462,5462.0,6428.0,6428.0,5462,5462.0,6428,6428.0,0,0.0,0,0.0,0.000890177470477904,,,,
BraTS-GLI-02868-100,02868,100,6006151,"182,218,182",0.0,9158.2626953125,560.7661743164062,1085.5125732421875,23.34396246963038,6067988,"182,218,182",0.0,4173.84375,439.9708251953125,840.2794799804688,23.34396246963038,6013277,"182,218,182",0.0,3516.73583984375,292.6274108886719,582.376708984375,23.345098041387992,6104942,"182,218,182",0.0,7840.73681640625,509.57867431640625,1043.353515625,23.34396246963038,68624,"182,218,182",5,118264,118264.0,22357.0,22357.0,155943,155943.0,22357,22357.0,1695,1695.0,37679,37679.0,0.0030960948518161946,37679.0,37679.0,1695.0,1695.0
BraTS-GLI-02869-100,02869,100,5300757,"182,218,182",0.0,8736.361328125,443.900146484375,949.592529296875,20.399314114658402,5334942,"182,218,182",0.0,3632.63037109375,391.8287658691406,837.7311401367188,20.399314114658402,5297445,"182,218,182",0.0,1867.1629638671875,145.08094787597656,320.754638671875,20.3995356896355,5272531,"182,218,182",0.0,3527.271240234375,288.6277770996094,632.541748046875,20.399314114658402,43691,"182,218,182",3,50050,50050.0,,,50346,50346.0,0,0.0,0,0.0,296,296.0,0.0,296.0,296.0,,
BraTS-GLI-02868-101,02868,101,5556285,"182,218,182",0.0,7858.0009765625,459.7288818359375,894.822265625,21.880667472461,5625806,"182,218,182",0.0,4228.25390625,470.03143310546875,912.2976684570312,21.880667472461,5593278,"182,218,182",0.0,2051.69677734375,147.42178344726562,297.4256896972656,21.880667472461,5525947,"182,218,182",0.0,3204.033203125,208.9420166015625,457.3695373535156,21.880667472461,42984,"182,218,182",5,12715,12715.0,16642.0,16642.0,25889,25889.0,16642,16642.0,612,612.0,13174,13174.0,0.0023046567305061104,13174.0,13174.0,612.0,612.0
BraTS-GLI-02869-101,02869,101,4977726,"182,218,182",0.0,10384.67578125,551.4301147460938,1181.780517578125,19.6296318864118,5078055,"182,218,182",0.0,4037.25732421875,425.2090148925781,905.3733520507812,19.6296318864118,5043862,"182,218,182",0.0,2323.313720703125,176.18798828125,394.5800476074219,19.6296318864118,5091749,"182,218,182",0.0,5399.19677734375,386.30255126953125,870.4305419921875,19.6296318864118,43879,"182,218,182",3,48774,48774.0,,,49255,49255.0,0,0.0,0,0.0,481,481.0,0.0,481.0,481.0,,
BraTS-GLI-02870-100,02870,100,6097918,"182,218,182",0.0,3147.655029296875,163.39129638671875,318.778076171875,23.790657623453267,6167324,"182,218,182",0.0,1157.5552978515625,142.85797119140625,277.19781494140625,23.790657623453267,6137827,"182,218,182",0.0,756.6431274414062,66.01536560058594,131.8181610107422,23.790436048476174,6096252,"182,218,182",0.0,2761.41650390625,209.35186767578125,427.624267578125,23.790657623453267,52255,"182,218,182",4,63351,63351.0,37387.0,37387.0,63489,63489.0,37387,37387.0,0,0.0,138,138.0,0.005177514792899409,138.0,138.0,,
BraTS-GLI-02870-101,02870,101,5800506,"182,218,182",0.0,3682.21923828125,191.3552703857422,376.75689697265625,23.202279120214396,5959950,"182,218,182",0.0,1512.5904541015625,159.6357879638672,309.4875793457031,23.202279120214396,6005202,"182,218,182",0.0,981.8670654296875,84.29066467285156,169.72705078125,23.202279120214396,5853693,"182,218,182",0.0,3389.146240234375,233.56597900390625,480.3863220214844,23.202279120214396,52604,"182,218,182",4,66909,66909.0,41702.0,41702.0,67434,67434.0,41702,41702.0,0,0.0,525,525.0,0.005775074809251641,525.0,525.0,,
BraTS-GLI-02871-100,02871,100,5308960,"182,218,182",0.0,3496.435791015625,142.5382843017578,298.4640808105469,20.708411207705492,5364631,"182,218,182",0.0,1245.9168701171875,134.79373168945312,282.22418212890625,20.708411207705492,5379200,"182,218,182",0.0,975.3497924804688,68.64387512207031,147.32391357421875,20.708743570171134,5391505,"182,218,182",0.0,2639.663330078125,163.2889862060547,366.5694885253906,20.708411207705492,35774,"182,218,182",3,8431,8431.0,22941.0,22941.0,8431,8431.0,22941,22941.0,0,0.0,0,0.0,0.0031769697184557554,,,,
BraTS-GLI-02871-101,02871,101,4985005,"182,218,182",0.0,2932.264404296875,140.4865264892578,298.36285400390625,19.918939564317125,5067659,"182,218,182",0.0,1446.355712890625,180.01869201660156,376.7513427734375,19.918939564317125,5183009,"182,218,182",0.0,1484.1197509765625,98.55654907226562,210.160400390625,19.918939564317125,5149124,"182,218,182",0.0,2418.199462890625,139.56495666503906,317.5476989746094,19.918939564317125,36697,"182,218,182",3,11845,11845.0,23874.0,23874.0,11845,11845.0,23874,23874.0,0,0.0,0,0.0,0.0033061756269740948,,,,
BraTS-GLI-02872-100,02872,100,5769105,"182,218,182",0.0,3433.111083984375,291.226318359375,557.31689453125,22.89410987238389,5779311,"182,218,182",0.0,2622.7158203125,307.3293762207031,589.8189086914062,22.89410987238389,5919468,"182,218,182",0.0,1864.5576171875,152.302001953125,302.6550598144531,22.898305948512622,5817941,"182,218,182",0.0,2267.314453125,193.20899963378906,383.85394287109375,22.89410987238389,56969,"182,218,182",5,103783,103783.0,7537.0,7537.0,116278,116278.0,7537,7537.0,916,916.0,12495,12495.0,0.0010437566264766588,12495.0,12495.0,916.0,916.0
BraTS-GLI-02872-101,02872,101,5527482,"182,218,182",0.0,7221.01708984375,459.662353515625,903.8887939453125,21.761861739430046,5583890,"182,218,182",0.0,4084.05517578125,483.4439697265625,942.5650634765625,21.761861739430046,5594574,"182,218,182",0.0,1866.3702392578125,142.9043426513672,291.2761535644531,21.761861739430046,5543889,"182,218,182",0.0,2743.589599609375,184.03929138183594,399.3635559082031,21.761861739430046,58418,"182,218,182",5,108018,108018.0,7244.0,7244.0,119203,119203.0,7244,7244.0,1652,1652.0,11185,11185.0,0.0010031807087961943,11185.0,11185.0,1652.0,1652.0
BraTS-GLI-02873-100,02873,100,5485686,"182,218,182",0.0,7566.25048828125,446.15460205078125,957.8103637695312,21.03404333341827,5500575,"182,218,182",0.0,3024.923828125,371.92681884765625,785.739990234375,21.03404333341827,5412643,"182,218,182",0.0,1877.4332275390625,153.9225311279297,321.8600769042969,21.033669425644423,5406812,"182,218,182",0.0,3495.861083984375,246.29153442382812,528.1651000976562,21.03404333341827,37703,"182,218,182",3,4353,4353.0,50271.0,50271.0,4353,4353.0,50271,50271.0,0,0.0,0,0.0,0.006961747295954373,,,,
BraTS-GLI-02873-101,02873,101,5129757,"182,218,182",0.0,11678.9521484375,645.3922729492188,1410.614013671875,20.378250643398342,5250089,"182,218,182",0.0,4663.1513671875,516.73388671875,1089.656494140625,20.378250643398342,5183333,"182,218,182",0.0,2767.669189453125,227.9405975341797,478.9821472167969,20.378250643398342,5230218,"182,218,182",0.0,6288.03076171875,391.5548095703125,857.8912963867188,20.378250643398342,37739,"182,218,182",3,5059,5059.0,47869.0,47869.0,5059,5059.0,47869,47869.0,0,0.0,0,0.0,0.006629107861590975,,,,
BraTS-GLI-02874-100,02874,100,6765485,"182,218,182",0.0,6166.0517578125,498.71514892578125,870.9063720703125,26.238881090680664,6774995,"182,218,182",0.0,3051.562255859375,475.19635009765625,828.931396484375,26.238881090680664,6845120,"182,218,182",0.0,1515.18408203125,141.67669677734375,258.2528076171875,26.23778706423126,6843899,"182,218,182",0.0,2681.11328125,179.04261779785156,349.7522277832031,26.232538506961333,49059,"182,218,182",5,61440,61440.0,1630.0,1630.0,66614,66614.0,1630,1630.0,303,303.0,5174,5174.0,0.00022572950791521212,5174.0,5174.0,303.0,303.0
BraTS-GLI-02874-101,02874,101,6725063,"182,218,182",0.0,9326.12890625,708.6837158203125,1221.26025390625,26.73500131283174,6869326,"182,218,182",0.0,4399.96142578125,621.4578857421875,1077.114501953125,26.73500131283174,6765453,"182,218,182",0.0,3099.40087890625,323.8204345703125,570.2070922851562,26.73500131283174,6873871,"182,218,182",0.0,6201.0703125,532.559326171875,944.8723754882812,26.73500131283174,63439,"182,218,182",5,122801,122801.0,923.0,923.0,135423,135423.0,923,923.0,654,654.0,12622,12622.0,0.00012782106491149742,12622.0,12622.0,654.0,654.0
BraTS-GLI-02875-100,02875,100,6424894,"182,218,182",0.0,2909.226318359375,167.41815185546875,314.72607421875,25.027447600287605,6451387,"182,218,182",0.0,1456.7567138671875,176.7013702392578,327.48681640625,25.027447600287605,6465492,"182,218,182",0.0,1810.3577880859375,185.5519561767578,357.5087585449219,25.02473330681819,6497883,"182,218,182",0.0,2831.579345703125,205.17701721191406,411.87176513671875,25.027447600287605,46721,"182,218,182",3,39736,39736.0,10162.0,10162.0,39736,39736.0,10162,10162.0,0,0.0,0,0.0,0.0014072780732726292,,,,
BraTS-GLI-02875-101,02875,101,6176056,"182,218,182",0.0,2664.725341796875,150.11671447753906,287.1265869140625,24.332616168990803,6250830,"182,218,182",0.0,1331.009765625,154.43154907226562,287.1923828125,24.332616168990803,6249210,"182,218,182",0.0,1686.722412109375,159.8568115234375,309.44256591796875,24.332616168990803,6266284,"182,218,182",0.0,2534.699462890625,185.40733337402344,375.1280822753906,24.332616168990803,45566,"182,218,182",3,36250,36250.0,10016.0,10016.0,36250,36250.0,10016,10016.0,0,0.0,0,0.0,0.001387059356612739,,,,
BraTS-GLI-02876-101,02876,101,5225647,"182,218,182",0.0,9837.5341796875,553.0366821289062,1174.40478515625,20.437729676312195,5276456,"182,218,182",0.0,4422.11962890625,492.3917236328125,1028.1175537109375,20.437729676312195,5266668,"182,218,182",0.0,2278.43408203125,137.2564697265625,299.54608154296875,20.437729676312195,5286712,"182,218,182",0.0,7572.32861328125,563.65771484375,1223.8804931640625,20.437729676312195,48212,"182,218,182",4,26343,26343.0,63846.0,63846.0,26460,26460.0,63846,63846.0,0,0.0,117,117.0,0.008841672492242107,117.0,117.0,,
BraTS-GLI-02876-100,02876,100,5395430,"182,218,182",0.0,7804.99365234375,497.12921142578125,1049.8599853515625,20.817135279278638,5448726,"182,218,182",0.0,3641.850341796875,399.1833190917969,846.7809448242188,20.817135279278638,5420975,"182,218,182",0.0,2052.997314453125,137.88441467285156,301.9073486328125,20.814144017087862,5462694,"182,218,182",0.0,6680.345703125,419.1875915527344,960.5301513671875,20.817135279278638,48402,"182,218,182",4,26948,26948.0,67307.0,67307.0,27204,27204.0,67307,67307.0,0,0.0,256,256.0,0.009320966864570051,256.0,256.0,,
BraTS-GLI-02877-100,02877,100,6371663,"182,218,182",0.0,7274.26171875,555.3595581054688,1021.791748046875,24.73505172113903,6367378,"182,218,182",0.0,3837.5849609375,576.9146118164062,1074.3974609375,24.73505172113903,6355390,"182,218,182",0.0,1861.5927734375,175.2981414794922,329.45166015625,24.735841081994927,6376277,"182,218,182",0.0,3092.730712890625,198.98228454589844,409.3854064941406,24.73505172113903,29938,"182,218,182",3,1787,1787.0,2770.0,2770.0,1787,1787.0,2770,2770.0,0,0.0,0,0.0,0.00038360167909517643,,,,
BraTS-GLI-02878-100,02878,100,5694635,"182,218,182",0.0,3278.373291015625,184.5650634765625,364.13116455078125,22.41934393865032,5824694,"182,218,182",0.0,1078.39013671875,124.88542175292969,248.87208557128906,22.41934393865032,5828736,"182,218,182",0.0,1004.4990234375,82.45885467529297,166.5235595703125,22.416588099872705,5860855,"182,218,182",0.0,2350.54052734375,142.34478759765625,299.4006042480469,22.41934393865032,41266,"182,218,182",4,37928,37928.0,11842.0,11842.0,37979,37979.0,11842,11842.0,0,0.0,51,51.0,0.0016399317992220502,51.0,51.0,,
BraTS-GLI-02877-101,02877,101,6146910,"182,218,182",0.0,7968.11767578125,527.9346923828125,983.5057983398438,24.114572543093562,6157516,"182,218,182",0.0,4531.3935546875,681.1283569335938,1265.466552734375,24.114572543093562,6135138,"182,218,182",0.0,2009.8009033203125,185.89808654785156,352.1961669921875,24.114572543093562,6120876,"182,218,182",0.0,4500.2587890625,352.5045471191406,683.971923828125,24.114572543093562,30007,"182,218,182",3,1913,1913.0,2734.0,2734.0,1913,1913.0,2734,2734.0,0,0.0,0,0.0,0.000378616242110546,,,,
BraTS-GLI-02878-101,02878,101,5367500,"182,218,182",0.0,3351.65625,179.87393188476562,358.6876220703125,21.655491901988526,5564309,"182,218,182",0.0,1392.2864990234375,146.42784118652344,293.5514831542969,21.655491901988526,5615612,"182,218,182",0.0,1256.1365966796875,87.23190307617188,178.56845092773438,21.655491901988526,5548001,"182,218,182",0.0,2805.085205078125,155.60069274902344,334.17620849609375,21.655491901988526,41661,"182,218,182",3,33421,33421.0,11752.0,11752.0,33421,33421.0,11752,11752.0,0,0.0,0,0.0,0.0016274682067604742,,,,
BraTS-GLI-02879-100,02879,100,4891835,"182,218,182",0.0,7381.642578125,468.1576843261719,1018.6177368164062,19.023887444343135,4980772,"182,218,182",0.0,3312.54931640625,381.9725646972656,843.2787475585938,19.023887444343135,4924990,"182,218,182",0.0,1610.64892578125,134.4123077392578,300.45538330078125,19.02331965846433,4910610,"182,218,182",0.0,3890.813720703125,239.6907196044922,543.9354248046875,19.023887444343135,34045,"182,218,182",3,10781,10781.0,9417.0,9417.0,10781,10781.0,9417,9417.0,0,0.0,0,0.0,0.0013041072245629157,,,,
BraTS-GLI-02879-101,02879,101,4614235,"182,218,182",0.0,11412.5107421875,556.796875,1230.6195068359375,18.3440677177445,4710619,"182,218,182",0.0,4639.0966796875,534.5260009765625,1183.679931640625,18.3440677177445,4683974,"182,218,182",0.0,2388.515625,192.59278869628906,432.72027587890625,18.3440677177445,4739426,"182,218,182",0.0,6203.8251953125,364.3105163574219,839.6777954101562,18.3440677177445,34632,"182,218,182",3,15119,15119.0,10260.0,10260.0,15119,15119.0,10260,10260.0,0,0.0,0,0.0,0.0014208495406196787,,,,
BraTS-GLI-02880-100,02880,100,5874898,"182,218,182",0.0,6170.6943359375,440.3648681640625,851.8052368164062,22.72045048408593,5874727,"182,218,182",0.0,3298.938720703125,391.647216796875,754.8447875976562,22.72045048408593,5915428,"182,218,182",0.0,1466.1036376953125,124.52618408203125,247.5980987548828,22.717362282842675,5895887,"182,218,182",0.0,2680.479248046875,186.40289306640625,401.8727722167969,22.72045048408593,41494,"182,218,182",4,36278,36278.0,18894.0,18894.0,36651,36651.0,18894,18894.0,0,0.0,373,373.0,0.0026165235107668823,373.0,373.0,,
BraTS-GLI-02881-100,02881,100,5080668,"182,218,182",0.0,11507.2998046875,553.4742431640625,1193.0067138671875,19.781923137856193,5136752,"182,218,182",0.0,4714.6923828125,514.40234375,1105.434814453125,19.781923137856193,5125580,"182,218,182",0.0,2291.19921875,163.42535400390625,360.7024841308594,19.78153538164628,5179344,"182,218,182",0.0,5092.25634765625,312.5474853515625,717.3270263671875,19.781923137856193,40897,"182,218,182",3,26251,26251.0,,,26623,26623.0,0,0.0,0,0.0,372,372.0,0.0,372.0,372.0,,
BraTS-GLI-02880-101,02880,101,5829597,"182,218,182",0.0,9214.7783203125,590.6436767578125,1155.09521484375,22.867950176650652,5932616,"182,218,182",0.0,3667.9697265625,445.5049743652344,870.7650146484375,22.867950176650652,5844118,"182,218,182",0.0,1961.490234375,175.0352325439453,345.6096496582031,22.867950176650652,5856683,"182,218,182",0.0,4059.759521484375,343.12786865234375,699.757568359375,22.867950176650652,41971,"182,218,182",4,35024,35024.0,17850.0,17850.0,36483,36483.0,17850,17850.0,0,0.0,1459,1459.0,0.002471945838212599,1459.0,1459.0,,
BraTS-GLI-02881-101,02881,101,4874645,"182,218,182",0.0,12893.9853515625,808.2715454101562,1716.208984375,19.36111071104518,4911983,"182,218,182",0.0,7451.8701171875,758.6158447265625,1610.1387939453125,19.36111071104518,4952037,"182,218,182",0.0,2503.695556640625,198.04360961914062,433.6684265136719,19.36111071104518,5051215,"182,218,182",0.0,5585.10009765625,444.2263488769531,978.7860717773438,19.36111071104518,41304,"182,218,182",4,28400,28400.0,,,31720,31720.0,0,0.0,78,78.0,3320,3320.0,0.0,3320.0,3320.0,78.0,78.0
BraTS-GLI-02882-100,02882,100,6278654,"182,218,182",0.0,7144.21484375,487.3987121582031,903.9242553710938,24.35356885276232,6303668,"182,218,182",0.0,3208.79931640625,423.5767517089844,782.20751953125,24.35356885276232,6341247,"182,218,182",0.0,1445.643310546875,131.20533752441406,252.3633270263672,24.34244855859938,6271226,"182,218,182",0.0,2721.739013671875,203.8045196533203,421.2646789550781,24.35356885276232,48227,"182,218,182",3,40165,40165.0,31644.0,31644.0,40165,40165.0,31644,31644.0,0,0.0,0,0.0,0.004382199109490167,,,,
BraTS-GLI-02882-101,02882,101,6023548,"182,218,182",0.0,7625.9931640625,487.49530029296875,916.5546875,23.70904878970208,5981589,"182,218,182",0.0,4043.2958984375,387.68975830078125,717.6839599609375,23.70904878970208,6161710,"182,218,182",0.0,1368.9061279296875,125.34362030029297,243.72979736328125,23.70904878970208,6115850,"182,218,182",0.0,2547.92822265625,183.68820190429688,387.6550598144531,23.70904878970208,47654,"182,218,182",3,42776,42776.0,29197.0,29197.0,42776,42776.0,29197,29197.0,0,0.0,0,0.0,0.0040433278788959805,,,,
BraTS-GLI-02883-100,02883,100,4816373,"182,218,182",0.0,3284.7041015625,166.8043212890625,367.63641357421875,18.848109245326707,4932894,"182,218,182",0.0,1327.5172119140625,98.74114990234375,221.3634490966797,18.848109245326707,4888449,"182,218,182",0.0,969.4363403320312,56.99168014526367,131.20716857910156,18.847721489116793,4957118,"182,218,182",0.0,2020.1844482421875,117.66722869873047,283.2449951171875,18.848109245326707,45671,"182,218,182",4,40376,40376.0,17099.0,17099.0,40529,40529.0,17099,17099.0,0,0.0,153,153.0,0.00236794408333878,153.0,153.0,,
BraTS-GLI-02883-101,02883,101,4420605,"182,218,182",0.0,2952.552978515625,128.72622680664062,294.1654968261719,17.598523313565153,4534265,"182,218,182",0.0,1512.585205078125,124.75655364990234,283.2813415527344,17.598523313565153,4535920,"182,218,182",0.0,1737.0784912109375,104.06255340576172,240.5071563720703,17.598523313565153,4569474,"182,218,182",0.0,1860.659912109375,108.97777557373047,264.123046875,17.598523313565153,46712,"182,218,182",4,45203,45203.0,18952.0,18952.0,45364,45364.0,18952,18952.0,0,0.0,161,161.0,0.0026245556036865645,161.0,161.0,,
BraTS-GLI-02884-100,02884,100,5835806,"182,218,182",0.0,4411.1650390625,301.4158020019531,587.6026611328125,22.94961440414611,5838722,"182,218,182",0.0,2380.5,244.3390655517578,476.45074462890625,22.94961440414611,5850505,"182,218,182",0.0,2665.31005859375,286.6600341796875,560.7896118164062,22.95043146187415,5953528,"182,218,182",0.0,4732.28857421875,318.3625183105469,662.1989135742188,22.94961440414611,49718,"182,218,182",4,15960,15960.0,42755.0,42755.0,35422,35422.0,42755,42755.0,0,0.0,19462,19462.0,0.005920898841052082,19462.0,19462.0,,
BraTS-GLI-02884-101,02884,101,5585200,"182,218,182",0.0,5355.185546875,343.28753662109375,680.4448852539062,22.15386941921875,5628301,"182,218,182",0.0,2280.03173828125,245.6022186279297,490.2709655761719,22.15386941921875,5614201,"182,218,182",0.0,2534.621826171875,279.7699279785156,551.7970581054688,22.15386941921875,5675568,"182,218,182",0.0,4935.80224609375,309.5455017089844,654.8370971679688,22.15386941921875,53131,"182,218,182",4,32745,32745.0,37728.0,37728.0,58237,58237.0,37728,37728.0,0,0.0,25492,25492.0,0.005224737959892713,25492.0,25492.0,,
BraTS-GLI-02885-100,02885,100,5850954,"182,218,182",0.0,7253.2880859375,422.22271728515625,827.9305419921875,22.60989841895175,5766587,"182,218,182",0.0,4687.52490234375,688.7086791992188,1341.1695556640625,22.60989841895175,5779041,"182,218,182",0.0,2257.70458984375,213.49156188964844,424.4222106933594,22.61006460018457,5782565,"182,218,182",0.0,4227.34130859375,296.08734130859375,590.1351318359375,22.60989841895175,32657,"182,218,182",3,6602,6602.0,5869.0,5869.0,6602,6602.0,5869,5869.0,0,0.0,0,0.0,0.0008127647128554478,,,,
BraTS-GLI-02885-101,02885,101,5407911,"182,218,182",0.0,8069.36962890625,423.49920654296875,841.4434204101562,21.355285504897363,5404401,"182,218,182",0.0,3862.94482421875,363.5149841308594,711.7205810546875,21.355285504897363,5521883,"182,218,182",0.0,1527.3311767578125,128.50009155273438,261.7290344238281,21.355285504897363,5492699,"182,218,182",0.0,2626.27783203125,138.2688446044922,293.2299499511719,21.355285504897363,33652,"182,218,182",4,7946,7946.0,3517.0,3517.0,11423,11423.0,3517,3517.0,0,0.0,3477,3477.0,0.0004870494965262583,3477.0,3477.0,,
BraTS-GLI-02886-100,02886,100,5211348,"182,218,182",0.0,3036.67431640625,145.2938690185547,306.62078857421875,20.39864938972712,5337496,"182,218,182",0.0,967.3531494140625,100.31253051757812,211.80227661132812,20.39864938972712,5244877,"182,218,182",0.0,780.7576904296875,52.97813415527344,113.13938903808594,20.397652302330194,5352239,"182,218,182",0.0,2127.7939453125,124.29266357421875,278.3447265625,20.39864938972712,35211,"182,218,182",4,16623,16623.0,4754.0,4754.0,17761,17761.0,4754,4754.0,0,0.0,1138,1138.0,0.000658354650692588,1138.0,1138.0,,
BraTS-GLI-02887-100,02887,100,5314219,"182,218,182",0.0,9242.30078125,579.5604248046875,1177.8070068359375,20.995918588921917,5409275,"182,218,182",0.0,3990.7548828125,530.9718017578125,1091.810791015625,20.995918588921917,5368177,"182,218,182",0.0,2143.158447265625,215.001220703125,445.3346862792969,20.99638943574824,5400713,"182,218,182",0.0,4526.0283203125,283.5460510253906,598.2095947265625,20.995918588921917,31648,"182,218,182",3,6895,6895.0,325.0,325.0,6895,6895.0,325,325.0,0,0.0,0,0.0,4.500741722235824e-05,,,,
BraTS-GLI-02886-101,02886,101,4938656,"182,218,182",0.0,2403.638427734375,112.24944305419922,242.13604736328125,19.27056963602986,5008089,"182,218,182",0.0,940.6210327148438,91.05754852294922,196.19346618652344,19.27056963602986,4937534,"182,218,182",0.0,1271.13671875,127.43560791015625,275.7462463378906,19.27056963602986,4987173,"182,218,182",0.0,1868.1514892578125,104.1058349609375,240.10736083984375,19.27056963602986,34325,"182,218,182",4,16722,16722.0,4289.0,4289.0,17245,17245.0,4289,4289.0,0,0.0,523,523.0,0.0005939594229744447,523.0,523.0,,
BraTS-GLI-02887-101,02887,101,5153044,"182,218,182",0.0,8569.1591796875,484.1946105957031,999.3674926757812,20.294176788026974,5244985,"182,218,182",0.0,3524.31591796875,458.1859130859375,949.6177368164062,20.294176788026974,5168620,"182,218,182",0.0,2205.089111328125,171.41036987304688,360.80633544921875,20.294176788026974,5222976,"182,218,182",0.0,5137.93505859375,354.3385925292969,742.8570556640625,20.294176788026974,31302,"182,218,182",3,5789,5789.0,777.0,777.0,5789,5789.0,777,777.0,0,0.0,0,0.0,0.00010760234825160724,,,,
BraTS-GLI-02888-100,02888,100,6512276,"182,218,182",0.0,5657.93115234375,457.7154846191406,822.9951782226562,25.254409619012907,6542899,"182,218,182",0.0,3219.546875,461.6480407714844,833.2437133789062,25.254409619012907,6609799,"182,218,182",0.0,1250.1834716796875,112.44976043701172,209.4105224609375,25.253606409720934,6481146,"182,218,182",0.0,3580.98681640625,257.99169921875,524.2962646484375,25.254409619012907,63254,"182,218,182",4,77331,77331.0,2139.0,2139.0,91860,91860.0,2139,2139.0,0,0.0,14529,14529.0,0.00029621804750345934,14529.0,14529.0,,
BraTS-GLI-02888-101,02888,101,6179046,"182,218,182",0.0,11453.84375,671.2503662109375,1246.49658203125,24.662527461448725,6361544,"182,218,182",0.0,4338.25927734375,533.2330932617188,979.6786499023438,24.662527461448725,6302140,"182,218,182",0.0,1797.66015625,177.13455200195312,329.9323425292969,24.662527461448725,6339660,"182,218,182",0.0,4804.70751953125,440.00103759765625,841.5880126953125,24.662527461448725,66601,"182,218,182",4,109771,109771.0,3853.0,3853.0,119344,119344.0,3853,3853.0,0,0.0,9573,9573.0,0.0005335802417161425,9573.0,9573.0,,
BraTS-GLI-02889-100,02889,100,5907203,"182,218,182",0.0,7604.10302734375,414.6266174316406,798.145263671875,23.060748103595166,5870286,"182,218,182",0.0,4013.8056640625,364.0998840332031,697.37939453125,23.060748103595166,6050158,"182,218,182",0.0,1200.0555419921875,102.25008392333984,202.00843811035156,23.0599864396114,6034715,"182,218,182",0.0,2578.917236328125,149.95130920410156,318.4229431152344,23.060748103595166,33110,"182,218,182",3,7026,7026.0,7140.0,7140.0,7026,7026.0,7140,7140.0,0,0.0,0,0.0,0.0009887783352850396,,,,
BraTS-GLI-02890-100,02890,100,5646304,"182,218,182",0.0,5408.96826171875,363.510009765625,725.4215087890625,21.932031321838764,5680957,"182,218,182",0.0,3405.337158203125,353.07135009765625,706.2687377929688,21.932031321838764,5753706,"182,218,182",0.0,1326.8486328125,106.35230255126953,219.99465942382812,21.93485640279672,5684657,"182,218,182",0.0,3180.5205078125,232.60752868652344,536.6270141601562,21.932031321838764,51968,"182,218,182",5,17637,17637.0,111112.0,111112.0,18829,18829.0,111112,111112.0,60,60.0,1192,1192.0,0.015387274284340521,1192.0,1192.0,60.0,60.0
BraTS-GLI-02889-101,02889,101,5613889,"182,218,182",0.0,7266.87939453125,447.01068115234375,863.0381469726562,22.163424840105957,5689981,"182,218,182",0.0,4402.22802734375,399.99261474609375,770.6671752929688,22.163424840105957,5760370,"182,218,182",0.0,1474.800537109375,112.6838150024414,225.51467895507812,22.163424840105957,5682486,"182,218,182",0.0,2688.94091796875,158.47344970703125,338.29315185546875,22.163424840105957,33157,"182,218,182",3,8255,8255.0,6543.0,6543.0,8255,8255.0,6543,6543.0,0,0.0,0,0.0,0.0009061031719565846,,,,
BraTS-GLI-02890-101,02890,101,5323167,"182,218,182",0.0,7334.36328125,412.7738342285156,848.9395751953125,20.793385211421302,5367200,"182,218,182",0.0,4009.595458984375,365.652099609375,741.8953857421875,20.793385211421302,5423820,"182,218,182",0.0,1462.350830078125,98.04721069335938,209.21484375,20.793385211421302,5367198,"182,218,182",0.0,2725.003173828125,195.27037048339844,461.7455749511719,20.793385211421302,51724,"182,218,182",5,17382,17382.0,109114.0,109114.0,18867,18867.0,109114,109114.0,20,20.0,1485,1485.0,0.01511058253169353,1485.0,1485.0,20.0,20.0
BraTS-GLI-02891-100,02891,100,6022202,"182,218,182",0.0,6792.07958984375,490.392822265625,963.1140747070312,23.1543496829816,6056701,"182,218,182",0.0,3326.77734375,418.40191650390625,837.0888061523438,23.1543496829816,5987596,"182,218,182",0.0,1980.783447265625,169.2902374267578,339.9889221191406,23.154405076725876,5968351,"182,218,182",0.0,3521.05908203125,300.5262451171875,610.55615234375,23.1543496829816,37001,"182,218,182",3,25757,25757.0,3620.0,3620.0,25757,25757.0,3620,3620.0,0,0.0,0,0.0,0.0005013133856767287,,,,
BraTS-GLI-02891-101,02891,101,5784273,"182,218,182",0.0,8321.1455078125,562.6199951171875,1107.14111328125,22.70636662460435,5854536,"182,218,182",0.0,4118.044921875,511.42559814453125,1024.5804443359375,22.70636662460435,5810830,"182,218,182",0.0,2309.17333984375,191.72125244140625,385.82452392578125,22.70636662460435,5873429,"182,218,182",0.0,5176.70263671875,458.5276184082031,927.47705078125,22.70636662460435,36283,"182,218,182",3,25892,25892.0,2861.0,2861.0,25892,25892.0,2861,2861.0,0,0.0,0,0.0,0.00039620375591743675,,,,
BraTS-GLI-02892-100,02892,100,5772456,"182,218,182",0.0,8303.6767578125,468.7935791015625,937.9844360351562,22.354256289128756,5797750,"182,218,182",0.0,3876.224609375,425.6042785644531,829.1427612304688,22.354256289128756,5784594,"182,218,182",0.0,1545.4906005859375,138.54922485351562,278.74847412109375,22.353785442302428,5791425,"182,218,182",0.0,2520.41845703125,167.32278442382812,358.1180114746094,22.354256289128756,69822,"182,218,182",5,74789,74789.0,15693.0,15693.0,131761,131761.0,15693,15693.0,3533,3533.0,56972,56972.0,0.0021732350722168245,56972.0,56972.0,3533.0,3533.0
BraTS-GLI-02892-101,02892,101,5407588,"182,218,182",0.0,7864.98388671875,474.3188781738281,951.4136962890625,21.303118446227632,5469003,"182,218,182",0.0,4086.2724609375,392.144775390625,772.4966430664062,21.303118446227632,5495270,"182,218,182",0.0,1711.023193359375,131.0032501220703,270.0967712402344,21.303118446227632,5450964,"182,218,182",0.0,2804.89794921875,172.74871826171875,385.46240234375,21.303118446227632,72101,"182,218,182",5,85925,85925.0,15997.0,15997.0,145462,145462.0,15997,15997.0,6603,6603.0,59537,59537.0,0.002215334317864815,59537.0,59537.0,6603.0,6603.0
BraTS-GLI-02893-100,02893,100,5809291,"182,218,182",0.0,9036.1552734375,640.5503540039062,1243.6622314453125,22.722098447978073,5870304,"182,218,182",0.0,4626.943359375,575.0778198242188,1123.5374755859375,22.722098447978073,5824086,"182,218,182",0.0,2700.968017578125,221.33851623535156,440.0527648925781,22.722416962007646,5930574,"182,218,182",0.0,5472.0859375,384.4018859863281,791.443359375,22.722098447978073,42864,"182,218,182",5,54652,54652.0,107.0,107.0,62148,62148.0,107,107.0,280,280.0,7496,7496.0,1.4817826593207177e-05,7496.0,7496.0,280.0,280.0
BraTS-GLI-02893-101,02893,101,5581996,"182,218,182",0.0,7085.1552734375,443.4963073730469,890.0599975585938,21.755643791635322,5647463,"182,218,182",0.0,3238.91455078125,386.2818908691406,774.0597534179688,21.755643791635322,5600402,"182,218,182",0.0,1856.8272705078125,153.94735717773438,314.5427551269531,21.755643791635322,5637025,"182,218,182",0.0,5037.908203125,410.7604675292969,837.0404663085938,21.755643791635322,40146,"182,218,182",4,41231,41231.0,,,45872,45872.0,0,0.0,309,309.0,4641,4641.0,0.0,4641.0,4641.0,309.0,309.0
BraTS-GLI-02894-100,02894,100,6359332,"182,218,182",0.0,7724.595703125,508.36236572265625,935.38330078125,24.7021339886044,6352503,"182,218,182",0.0,3023.25537109375,401.9359130859375,739.1256103515625,24.7021339886044,6460091,"182,218,182",0.0,1212.8687744140625,125.23848724365234,239.39767456054688,24.70248019950611,6356612,"182,218,182",0.0,3187.204345703125,248.54005432128906,512.8262329101562,24.7021339886044,40338,"182,218,182",3,32256,32256.0,17119.0,17119.0,32256,32256.0,17119,17119.0,0,0.0,0,0.0,0.002370713770552464,,,,
BraTS-GLI-02894-101,02894,101,5827870,"182,218,182",0.0,13262.6005859375,790.8275146484375,1532.0704345703125,23.2294636002167,5984687,"182,218,182",0.0,4781.53857421875,607.0059814453125,1173.899169921875,23.2294636002167,5945032,"182,218,182",0.0,2063.469482421875,183.2509765625,362.0233154296875,23.2294636002167,5980962,"182,218,182",0.0,4650.39013671875,369.7625427246094,741.2421264648438,23.2294636002167,39494,"182,218,182",3,30169,30169.0,15337.0,15337.0,30169,30169.0,15337,15337.0,0,0.0,0,0.0,0.0021239346398132567,,,,
BraTS-GLI-02895-100,02895,100,6246788,"182,218,182",0.0,3172.645263671875,196.62677001953125,360.4527282714844,24.75684915951072,6440747,"182,218,182",0.0,1158.45166015625,125.96907806396484,233.3297119140625,24.75684915951072,6413556,"182,218,182",0.0,1018.3817138671875,94.72181701660156,177.93679809570312,24.757652368802685,6342671,"182,218,182",0.0,3299.463134765625,198.78280639648438,389.5827941894531,24.75684915951072,32955,"182,218,182",4,16515,16515.0,455.0,455.0,16984,16984.0,455,455.0,0,0.0,469,469.0,6.301038411130154e-05,469.0,469.0,,
BraTS-GLI-02895-101,02895,101,5789876,"182,218,182",0.0,2941.288818359375,196.87432861328125,369.7285461425781,23.377544927096295,5906275,"182,218,182",0.0,1303.097900390625,202.36538696289062,381.7618408203125,23.377544927096295,5898334,"182,218,182",0.0,1969.952392578125,218.2984619140625,412.7533874511719,23.377544927096295,5848305,"182,218,182",0.0,3382.65087890625,190.4251708984375,379.88726806640625,23.377544927096295,32827,"182,218,182",3,18509,18509.0,1364.0,1364.0,18509,18509.0,1364,1364.0,0,0.0,0,0.0,0.00018889266797322046,,,,
BraTS-GLI-02896-100,02896,100,6728571,"182,218,182",0.0,7539.55712890625,527.4739990234375,956.7822265625,25.950238137706634,6718644,"182,218,182",0.0,3162.8515625,417.52099609375,753.8973388671875,25.950238137706634,6643724,"182,218,182",0.0,2524.07421875,269.810791015625,498.9878234863281,25.947925448883208,6710454,"182,218,182",0.0,4913.4833984375,358.8236083984375,757.1439208984375,25.950238137706634,50642,"182,218,182",5,42187,42187.0,1158.0,1158.0,74914,74914.0,1158,1158.0,1535,1535.0,32727,32727.0,0.00016036488967227953,32727.0,32727.0,1535.0,1535.0
BraTS-GLI-02896-101,02896,101,6546920,"182,218,182",0.0,9757.6591796875,623.3588256835938,1134.572021484375,25.764322883488123,6583507,"182,218,182",0.0,3528.82275390625,415.8158264160156,739.7476806640625,25.764322883488123,6555451,"182,218,182",0.0,2732.614990234375,269.2621765136719,495.01593017578125,25.764322883488123,6556174,"182,218,182",0.0,5571.9267578125,401.3639221191406,845.3628540039062,25.764322883488123,62487,"182,218,182",5,55565,55565.0,967.0,967.0,103314,103314.0,967,967.0,13851,13851.0,47749,47749.0,0.0001339143767816013,47749.0,47749.0,13851.0,13851.0
BraTS-GLI-02897-100,02897,100,5510014,"182,218,182",0.0,5222.8623046875,391.0900573730469,777.7832641601562,21.398423383250485,5544249,"182,218,182",0.0,3360.95654296875,393.6130065917969,787.547119140625,21.398423383250485,5542906,"182,218,182",0.0,1343.5860595703125,126.32575988769531,258.14471435546875,21.39809102078484,5560026,"182,218,182",0.0,2748.726318359375,151.87509155273438,330.9285583496094,21.398423383250485,38429,"182,218,182",3,15627,15627.0,18335.0,18335.0,15627,15627.0,18335,18335.0,0,0.0,0,0.0,0.002539110753144426,,,,
BraTS-GLI-02897-101,02897,101,5316441,"182,218,182",0.0,6875.75048828125,417.0196228027344,836.9041748046875,20.95379164640179,5322763,"182,218,182",0.0,3672.46240234375,354.8023681640625,705.9932250976562,20.95379164640179,5449796,"182,218,182",0.0,1367.3580322265625,104.44429016113281,213.7568359375,20.95379164640179,5366213,"182,218,182",0.0,2822.219970703125,150.0367889404297,333.9495544433594,20.95379164640179,38887,"182,218,182",3,16461,16461.0,20028.0,20028.0,16461,16461.0,20028,20028.0,0,0.0,0,0.0,0.0027735647757827415,,,,
BraTS-GLI-02898-100,02898,100,5476977,"182,218,182",0.0,9214.1025390625,582.560302734375,1175.8917236328125,21.46461890765752,5562567,"182,218,182",0.0,4466.75244140625,470.2880554199219,943.592041015625,21.46461890765752,5546261,"182,218,182",0.0,2276.0107421875,178.6773223876953,374.3152160644531,21.46425884831974,5549325,"182,218,182",0.0,3488.404296875,248.5282440185547,551.357177734375,21.46461890765752,52132,"182,218,182",5,47017,47017.0,9644.0,9644.0,58234,58234.0,9644,9644.0,5528,5528.0,11217,11217.0,0.0013355431744382243,11217.0,11217.0,5528.0,5528.0
BraTS-GLI-02899-100,02899,100,5634254,"182,218,182",0.0,6779.06494140625,428.6421203613281,851.8822021484375,21.796939827991345,5642910,"182,218,182",0.0,3845.759765625,390.20208740234375,768.9933471679688,21.796939827991345,5707429,"182,218,182",0.0,1367.0186767578125,109.75377655029297,226.53314208984375,21.795970437466554,5603463,"182,218,182",0.0,2888.950927734375,185.25572204589844,402.9849853515625,21.796939827991345,47076,"182,218,182",3,58605,58605.0,21453.0,21453.0,58605,58605.0,21453,21453.0,0,0.0,0,0.0,0.0029709049897576967,,,,
BraTS-GLI-02898-101,02898,101,5022144,"182,218,182",0.0,6597.17138671875,374.9859313964844,783.4365234375,19.768351670509148,4930195,"182,218,182",0.0,3944.623046875,298.7085266113281,618.0109252929688,19.768351670509148,5124021,"182,218,182",0.0,1784.9742431640625,103.31644439697266,226.84796142578125,19.768351670509148,5068443,"182,218,182",0.0,2700.9638671875,174.14747619628906,402.2509765625,19.768351670509148,53403,"182,218,182",5,54596,54596.0,8625.0,8625.0,68094,68094.0,8625,8625.0,5023,5023.0,13498,13498.0,0.0011944276109010458,13498.0,13498.0,5023.0,5023.0
BraTS-GLI-02899-101,02899,101,5324349,"182,218,182",0.0,6630.34033203125,391.68017578125,783.3662719726562,21.139305295974314,5350016,"182,218,182",0.0,3415.877685546875,350.3113098144531,693.350341796875,21.139305295974314,5503719,"182,218,182",0.0,1307.5438232421875,110.07032775878906,229.53439331054688,21.139305295974314,5366438,"182,218,182",0.0,2980.531005859375,184.7614288330078,410.15533447265625,21.139305295974314,48457,"182,218,182",3,63184,63184.0,22578.0,22578.0,63184,63184.0,22578,22578.0,0,0.0,0,0.0,0.0031266998955273985,,,,
BraTS-GLI-02900-100,02900,100,5550710,"182,218,182",0.0,7229.1884765625,382.0069580078125,775.3222045898438,21.420026943517215,5584933,"182,218,182",0.0,4270.38818359375,385.3714904785156,777.7620849609375,21.420026943517215,5600404,"182,218,182",0.0,1448.0811767578125,124.26374816894531,262.19232177734375,21.419791520104052,5581425,"182,218,182",0.0,2435.614990234375,158.6387481689453,348.09930419921875,21.420026943517215,83128,"182,218,182",4,171317,171317.0,61974.0,61974.0,174383,174383.0,61974,61974.0,0,0.0,3066,3066.0,0.008582429769041323,3066.0,3066.0,,
BraTS-GLI-02900-101,02900,101,5122085,"182,218,182",0.0,8663.7021484375,437.5951843261719,902.17236328125,20.217234877230844,5213612,"182,218,182",0.0,4393.04931640625,381.88092041015625,777.5199584960938,20.217234877230844,5209190,"182,218,182",0.0,1524.088134765625,140.18675231933594,299.49078369140625,20.217234877230844,5148775,"182,218,182",0.0,2713.665283203125,164.53515625,362.6571960449219,20.217234877230844,85966,"182,218,182",4,262020,262020.0,45537.0,45537.0,271618,271618.0,45537,45537.0,0,0.0,9598,9598.0,0.006306162332475469,9598.0,9598.0,,
BraTS-GLI-02901-100,02901,100,5607121,"182,218,182",0.0,6963.20068359375,456.9371643066406,899.3869018554688,21.841130187485668,5628295,"182,218,182",0.0,3277.005859375,376.2311706542969,740.3759765625,21.841130187485668,5685480,"182,218,182",0.0,1338.6905517578125,118.15536499023438,238.4737091064453,21.840894764072505,5714771,"182,218,182",0.0,2265.572998046875,129.64306640625,275.8929443359375,21.841130187485668,31349,"182,218,182",3,4762,4762.0,3448.0,3448.0,4762,4762.0,3448,3448.0,0,0.0,0,0.0,0.00047749407563904995,,,,
BraTS-GLI-02901-101,02901,101,5322120,"182,218,182",0.0,5801.02978515625,386.55169677734375,765.8131103515625,21.033323214742712,5281793,"182,218,182",0.0,3587.034423828125,346.1775817871094,682.9566650390625,21.033323214742712,5449119,"182,218,182",0.0,1470.6204833984375,117.43096160888672,239.67079162597656,21.033323214742712,5433716,"182,218,182",0.0,2474.30859375,136.45567321777344,297.6005554199219,21.033323214742712,31716,"182,218,182",3,7417,7417.0,2604.0,2604.0,7417,7417.0,2604,2604.0,0,0.0,0,0.0,0.0003606132752216027,,,,
BraTS-GLI-02902-100,02902,100,5937665,"182,218,182",0.0,5828.85546875,452.6510314941406,866.1735229492188,22.9896086875117,5951826,"182,218,182",0.0,3950.912353515625,410.2630920410156,785.3158569335938,22.9896086875117,6018653,"182,218,182",0.0,1177.6409912109375,94.42706298828125,187.50372314453125,22.99067501708897,5997015,"182,218,182",0.0,2529.784423828125,161.39918518066406,339.7889404296875,22.9896086875117,35578,"182,218,182",3,21066,21066.0,11338.0,11338.0,21066,21066.0,11338,11338.0,0,0.0,0,0.0,0.001570135681437224,,,,
BraTS-GLI-02902-101,02902,101,5774049,"182,218,182",0.0,9396.83984375,751.2420654296875,1439.146728515625,22.884526754624545,5870896,"182,218,182",0.0,4434.66259765625,617.0989379882812,1188.864990234375,22.884526754624545,5830675,"182,218,182",0.0,2402.435791015625,206.4069061279297,406.1224060058594,22.884526754624545,5873524,"182,218,182",0.0,5551.7509765625,376.98455810546875,777.6638793945312,22.884526754624545,37167,"182,218,182",3,32662,32662.0,9391.0,9391.0,32662,32662.0,9391,9391.0,0,0.0,0,0.0,0.001300506631185127,,,,
BraTS-GLI-02903-101,02903,101,4652810,"182,218,182",0.0,7398.79541015625,383.0201110839844,844.9761962890625,18.19403376137926,4702772,"182,218,182",0.0,3984.56298828125,339.5137634277344,745.01708984375,18.19403376137926,4725005,"182,218,182",0.0,1683.3017578125,101.70802307128906,233.77708435058594,18.19403376137926,4697370,"182,218,182",0.0,2782.927734375,159.6401824951172,398.2515869140625,18.19403376137926,37668,"182,218,182",3,15301,15301.0,17322.0,17322.0,15301,15301.0,17322,17322.0,0,0.0,0,0.0,0.0023988260957713524,,,,
BraTS-GLI-02903-100,02903,100,4901026,"182,218,182",0.0,7576.5224609375,395.4678039550781,858.0108032226562,18.931213710173285,4930641,"182,218,182",0.0,3950.43359375,355.1386413574219,772.0695190429688,18.931213710173285,4949578,"182,218,182",0.0,1656.837158203125,104.02462768554688,233.32106018066406,18.93060437898627,4947112,"182,218,182",0.0,2593.818603515625,153.74362182617188,373.4452209472656,18.931213710173285,37756,"182,218,182",3,21524,21524.0,15478.0,15478.0,21524,21524.0,15478,15478.0,0,0.0,0,0.0,0.002143460934669726,,,,
BraTS-GLI-02904-100,02904,100,4668901,"182,218,182",0.0,7396.177734375,383.0310974121094,849.8150024414062,18.146464383484247,4720284,"182,218,182",0.0,3722.193603515625,339.2014465332031,752.1717529296875,18.146464383484247,4745353,"182,218,182",0.0,1394.04443359375,97.79840850830078,223.5924530029297,18.147156805287665,4713486,"182,218,182",0.0,2586.427001953125,131.65966796875,316.9930114746094,18.146464383484247,33492,"182,218,182",3,8867,8867.0,8262.0,8262.0,8867,8867.0,8262,8262.0,0,0.0,0,0.0,0.0011441577879726886,,,,
BraTS-GLI-02904-101,02904,101,4584958,"182,218,182",0.0,7990.41845703125,407.8511962890625,898.9495239257812,18.03455517161536,4654364,"182,218,182",0.0,4511.46875,392.8995361328125,863.7496948242188,18.03455517161536,4678612,"182,218,182",0.0,1706.20947265625,98.15835571289062,224.42430114746094,18.03455517161536,4555837,"182,218,182",0.0,3137.54052734375,163.15170288085938,395.49310302734375,18.03455517161536,33425,"182,218,182",3,8353,8353.0,8768.0,8768.0,8353,8353.0,8768,8768.0,0,0.0,0,0.0,0.0012142308744788834,,,,
BraTS-GLI-02905-100,02905,100,6837213,"182,218,182",0.0,9302.0654296875,760.7156372070312,1367.7154541015625,26.556785789067266,6872704,"182,218,182",0.0,5214.00439453125,755.912841796875,1378.382568359375,26.556785789067266,6861500,"182,218,182",0.0,2316.105224609375,218.41517639160156,404.6328125,26.555844095414617,6938720,"182,218,182",0.0,7383.9423828125,636.0922241210938,1237.2117919921875,26.556785789067266,36770,"182,218,182",5,14084,14084.0,2384.0,2384.0,14951,14951.0,2384,2384.0,37,37.0,867,867.0,0.00033014671587108324,867.0,867.0,37.0,37.0
BraTS-GLI-02905-101,02905,101,6536124,"182,218,182",0.0,10982.6318359375,747.3399658203125,1368.364013671875,25.707682779968295,6622653,"182,218,182",0.0,5184.00146484375,683.5242919921875,1259.45458984375,25.707682779968295,6539021,"182,218,182",0.0,3466.215087890625,299.3528137207031,553.3826293945312,25.707682779968295,6626417,"182,218,182",0.0,7614.734375,647.6135864257812,1274.4044189453125,25.707682779968295,36486,"182,218,182",5,15316,15316.0,2312.0,2312.0,15880,15880.0,2312,2312.0,23,23.0,564,564.0,0.00032017584190182236,564.0,564.0,23.0,23.0
BraTS-GLI-02907-100,02907,100,5423959,"182,218,182",0.0,7032.16015625,453.13720703125,915.1593627929688,21.088093779393304,5467089,"182,218,182",0.0,4215.90673828125,389.7641296386719,782.6670532226562,21.088093779393304,5523856,"182,218,182",0.0,1374.878173828125,111.07904052734375,233.31027221679688,21.08799684034083,5510678,"182,218,182",0.0,2454.891357421875,156.9886016845703,351.588623046875,21.088093779393304,49502,"182,218,182",5,63126,63126.0,4915.0,4915.0,70106,70106.0,4915,4915.0,343,343.0,6980,6980.0,0.0006806506327627408,6980.0,6980.0,343.0,343.0
BraTS-GLI-02907-101,02907,101,5153874,"182,218,182",0.0,7769.9990234375,455.4374084472656,936.4619750976562,20.302153487202386,5230488,"182,218,182",0.0,3834.842529296875,380.6952209472656,769.1624755859375,20.302153487202386,5250352,"182,218,182",0.0,1515.91943359375,131.86131286621094,281.1334228515625,20.302153487202386,5230399,"182,218,182",0.0,2467.66455078125,150.05267333984375,332.660888671875,20.302153487202386,56778,"182,218,182",5,92378,92378.0,4998.0,4998.0,102974,102974.0,4998,4998.0,705,705.0,10596,10596.0,0.0006921448346995277,10596.0,10596.0,705.0,705.0
BraTS-GLI-02909-100,02909,100,5260133,"182,218,182",0.0,7380.31494140625,385.18426513671875,808.6011962890625,20.270094357703996,5268950,"182,218,182",0.0,3391.400390625,348.3548583984375,725.8919677734375,20.270094357703996,5267761,"182,218,182",0.0,1934.9466552734375,130.72865295410156,285.2015075683594,20.28878974639636,5234659,"182,218,182",0.0,2763.466552734375,188.1122589111328,441.2257385253906,20.270094357703996,57782,"182,218,182",3,73615,73615.0,40790.0,40790.0,73615,73615.0,40790,40790.0,0,0.0,0,0.0,0.00564877707230767,,,,
BraTS-GLI-02910-100,02910,100,5879934,"182,218,182",0.0,5699.5498046875,424.0771484375,814.9641723632812,22.76799216510881,5859895,"182,218,182",0.0,3722.466796875,384.18072509765625,738.897216796875,22.76799216510881,5906192,"182,218,182",0.0,1631.236083984375,127.65554809570312,252.96734619140625,22.767729044823508,5827889,"182,218,182",0.0,2900.585693359375,187.3394317626953,394.9488220214844,22.76799216510881,39977,"182,218,182",3,19827,19827.0,25958.0,25958.0,19827,19827.0,25958,25958.0,0,0.0,0,0.0,0.003594777034639924,,,,
BraTS-GLI-02909-101,02909,101,4947730,"182,218,182",0.0,7934.6630859375,419.7394104003906,889.853271484375,19.444076691531073,5014477,"182,218,182",0.0,4255.25341796875,422.4953308105469,890.9526977539062,19.444076691531073,4995579,"182,218,182",0.0,2148.969482421875,143.0314483642578,317.8719482421875,19.444076691531073,4947418,"182,218,182",0.0,2986.809814453125,196.94320678710938,466.7517395019531,19.444076691531073,59711,"182,218,182",3,86166,86166.0,40921.0,40921.0,86166,86166.0,40921,40921.0,0,0.0,0,0.0,0.005666918523557297,,,,
BraTS-GLI-02910-101,02910,101,5624091,"182,218,182",0.0,6724.47509765625,483.266845703125,931.0870361328125,22.192243435564336,5711055,"182,218,182",0.0,3917.371337890625,423.7088623046875,814.5303955078125,22.192243435564336,5747426,"182,218,182",0.0,1456.0833740234375,120.08844757080078,238.04588317871094,22.192243435564336,5644651,"182,218,182",0.0,2712.10302734375,170.16578674316406,360.9123840332031,22.192243435564336,39775,"182,218,182",3,20506,20506.0,26867.0,26867.0,20506,20506.0,26867,26867.0,0,0.0,0,0.0,0.003720659318501843,,,,
BraTS-GLI-02911-101,02911,101,5645693,"182,218,182",0.0,1872.9908447265625,210.77650451660156,393.594482421875,22.729271937861515,5821799,"182,218,182",0.0,5016.5595703125,655.9583740234375,1265.2620849609375,22.729271937861515,5771130,"182,218,182",0.0,3026.0810546875,258.96038818359375,508.243408203125,22.729271937861515,5875399,"182,218,182",0.0,5873.5185546875,441.3985595703125,901.5308227539062,22.729271937861515,37853,"182,218,182",3,41441,41441.0,2664.0,2664.0,41441,41441.0,2664,2664.0,0,0.0,0,0.0,0.00036892233686265343,,,,
BraTS-GLI-02911-100,02911,100,5979386,"182,218,182",0.0,8658.8154296875,658.633056640625,1256.853515625,23.42299549427284,6052121,"182,218,182",0.0,4234.08740234375,591.75732421875,1146.2757568359375,23.42299549427284,6008030,"182,218,182",0.0,2427.03759765625,203.94219970703125,399.81524658203125,23.421998406875915,6111191,"182,218,182",0.0,6604.6435546875,545.2280883789062,1069.5035400390625,23.42299549427284,39144,"182,218,182",3,45438,45438.0,2652.0,2652.0,45438,45438.0,2652,2652.0,0,0.0,0,0.0,0.0003672605245344433,,,,
BraTS-GLI-02912-100,02912,100,5193507,"182,218,182",0.0,5609.24658203125,351.0972900390625,733.1715698242188,20.148989784285682,5243215,"182,218,182",0.0,3441.07958984375,358.643310546875,748.7390747070312,20.148989784285682,5284074,"182,218,182",0.0,1372.704345703125,102.24531555175781,222.12017822265625,20.148574331203626,5275392,"182,218,182",0.0,2343.836181640625,149.34886169433594,346.2216491699219,20.148989784285682,34765,"182,218,182",3,18789,18789.0,,,24867,24867.0,0,0.0,0,0.0,6078,6078.0,0.0,6078.0,6078.0,,
BraTS-GLI-02912-101,02912,101,4991327,"182,218,182",0.0,6993.76025390625,411.9888610839844,869.7589111328125,19.56051434199433,5052336,"182,218,182",0.0,4047.8193359375,366.58837890625,767.7742309570312,19.56051434199433,5088022,"182,218,182",0.0,1364.900390625,107.64926147460938,235.6717987060547,19.56051434199433,5037535,"182,218,182",0.0,3013.662353515625,154.76211547851562,373.548583984375,19.56051434199433,37785,"182,218,182",4,26103,26103.0,,,34127,34127.0,0,0.0,137,137.0,8024,8024.0,0.0,8024.0,8024.0,137.0,137.0
BraTS-GLI-02914-100,02914,100,6012329,"182,218,182",0.0,7064.94140625,507.4784851074219,958.90380859375,23.36575990800207,6056166,"182,218,182",0.0,3755.201904296875,425.77166748046875,802.871826171875,23.36575990800207,6086396,"182,218,182",0.0,1538.4765625,140.25869750976562,275.3199157714844,23.365967634543093,6025709,"182,218,182",0.0,2552.881103515625,188.45387268066406,380.6014709472656,23.36575990800207,64035,"182,218,182",4,80563,80563.0,,,109544,109544.0,0,0.0,24629,24629.0,28981,28981.0,0.0,28981.0,28981.0,24629.0,24629.0
BraTS-GLI-02914-101,02914,101,5795376,"182,218,182",0.0,12944.1630859375,1103.562255859375,2076.74755859375,23.11857917261688,5873369,"182,218,182",0.0,6597.72802734375,836.2802734375,1592.2139892578125,23.11857917261688,5899104,"182,218,182",0.0,3482.110107421875,324.30615234375,632.2230224609375,23.11857917261688,5999154,"182,218,182",0.0,5543.68212890625,472.3057556152344,945.2017822265625,23.11857917261688,55400,"182,218,182",4,42017,42017.0,,,84170,84170.0,0,0.0,24185,24185.0,42153,42153.0,0.0,42153.0,42153.0,24185.0,24185.0
BraTS-GLI-02915-101,02915,101,4507450,"182,218,182",0.0,8880.921875,416.0397644042969,929.234375,17.75287798198374,4582967,"182,218,182",0.0,4254.88818359375,331.2258605957031,728.41552734375,17.75287798198374,4644551,"182,218,182",0.0,1176.5313720703125,86.3811264038086,198.89427185058594,17.75287798198374,4551161,"182,218,182",0.0,2767.039794921875,137.94183349609375,331.8564453125,17.75287798198374,53175,"182,218,182",4,66615,66615.0,,,81981,81981.0,0,0.0,1929,1929.0,15366,15366.0,0.0,15366.0,15366.0,1929.0,1929.0
BraTS-GLI-02915-100,02915,100,4761287,"182,218,182",0.0,5651.6787109375,335.2478332519531,735.5946044921875,18.37524054733451,4737050,"182,218,182",0.0,3776.570068359375,303.0094299316406,665.1946411132812,18.37524054733451,4806116,"182,218,182",0.0,1570.56982421875,103.59333038330078,235.33705139160156,18.375877575393655,4791120,"182,218,182",0.0,2644.5966796875,145.7887725830078,354.01837158203125,18.37524054733451,45288,"182,218,182",2,37508,37508.0,,,37508,37508.0,0,0.0,0,0.0,0,0.0,0.0,,,,
BraTS-GLI-02916-100,02916,100,5988088,"182,218,182",0.0,7368.6435546875,439.5763854980469,852.2202758789062,23.087655614876102,5947924,"182,218,182",0.0,4634.14208984375,643.3756103515625,1253.518798828125,23.087655614876102,5945572,"182,218,182",0.0,2095.615966796875,167.1755828857422,330.71038818359375,23.087115525869432,5953454,"182,218,182",0.0,4468.6689453125,344.0592041015625,704.2179565429688,23.087655614876102,38569,"182,218,182",3,12435,12435.0,31895.0,31895.0,12435,12435.0,31895,31895.0,0,0.0,0,0.0,0.004416958684021896,,,,
BraTS-GLI-02916-101,02916,101,5553478,"182,218,182",0.0,5717.896484375,436.6216735839844,852.1480712890625,21.645188665553622,5551093,"182,218,182",0.0,4072.109619140625,393.4215087890625,769.0885620117188,21.645188665553622,5610359,"182,218,182",0.0,1383.9150390625,118.16876983642578,240.1044158935547,21.645188665553622,5556475,"182,218,182",0.0,2652.271240234375,164.7562713623047,363.6217346191406,21.645188665553622,38743,"182,218,182",3,12440,12440.0,33185.0,33185.0,12440,12440.0,33185,33185.0,0,0.0,0,0.0,0.004595603509304487,,,,
BraTS-GLI-02917-100,02917,100,5363110,"182,218,182",0.0,4523.150390625,304.2009582519531,617.5744018554688,21.131840988933437,5380959,"182,218,182",0.0,2583.4443359375,323.0115661621094,656.033447265625,21.131840988933437,5505247,"182,218,182",0.0,1547.7906494140625,120.30088806152344,256.3852233886719,21.131190112438222,5388947,"182,218,182",0.0,2261.156005859375,178.79347229003906,378.5082702636719,21.131840988933437,51537,"182,218,182",4,57451,57451.0,13320.0,13320.0,58598,58598.0,13320,13320.0,0,0.0,1147,1147.0,0.0018446116843132672,1147.0,1147.0,,
BraTS-GLI-02917-101,02917,101,5091072,"182,218,182",0.0,8285.28125,421.7548522949219,887.6436767578125,19.975427335040198,5141819,"182,218,182",0.0,3778.0458984375,354.4310607910156,729.1971435546875,19.975427335040198,5184528,"182,218,182",0.0,1614.5963134765625,109.31807708740234,239.44012451171875,19.975427335040198,5100370,"182,218,182",0.0,2587.438232421875,176.39923095703125,403.065673828125,19.975427335040198,58268,"182,218,182",4,74537,74537.0,17431.0,17431.0,80647,80647.0,17431,17431.0,0,0.0,6110,6110.0,0.002413920891085928,6110.0,6110.0,,
BraTS-GLI-02918-100,02918,100,5564843,"182,218,182",0.0,10611.3037109375,762.651123046875,1538.5616455078125,21.753012588782326,5646677,"182,218,182",0.0,4683.6240234375,601.1375122070312,1238.9122314453125,21.753012588782326,5666581,"182,218,182",0.0,1758.5640869140625,136.80313110351562,284.29217529296875,21.752417106031384,5667844,"182,218,182",0.0,4560.17041015625,366.9051513671875,777.7455444335938,21.753012588782326,40862,"182,218,182",4,26777,26777.0,7737.0,7737.0,27471,27471.0,7737,7737.0,0,0.0,694,694.0,0.0010714534986134947,694.0,694.0,,
BraTS-GLI-02918-101,02918,101,5215616,"182,218,182",0.0,7021.15087890625,457.29901123046875,936.2740478515625,20.454264708977885,5283669,"182,218,182",0.0,3907.19482421875,405.1476745605469,824.2142944335938,20.454264708977885,5320328,"182,218,182",0.0,1072.1151123046875,88.46286010742188,186.02915954589844,20.454264708977885,5239174,"182,218,182",0.0,3213.946533203125,192.78646850585938,450.5377197265625,20.454264708977885,41480,"182,218,182",4,28417,28417.0,9688.0,9688.0,28693,28693.0,9688,9688.0,0,0.0,276,276.0,0.0013416364863083282,276.0,276.0,,
BraTS-GLI-02919-100,02919,100,5031922,"182,218,182",0.0,7269.8408203125,365.08697509765625,788.6361083984375,19.34658370160941,5040561,"182,218,182",0.0,3835.044189453125,341.66668701171875,733.9055786132812,19.34658370160941,5031778,"182,218,182",0.0,1872.09375,134.47500610351562,302.6255798339844,19.346029764166673,4991073,"182,218,182",0.0,2675.16943359375,177.11614990234375,416.61407470703125,19.34658370160941,50453,"182,218,182",5,40387,40387.0,509.0,509.0,51427,51427.0,509,509.0,931,931.0,11040,11040.0,7.048853958824722e-05,11040.0,11040.0,931.0,931.0
BraTS-GLI-02919-101,02919,101,4764268,"182,218,182",0.0,7875.734375,379.4981689453125,833.7160034179688,18.61383525235728,4799831,"182,218,182",0.0,4118.56396484375,339.6224365234375,730.9467163085938,18.61383525235728,4798021,"182,218,182",0.0,1974.4456787109375,135.18124389648438,308.1190185546875,18.61383525235728,4759252,"182,218,182",0.0,2721.317626953125,172.00656127929688,409.2919006347656,18.61383525235728,55693,"182,218,182",4,60139,60139.0,,,82039,82039.0,0,0.0,358,358.0,21900,21900.0,0.0,21900.0,21900.0,358.0,358.0
BraTS-GLI-02920-100,02920,100,5451579,"182,218,182",0.0,9294.9697265625,463.94708251953125,954.2147827148438,21.086265785832275,5499194,"182,218,182",0.0,3449.68798828125,384.93011474609375,788.5516967773438,21.086265785832275,5437883,"182,218,182",0.0,2895.222412109375,241.74591064453125,513.9906005859375,21.0877891137998,5477109,"182,218,182",0.0,2666.11572265625,156.4195098876953,344.6696472167969,21.086265785832275,74918,"182,218,182",5,160928,160928.0,4931.0,4931.0,181377,181377.0,4931,4931.0,836,836.0,20449,20449.0,0.0006828663825336877,20449.0,20449.0,836.0,836.0
BraTS-GLI-02920-101,02920,101,4967771,"182,218,182",0.0,7658.79443359375,439.4963073730469,921.31103515625,19.59422143538486,4980490,"182,218,182",0.0,4667.59130859375,497.9900817871094,1031.8990478515625,19.59422143538486,5057140,"182,218,182",0.0,1597.118408203125,124.78626251220703,268.9964904785156,19.59422143538486,4992975,"182,218,182",0.0,2681.366943359375,152.7123565673828,341.0321960449219,19.59422143538486,83466,"182,218,182",5,177134,177134.0,2966.0,2966.0,214615,214615.0,2966,2966.0,216,216.0,37481,37481.0,0.00041074461378927553,37481.0,37481.0,216.0,216.0
BraTS-GLI-02921-101,02921,101,5814974,"182,218,182",0.0,8814.904296875,591.5039672851562,1144.865234375,22.89218493977038,5939076,"182,218,182",0.0,3535.18212890625,449.19512939453125,866.3416137695312,22.89218493977038,5823543,"182,218,182",0.0,2337.02587890625,206.4119873046875,404.14569091796875,22.89218493977038,5782127,"182,218,182",0.0,3805.118896484375,283.218505859375,558.9530639648438,22.89218493977038,68453,"182,218,182",5,109269,109269.0,2413.0,2413.0,128955,128955.0,2413,2413.0,3128,3128.0,19686,19686.0,0.00033416276233092445,19686.0,19686.0,3128.0,3128.0
BraTS-GLI-02921-100,02921,100,5869374,"182,218,182",0.0,7036.44580078125,500.8809509277344,956.8688354492188,22.92327467874398,5926816,"182,218,182",0.0,3451.229736328125,408.9202575683594,778.424072265625,22.92327467874398,5971267,"182,218,182",0.0,1535.0548095703125,128.3502655029297,253.85488891601562,22.91900936043491,5969811,"182,218,182",0.0,2471.69775390625,157.49176025390625,325.3251647949219,22.92327467874398,65641,"182,218,182",5,80295,80295.0,3176.0,3176.0,100108,100108.0,3176,3176.0,2467,2467.0,19813,19813.0,0.00043982632953295316,19813.0,19813.0,2467.0,2467.0
BraTS-GLI-02922-100,02922,100,5433873,"182,218,182",0.0,9348.75,510.36297607421875,1090.8345947265625,20.988495827189244,5492408,"182,218,182",0.0,3561.2353515625,399.3636779785156,833.26416015625,20.988495827189244,5374587,"182,218,182",0.0,3345.0439453125,251.3958740234375,522.2780151367188,20.98835734282856,5476472,"182,218,182",0.0,6005.1083984375,336.51409912109375,813.7337646484375,20.988495827189244,64700,"182,218,182",4,92723,92723.0,47214.0,47214.0,101958,101958.0,47214,47214.0,0,0.0,9235,9235.0,0.006538400605342837,9235.0,9235.0,,
BraTS-GLI-02923-100,02923,100,6154715,"182,218,182",0.0,7733.513671875,490.8546142578125,932.7283325195312,23.744985481299626,6161728,"182,218,182",0.0,2707.953125,401.97161865234375,766.9146728515625,23.744985481299626,6075249,"182,218,182",0.0,2115.37939453125,225.30789184570312,435.98162841796875,23.74501317817176,6071694,"182,218,182",0.0,4367.3486328125,297.4903564453125,580.8756103515625,23.744985481299626,33499,"182,218,182",3,11463,11463.0,5494.0,5494.0,11463,11463.0,5494,5494.0,0,0.0,0,0.0,0.0007608330775988806,,,,
BraTS-GLI-02922-101,02922,101,5376475,"182,218,182",0.0,8641.9873046875,462.5038146972656,973.069580078125,20.915486872236542,5276933,"182,218,182",0.0,3605.960205078125,292.2832336425781,595.8715209960938,20.915486872236542,5325288,"182,218,182",0.0,2688.13720703125,221.69256591796875,457.12890625,20.915486872236542,5355237,"182,218,182",0.0,5394.37353515625,308.6220397949219,719.6666259765625,20.915486872236542,73792,"182,218,182",5,126716,126716.0,39883.0,39883.0,138322,138322.0,39883,39883.0,143,143.0,11606,11606.0,0.005523171757167119,11606.0,11606.0,143.0,143.0
BraTS-GLI-02923-101,02923,101,5875785,"182,218,182",0.0,7730.5703125,549.1416625976562,1045.3883056640625,23.084678201121392,5974580,"182,218,182",0.0,3505.48681640625,495.4955139160156,945.025390625,23.084678201121392,5891460,"182,218,182",0.0,1977.3558349609375,180.5540771484375,353.322021484375,23.084678201121392,5939066,"182,218,182",0.0,5210.951171875,400.44451904296875,777.9843139648438,23.084678201121392,32095,"182,218,182",3,4798,4798.0,5238.0,5238.0,4798,4798.0,5238,5238.0,0,0.0,0,0.0,0.0007253810812637308,,,,
BraTS-GLI-02924-100,02924,100,5181977,"182,218,182",0.0,6157.5400390625,401.50445556640625,840.8534545898438,19.988431016508443,5196022,"182,218,182",0.0,3976.32568359375,360.72747802734375,754.1336669921875,19.988431016508443,5251408,"182,218,182",0.0,1450.7244873046875,100.70298767089844,219.72584533691406,19.987087718209807,5227586,"182,218,182",0.0,2476.4140625,159.4380645751953,371.8313903808594,19.988431016508443,51295,"182,218,182",5,59473,59473.0,3411.0,3411.0,63950,63950.0,3411,3411.0,826,826.0,4477,4477.0,0.0004723701542937353,4477.0,4477.0,826.0,826.0
BraTS-GLI-02924-101,02924,101,4886812,"182,218,182",0.0,8455.0556640625,452.4137268066406,964.3511962890625,19.257095107735292,4935611,"182,218,182",0.0,4199.88232421875,347.3229675292969,725.6575317382812,19.257095107735292,5009653,"182,218,182",0.0,1576.8341064453125,105.8199462890625,232.73678588867188,19.257095107735292,4966841,"182,218,182",0.0,2621.125732421875,159.51126098632812,373.45172119140625,19.257095107735292,60298,"182,218,182",5,91823,91823.0,1736.0,1736.0,108943,108943.0,1736,1736.0,2803,2803.0,17120,17120.0,0.00024040885014773512,17120.0,17120.0,2803.0,2803.0
BraTS-GLI-02925-100,02925,100,5450989,"182,218,182",0.0,7325.36181640625,441.7420959472656,899.1730346679688,21.119875940170324,5491489,"182,218,182",0.0,3694.9287109375,419.58331298828125,856.036376953125,21.119875940170324,5451866,"182,218,182",0.0,998.9404296875,71.1982192993164,151.1951446533203,21.119543577704682,5439129,"182,218,182",0.0,2570.0341796875,167.7578887939453,372.3611755371094,21.119875940170324,39000,"182,218,182",3,20634,20634.0,4031.0,4031.0,20634,20634.0,4031,4031.0,0,0.0,0,0.0,0.0005582304579179264,,,,
BraTS-GLI-02926-100,02926,100,5161480,"182,218,182",0.0,5596.66748046875,388.4572448730469,811.8938598632812,19.923371063859015,5177430,"182,218,182",0.0,4402.9853515625,374.7559509277344,786.1400756835938,19.923371063859015,5170088,"182,218,182",0.0,1856.5416259765625,131.1738739013672,285.5080871582031,19.92283097485235,5201323,"182,218,182",0.0,2544.684814453125,151.55343627929688,354.0365905761719,19.923371063859015,52071,"182,218,182",5,68878,68878.0,498.0,498.0,72293,72293.0,498,498.0,157,157.0,3415,3415.0,6.896521162072125e-05,3415.0,3415.0,157.0,157.0
BraTS-GLI-02925-101,02925,101,5169764,"182,218,182",0.0,7985.21435546875,435.94781494140625,900.4950561523438,20.316348134172515,5242963,"182,218,182",0.0,4014.812255859375,394.2502746582031,811.1721801757812,20.316348134172515,5182159,"182,218,182",0.0,1014.8796997070312,66.70348358154297,143.63746643066406,20.316348134172515,5203998,"182,218,182",0.0,3000.30810546875,181.34547424316406,426.7936706542969,20.316348134172515,38761,"182,218,182",3,20968,20968.0,3525.0,3525.0,20968,20968.0,3525,3525.0,0,0.0,0,0.0,0.00048815737141173174,,,,
BraTS-GLI-02926-101,02926,101,4922087,"182,218,182",0.0,7610.94189453125,403.2694396972656,853.663330078125,19.303293490459534,4985204,"182,218,182",0.0,4476.08349609375,359.9254150390625,759.259521484375,19.303293490459534,5022390,"182,218,182",0.0,1463.6319580078125,105.98828125,233.24722290039062,19.303293490459534,4980588,"182,218,182",0.0,2654.359619140625,160.33909606933594,382.6434631347656,19.303293490459534,52065,"182,218,182",5,71813,71813.0,401.0,401.0,75034,75034.0,401,401.0,64,64.0,3221,3221.0,5.553222863435586e-05,3221.0,3221.0,64.0,64.0
BraTS-GLI-02927-100,02927,100,4065049,"182,218,182",0.0,9265.30078125,406.5356750488281,984.5030517578125,15.830645813506989,4134935,"182,218,182",0.0,4963.568359375,314.9507751464844,757.2322387695312,15.830645813506989,4130300,"182,218,182",0.0,1647.857666015625,105.65106201171875,263.1209716796875,15.829593332365791,4125143,"182,218,182",0.0,2767.62451171875,130.85455322265625,341.6453552246094,15.830645813506989,61479,"182,218,182",5,77689,77689.0,2391.0,2391.0,96043,96043.0,2391,2391.0,5526,5526.0,18354,18354.0,0.0003311161063958725,18354.0,18354.0,5526.0,5526.0
BraTS-GLI-02927-101,02927,101,3892293,"182,218,182",0.0,8920.9365234375,361.2170104980469,887.3055419921875,15.219874389145485,3953385,"182,218,182",0.0,4859.4501953125,296.4932861328125,716.9998168945312,15.219874389145485,3965802,"182,218,182",0.0,1534.623291015625,97.14234924316406,246.421630859375,15.219874389145485,3915814,"182,218,182",0.0,2959.68310546875,120.71797943115234,317.45050048828125,15.219874389145485,69753,"182,218,182",5,102131,102131.0,1387.0,1387.0,131774,131774.0,1387,1387.0,9230,9230.0,29643,29643.0,0.00019207780826895656,29643.0,29643.0,9230.0,9230.0
BraTS-GLI-02928-100,02928,100,5948469,"182,218,182",0.0,7245.75537109375,483.42266845703125,925.5733642578125,23.142827784172677,5993855,"182,218,182",0.0,3784.017333984375,435.9361877441406,831.4348754882812,23.142827784172677,6005174,"182,218,182",0.0,1434.40771484375,139.1254425048828,276.8443298339844,23.141124426536265,6016591,"182,218,182",0.0,2665.266845703125,169.15399169921875,356.5673828125,23.142827784172677,40949,"182,218,182",3,8499,8499.0,59801.0,59801.0,8499,8499.0,59801,59801.0,0,0.0,0,0.0,0.008281503253274602,,,,
BraTS-GLI-02928-101,02928,101,5832147,"182,218,182",0.0,9413.6943359375,578.9922485351562,1116.6083984375,23.00083976916319,5937775,"182,218,182",0.0,4144.1005859375,495.7957458496094,959.9772338867188,23.00083976916319,5939855,"182,218,182",0.0,1571.89599609375,147.2865447998047,292.6562194824219,23.00083976916319,5865465,"182,218,182",0.0,4302.802734375,330.6839599609375,673.23486328125,23.00083976916319,41893,"182,218,182",3,11127,11127.0,58278.0,58278.0,11127,11127.0,58278,58278.0,0,0.0,0,0.0,0.008070591571952597,,,,
BraTS-GLI-02929-100,02929,100,5852109,"182,218,182",0.0,6928.8369140625,487.092041015625,977.3143920898438,22.46444829492516,5882337,"182,218,182",0.0,3545.515380859375,399.9939880371094,810.1536254882812,22.46444829492516,5821994,"182,218,182",0.0,2185.904541015625,187.43019104003906,387.2891540527344,22.464725263646525,5883906,"182,218,182",0.0,5739.359375,428.6893005371094,904.7211303710938,22.46444829492516,62430,"182,218,182",4,78503,78503.0,28322.0,28322.0,81265,81265.0,28322,28322.0,0,0.0,2762,2762.0,0.003922154063297324,2762.0,2762.0,,
BraTS-GLI-02929-101,02929,101,5577926,"182,218,182",0.0,10424.24609375,562.1636352539062,1148.824462890625,21.843193604459863,5662994,"182,218,182",0.0,4055.125,443.2016906738281,894.063720703125,21.843193604459863,5605400,"182,218,182",0.0,2576.704345703125,175.71047973632812,364.506591796875,21.843193604459863,5645864,"182,218,182",0.0,6839.7314453125,470.00732421875,1028.6978759765625,21.843193604459863,62728,"182,218,182",5,75933,75933.0,26196.0,26196.0,81234,81234.0,26196,26196.0,70,70.0,5301,5301.0,0.0036277363124827587,5301.0,5301.0,70.0,70.0
BraTS-GLI-02930-100,02930,100,5550053,"182,218,182",0.0,6990.2822265625,521.9336547851562,1066.92724609375,21.43347377493965,5582087,"182,218,182",0.0,3988.0625,476.86444091796875,993.5479736328125,21.43347377493965,5513684,"182,218,182",0.0,2718.18359375,237.3027801513672,495.28118896484375,21.433349139015032,5622691,"182,218,182",0.0,6172.92138671875,482.1849365234375,1026.6673583984375,21.43347377493965,58111,"182,218,182",4,54195,54195.0,,,71284,71284.0,0,0.0,2109,2109.0,17089,17089.0,0.0,17089.0,17089.0,2109.0,2109.0
BraTS-GLI-02930-101,02930,101,5282056,"182,218,182",0.0,7469.6962890625,453.1778259277344,951.0585327148438,20.54315782010106,5336886,"182,218,182",0.0,3359.338623046875,372.33184814453125,782.7462768554688,20.54315782010106,5290453,"182,218,182",0.0,1995.15087890625,142.07989501953125,302.4644470214844,20.54315782010106,5339557,"182,218,182",0.0,5660.419921875,449.0866394042969,960.0140380859375,20.54315782010106,61860,"182,218,182",4,51322,51322.0,,,81552,81552.0,0,0.0,9748,9748.0,30230,30230.0,0.0,30230.0,30230.0,9748.0,9748.0
BraTS-GLI-02931-100,02931,100,5262136,"182,218,182",0.0,5982.400390625,346.5307922363281,726.791259765625,20.34869808082834,5256255,"182,218,182",0.0,3589.61572265625,323.4713439941406,675.5480346679688,20.34869808082834,5332793,"182,218,182",0.0,1468.9852294921875,99.95742797851562,217.4593505859375,20.34909968547432,5275234,"182,218,182",0.0,2547.0009765625,188.1576385498047,439.386474609375,20.34869808082834,34183,"182,218,182",4,18527,18527.0,605.0,605.0,19792,19792.0,605,605.0,0,0.0,1265,1265.0,8.378303821392842e-05,1265.0,1265.0,,
BraTS-GLI-02931-101,02931,101,4948607,"182,218,182",0.0,8183.568359375,420.6412048339844,905.9033813476562,19.34825936237369,4994387,"182,218,182",0.0,4416.2978515625,342.3717956542969,723.4967651367188,19.34825936237369,5038730,"182,218,182",0.0,1411.9912109375,101.06501770019531,226.8208465576172,19.34825936237369,4938303,"182,218,182",0.0,2750.059814453125,188.9973907470703,445.87542724609375,19.34825936237369,34061,"182,218,182",4,17410,17410.0,482.0,482.0,18533,18533.0,482,482.0,0,0.0,1123,1123.0,6.674946184977437e-05,1123.0,1123.0,,
BraTS-GLI-02932-100,02932,100,6409349,"182,218,182",0.0,7208.703125,521.6779174804688,955.2637329101562,24.949508602094546,6451715,"182,218,182",0.0,3582.562744140625,510.6129455566406,934.3150024414062,24.949508602094546,6517337,"182,218,182",0.0,1356.8822021484375,128.10427856445312,243.7909698486328,24.949300875553522,6430698,"182,218,182",0.0,2695.03515625,206.3485565185547,427.86639404296875,24.949508602094546,32705,"182,218,182",3,1021,1021.0,22015.0,22015.0,1021,1021.0,22015,22015.0,0,0.0,0,0.0,0.0030487332004622055,,,,
BraTS-GLI-02932-101,02932,101,6071409,"182,218,182",0.0,7489.5556640625,471.28033447265625,886.84375,23.890837209972204,6127327,"182,218,182",0.0,4218.30029296875,413.535400390625,768.0521240234375,23.890837209972204,6225242,"182,218,182",0.0,1296.5111083984375,109.10578918457031,212.3328857421875,23.890837209972204,6065185,"182,218,182",0.0,2908.9833984375,216.81686401367188,464.1194152832031,23.839404118414098,32885,"182,218,182",3,848,848.0,23123.0,23123.0,848,848.0,23123,23123.0,0,0.0,0,0.0,0.003202173872100276,,,,
BraTS-GLI-02933-100,02933,100,5122247,"182,218,182",0.0,8383.46875,424.2334289550781,930.1714477539062,19.669681563521667,5155613,"182,218,182",0.0,3324.816650390625,355.5518493652344,781.7462158203125,19.669681563521667,5084629,"182,218,182",0.0,3211.57666015625,196.70152282714844,438.75238037109375,19.670152410347992,5161655,"182,218,182",0.0,5639.98828125,376.0903625488281,839.70556640625,19.669681563521667,45553,"182,218,182",5,25628,25628.0,30397.0,30397.0,28542,28542.0,30397,30397.0,61,61.0,2914,2914.0,0.004209509111716995,2914.0,2914.0,61.0,61.0
BraTS-GLI-02933-101,02933,101,4890757,"182,218,182",0.0,8507.4208984375,444.4165954589844,987.6885986328125,19.046321910773973,4958570,"182,218,182",0.0,3607.911865234375,373.31256103515625,826.5646362304688,19.046321910773973,4909058,"182,218,182",0.0,3008.366455078125,190.46322631835938,429.5707092285156,19.046321910773973,4943579,"182,218,182",0.0,10110.962890625,502.45050048828125,1190.19775390625,19.046321910773973,46616,"182,218,182",5,29588,29588.0,29449.0,29449.0,34186,34186.0,29449,29449.0,99,99.0,4598,4598.0,0.004078225937788393,4598.0,4598.0,99.0,99.0
BraTS-GLI-02934-100,02934,100,5458909,"182,218,182",0.0,6970.08251953125,421.3981628417969,857.04443359375,21.08035250363106,5488714,"182,218,182",0.0,2828.639404296875,374.1935119628906,768.5362548828125,21.08035250363106,5474057,"182,218,182",0.0,1452.3123779296875,118.77996063232422,246.60955810546875,21.08069871453277,5425556,"182,218,182",0.0,2685.820556640625,152.7908172607422,331.6347351074219,21.08035250363106,35067,"182,218,182",3,12665,12665.0,11540.0,11540.0,12665,12665.0,11540,11540.0,0,0.0,0,0.0,0.0015981095222954282,,,,
BraTS-GLI-02934-101,02934,101,5306300,"182,218,182",0.0,7313.56298828125,459.0838317871094,935.5872802734375,20.76733630317661,5391669,"182,218,182",0.0,3093.0859375,379.8516845703125,783.8296508789062,20.76733630317661,5287939,"182,218,182",0.0,2635.505859375,222.442626953125,462.38580322265625,20.76733630317661,5333643,"182,218,182",0.0,4987.51806640625,351.5948791503906,734.0376586914062,20.76733630317661,35760,"182,218,182",3,15178,15178.0,12249.0,12249.0,15178,15178.0,12249,12249.0,0,0.0,0,0.0,0.0016962949340205112,,,,
BraTS-GLI-02937-100,02937,100,5159373,"182,218,182",0.0,6244.892578125,383.6922912597656,804.9075317382812,19.900715022451084,5163035,"182,218,182",0.0,3783.553466796875,345.7069396972656,724.5678100585938,19.900715022451084,5202386,"182,218,182",0.0,1447.580078125,109.88911437988281,238.33648681640625,19.900216478752622,5187906,"182,218,182",0.0,2669.7470703125,151.80433654785156,350.72003173828125,19.900715022451084,45474,"182,218,182",4,41231,41231.0,7222.0,7222.0,41869,41869.0,7222,7222.0,0,0.0,638,638.0,0.0010001340528611423,638.0,638.0,,
BraTS-GLI-02937-101,02937,101,4835568,"182,218,182",0.0,7337.24169921875,368.6276550292969,787.6434326171875,19.02289035694621,4896237,"182,218,182",0.0,3821.1953125,338.2330322265625,715.3078002929688,19.02289035694621,4936852,"182,218,182",0.0,1491.26708984375,112.22767639160156,247.37164306640625,19.02289035694621,4871942,"182,218,182",0.0,2733.53369140625,154.17208862304688,359.70159912109375,19.02289035694621,44234,"182,218,182",4,40366,40366.0,6997.0,6997.0,40806,40806.0,6997,6997.0,0,0.0,440,440.0,0.000968975071707202,440.0,440.0,,
BraTS-GLI-02938-101,02938,101,5808360,"182,218,182",0.0,9312.4755859375,641.020263671875,1228.36279296875,22.931985345031013,5908776,"182,218,182",0.0,4710.35107421875,543.104248046875,1046.6571044921875,22.931985345031013,5857488,"182,218,182",0.0,2061.142822265625,176.51559448242188,351.736328125,22.931985345031013,5920067,"182,218,182",0.0,5612.3916015625,423.40924072265625,876.70849609375,22.931985345031013,44874,"182,218,182",3,33138,33138.0,17394.0,17394.0,33138,33138.0,17394,17394.0,0,0.0,0,0.0,0.0024087969697406133,,,,
BraTS-GLI-02938-100,02938,100,6065759,"182,218,182",0.0,9279.4541015625,685.3257446289062,1302.4342041015625,23.707026918036092,6155471,"182,218,182",0.0,4424.646484375,527.5806274414062,1016.4528198242188,23.707026918036092,6176776,"182,218,182",0.0,1534.9041748046875,133.93641662597656,264.3182373046875,23.707525461734555,6131569,"182,218,182",0.0,3752.79248046875,325.3016662597656,656.7894287109375,23.707026918036092,286833,"182,218,182",4,34556,34556.0,13286.0,13286.0,34588,34588.0,13286,13286.0,0,0.0,32,32.0,0.001839903216050005,32.0,32.0,,
BraTS-GLI-02939-100,02939,100,5458520,"182,218,182",0.0,8280.416015625,492.94915771484375,1001.5494995117188,21.255424432408,5523946,"182,218,182",0.0,4143.57421875,397.1114196777344,804.8392944335938,21.255424432408,5551966,"182,218,182",0.0,1578.5284423828125,111.8263931274414,234.65786743164062,21.255909127670396,5457203,"182,218,182",0.0,2965.7080078125,196.31039428710938,441.2243957519531,21.255424432408,34458,"182,218,182",4,11902,11902.0,560.0,560.0,13053,13053.0,560,560.0,0,0.0,1151,1151.0,7.755124198314036e-05,1151.0,1151.0,,
BraTS-GLI-02939-101,02939,101,5143582,"182,218,182",0.0,7977.474609375,448.7911071777344,931.1356811523438,20.20330335054602,5205515,"182,218,182",0.0,4416.140625,365.1297607421875,748.0087890625,20.20330335054602,5231365,"182,218,182",0.0,1677.208740234375,111.26969146728516,239.29547119140625,20.20330335054602,5130744,"182,218,182",0.0,3177.329345703125,198.068603515625,461.9106140136719,20.20330335054602,33873,"182,218,182",4,12721,12721.0,540.0,540.0,13419,13419.0,540,540.0,0,0.0,698,698.0,7.478155476945677e-05,698.0,698.0,,
BraTS-GLI-02940-100,02940,100,5989752,"182,218,182",0.0,6975.07470703125,523.0662231445312,986.3182983398438,23.354293402937422,6054889,"182,218,182",0.0,4545.0732421875,434.8740539550781,823.773681640625,23.354293402937422,6094145,"182,218,182",0.0,1337.4967041015625,119.08334350585938,231.46505737304688,23.354016434216053,5974160,"182,218,182",0.0,3100.23681640625,229.02645874023438,475.5367126464844,23.354293402937422,37712,"182,218,182",5,15671,15671.0,741.0,741.0,19053,19053.0,741,741.0,163,163.0,3382,3382.0,0.0001026169112669768,3382.0,3382.0,163.0,163.0
BraTS-GLI-02940-101,02940,101,5747995,"182,218,182",0.0,7286.30419921875,508.1781921386719,970.5817260742188,22.670457629878943,5824231,"182,218,182",0.0,4100.82763671875,424.9747009277344,806.3563232421875,22.670457629878943,5886246,"182,218,182",0.0,1366.12841796875,119.6216049194336,235.44374084472656,22.670457629878943,5766924,"182,218,182",0.0,2750.427734375,190.45127868652344,405.78350830078125,22.670457629878943,38035,"182,218,182",5,17643,17643.0,556.0,556.0,21231,21231.0,556,556.0,151,151.0,3588,3588.0,7.699730454040365e-05,3588.0,3588.0,151.0,151.0
BraTS-GLI-02941-100,02941,100,5786014,"182,218,182",0.0,7498.03076171875,500.61590576171875,977.106689453125,22.49688133219739,5845413,"182,218,182",0.0,3587.63671875,428.447509765625,838.3172607421875,22.49688133219739,5911472,"182,218,182",0.0,1351.8385009765625,102.57579803466797,208.59445190429688,22.495551882334823,5794729,"182,218,182",0.0,3142.2529296875,215.6831817626953,471.705810546875,22.49688133219739,35339,"182,218,182",4,15166,15166.0,,,20465,20465.0,0,0.0,935,935.0,5299,5299.0,0.0,5299.0,5299.0,935.0,935.0
BraTS-GLI-02941-101,02941,101,5475871,"182,218,182",0.0,7956.90478515625,486.55908203125,965.0752563476562,21.57271979960759,5547922,"182,218,182",0.0,3883.918701171875,379.78228759765625,746.5398559570312,21.57271979960759,5617819,"182,218,182",0.0,1375.5213623046875,112.0299301147461,229.67205810546875,21.57271979960759,5492855,"182,218,182",0.0,3100.298583984375,198.38624572753906,443.53521728515625,21.57271979960759,38923,"182,218,182",4,30570,30570.0,,,37908,37908.0,0,0.0,924,924.0,7338,7338.0,0.0,7338.0,7338.0,924.0,924.0
BraTS-GLI-02943-100,02943,100,5612311,"182,218,182",0.0,4280.3818359375,177.962646484375,367.01580810546875,21.877219211879964,5641355,"182,218,182",0.0,1821.76904296875,172.30763244628906,352.8827209472656,21.877219211879964,5706191,"182,218,182",0.0,992.1541137695312,70.84474182128906,151.9949188232422,21.874754190259786,5645317,"182,218,182",0.0,3566.2666015625,250.2886962890625,542.0084838867188,21.877219211879964,48377,"182,218,182",3,26872,26872.0,85599.0,85599.0,26872,26872.0,85599,85599.0,0,0.0,0,0.0,0.011854122790205056,,,,
BraTS-GLI-02943-101,02943,101,5273103,"182,218,182",0.0,3423.2119140625,173.89137268066406,360.8202209472656,20.989174400556596,5394609,"182,218,182",0.0,1625.6256103515625,152.19761657714844,316.6189880371094,20.989174400556596,5386173,"182,218,182",0.0,969.0554809570312,66.98979187011719,145.17120361328125,20.989174400556596,5351192,"182,218,182",0.0,3846.1494140625,262.6794738769531,581.028564453125,20.989174400556596,47960,"182,218,182",3,25147,25147.0,83762.0,83762.0,25147,25147.0,83762,83762.0,0,0.0,0,0.0,0.01159972701962822,,,,
BraTS-GLI-02944-100,02944,100,5970181,"182,218,182",0.0,9237.787109375,676.2767944335938,1280.3814697265625,23.491559101247578,6128413,"182,218,182",0.0,3585.052978515625,488.3795166015625,942.7740478515625,23.491559101247578,6032853,"182,218,182",0.0,2097.97216796875,199.1915740966797,388.6954650878906,23.491406768450826,6045295,"182,218,182",0.0,4110.2021484375,298.1609802246094,590.535400390625,23.491559101247578,46732,"182,218,182",4,56021,56021.0,,,68299,68299.0,0,0.0,580,580.0,12278,12278.0,0.0,12278.0,12278.0,580.0,580.0
BraTS-GLI-02944-101,02944,101,5721744,"182,218,182",0.0,11574.998046875,791.2694091796875,1511.7215576171875,22.89055082431431,5853441,"182,218,182",0.0,4819.630859375,622.8781127929688,1188.8309326171875,22.89055082431431,5824323,"182,218,182",0.0,2452.015869140625,245.48463439941406,481.40374755859375,22.89055082431431,5889711,"182,218,182",0.0,5228.59130859375,371.7082824707031,750.196533203125,22.89055082431431,61676,"182,218,182",4,99903,99903.0,,,126916,126916.0,0,0.0,6896,6896.0,27013,27013.0,0.0,27013.0,27013.0,6896.0,6896.0
BraTS-GLI-02946-100,02946,100,5369237,"182,218,182",0.0,7133.8115234375,380.1156921386719,796.80859375,20.63605312924801,5357096,"182,218,182",0.0,4298.734375,514.4328002929688,1080.3125,20.63605312924801,5348083,"182,218,182",0.0,1791.4354248046875,148.52989196777344,317.8849182128906,20.636066977684074,5345987,"182,218,182",0.0,3937.01025390625,302.78759765625,655.3245849609375,20.63605312924801,29876,"182,218,182",2,3284,3284.0,,,3284,3284.0,0,0.0,0,0.0,0,0.0,0.0,,,,
BraTS-GLI-02946-101,02946,101,4894907,"182,218,182",0.0,6433.6591796875,351.9530334472656,749.8527221679688,19.409967993494558,4867427,"182,218,182",0.0,3549.73193359375,276.342041015625,576.644287109375,19.409967993494558,5076030,"182,218,182",0.0,1297.1495361328125,89.19047546386719,196.0291290283203,19.409967993494558,4975378,"182,218,182",0.0,2912.255615234375,175.30299377441406,419.99102783203125,19.409967993494558,29640,"182,218,182",2,2933,2933.0,,,2933,2933.0,0,0.0,0,0.0,0,0.0,0.0,,,,
BraTS-GLI-02947-100,02947,100,5808140,"182,218,182",0.0,10109.9580078125,638.6646118164062,1239.877197265625,22.795425916960347,5886405,"182,218,182",0.0,4146.5693359375,578.1630859375,1138.0850830078125,22.795425916960347,5856689,"182,218,182",0.0,2128.65673828125,202.08474731445312,402.94720458984375,22.795453613832485,5854963,"182,218,182",0.0,3539.934326171875,264.3132629394531,538.9889526367188,22.795425916960347,37673,"182,218,182",3,34853,34853.0,,,35335,35335.0,0,0.0,0,0.0,482,482.0,0.0,482.0,482.0,,
BraTS-GLI-02948-100,02948,100,5173478,"182,218,182",0.0,5632.349609375,364.62164306640625,755.5103149414062,20.111875975622322,5218531,"182,218,182",0.0,3198.100830078125,355.37017822265625,739.2481079101562,20.111875975622322,5208288,"182,218,182",0.0,1470.4837646484375,120.69503021240234,257.3908386230469,20.11356548482267,5250289,"182,218,182",0.0,2521.552490234375,132.85806274414062,299.48797607421875,20.111875975622322,33676,"182,218,182",3,16154,16154.0,1689.0,1689.0,16154,16154.0,1689,1689.0,0,0.0,0,0.0,0.0002339000851955787,,,,
BraTS-GLI-02947-101,02947,101,5527456,"182,218,182",0.0,11528.212890625,695.6220703125,1361.3199462890625,22.094487325357374,5664468,"182,218,182",0.0,4480.77587890625,613.8973999023438,1211.0115966796875,22.094487325357374,5624043,"182,218,182",0.0,2321.852783203125,209.5420379638672,418.4068298339844,22.094487325357374,5598317,"182,218,182",0.0,3774.87841796875,268.95306396484375,553.169677734375,22.094487325357374,39762,"182,218,182",5,34138,34138.0,36.0,36.0,37109,37109.0,36,36.0,47,47.0,2971,2971.0,4.985436984630452e-06,2971.0,2971.0,47.0,47.0
BraTS-GLI-02948-101,02948,101,4975349,"182,218,182",0.0,7591.81884765625,411.2069396972656,860.2216186523438,19.590703932623484,5048704,"182,218,182",0.0,4261.83056640625,395.8103332519531,822.7430419921875,19.590703932623484,5035457,"182,218,182",0.0,1469.1787109375,127.9645004272461,273.3717041015625,19.590703932623484,5022918,"182,218,182",0.0,2691.41845703125,138.80555725097656,316.1876220703125,19.590703932623484,32392,"182,218,182",3,13411,13411.0,324.0,324.0,13411,13411.0,324,324.0,0,0.0,0,0.0,4.486893286167407e-05,,,,
BraTS-GLI-02949-100,02949,100,5537754,"182,218,182",0.0,6535.9560546875,384.1551513671875,791.486572265625,21.236881376512386,5508531,"182,218,182",0.0,4704.7529296875,549.5686645507812,1133.4189453125,21.236881376512386,5466603,"182,218,182",0.0,2517.3037109375,192.25599670410156,402.2290344238281,21.237435313955125,5526840,"182,218,182",0.0,4162.74365234375,332.83013916015625,712.1141967773438,21.236881376512386,40540,"182,218,182",3,28573,28573.0,9445.0,9445.0,28573,28573.0,9445,9445.0,0,0.0,0,0.0,0.0013079847866620726,,,,
BraTS-GLI-02949-101,02949,101,5263237,"182,218,182",0.0,5721.87744140625,528.9180908203125,1092.8304443359375,20.461632076966286,5314685,"182,218,182",0.0,3774.27001953125,407.3818664550781,855.813720703125,20.461632076966286,5236950,"182,218,182",0.0,2006.5367431640625,157.18482971191406,333.58697509765625,20.461632076966286,5233884,"182,218,182",0.0,3780.505615234375,280.6253662109375,611.639892578125,20.461632076966286,40118,"182,218,182",3,26417,26417.0,9789.0,9789.0,26417,26417.0,9789,9789.0,0,0.0,0,0.0,0.0013556234067374302,,,,
BraTS-GLI-02950-100,02950,100,5738107,"182,218,182",0.0,7836.1484375,486.6694641113281,961.6520385742188,22.225839741466316,5769042,"182,218,182",0.0,3394.290771484375,375.8558349609375,737.3700561523438,22.225839741466316,5810652,"182,218,182",0.0,1518.2701416015625,121.3320083618164,248.04115295410156,22.23727854965883,5751860,"182,218,182",0.0,2471.0166015625,192.85389709472656,423.60247802734375,22.225839741466316,51133,"182,218,182",4,62128,62128.0,,,68383,68383.0,0,0.0,14,14.0,6255,6255.0,0.0,6255.0,6255.0,14.0,14.0
BraTS-GLI-02950-101,02950,101,5443898,"182,218,182",0.0,8557.8359375,486.335693359375,985.2041015625,21.29780064677736,5492638,"182,218,182",0.0,4040.487548828125,377.46636962890625,750.6082763671875,21.29780064677736,5528766,"182,218,182",0.0,1568.707275390625,119.48265838623047,250.42787170410156,21.29780064677736,5480413,"182,218,182",0.0,2646.913330078125,189.35577392578125,424.64141845703125,21.29780064677736,55330,"182,218,182",3,78142,78142.0,,,83146,83146.0,0,0.0,0,0.0,5004,5004.0,0.0,5004.0,5004.0,,
BraTS-GLI-02952-100,02952,100,5960363,"182,218,182",0.0,7163.375,509.461669921875,977.7258911132812,23.115380183885073,5986416,"182,218,182",0.0,3610.46337890625,393.823486328125,752.718994140625,23.115380183885073,6049666,"182,218,182",0.0,1317.68115234375,118.8895263671875,236.46742248535156,23.11522785108832,5983035,"182,218,182",0.0,2725.594482421875,205.5953369140625,437.1978454589844,23.115380183885073,38453,"182,218,182",4,21393,21393.0,16943.0,16943.0,22058,22058.0,16943,16943.0,0,0.0,665,665.0,0.0023463405230720485,665.0,665.0,,
BraTS-GLI-02952-101,02952,101,5694627,"182,218,182",0.0,6949.94580078125,458.09857177734375,889.335693359375,22.32121392066951,5716442,"182,218,182",0.0,3757.493896484375,373.85357666015625,720.4191284179688,22.32121392066951,5810885,"182,218,182",0.0,1112.0169677734375,93.05964660644531,188.73048400878906,22.32121392066951,5736825,"182,218,182",0.0,2694.712890625,192.10940551757812,413.8077392578125,22.32121392066951,40009,"182,218,182",4,28570,28570.0,15280.0,15280.0,31300,31300.0,15280,15280.0,0,0.0,2730,2730.0,0.0021160410312542582,2730.0,2730.0,,
BraTS-GLI-02953-100,02953,100,5784332,"182,218,182",0.0,8865.8125,544.99169921875,1072.8929443359375,22.51845719559199,5834863,"182,218,182",0.0,3810.96484375,524.1922607421875,1042.1971435546875,22.51845719559199,5814692,"182,218,182",0.0,1835.2047119140625,159.6888427734375,320.1220703125,22.51739086601472,5908650,"182,218,182",0.0,2503.5390625,150.640625,340.06134033203125,22.51845719559199,35781,"182,218,182",3,14201,14201.0,14635.0,14635.0,14201,14201.0,14635,14635.0,0,0.0,0,0.0,0.0020267186186129628,,,,
BraTS-GLI-02953-101,02953,101,5347040,"182,218,182",0.0,6855.0263671875,439.9112243652344,884.0025024414062,20.991556331560364,5410919,"182,218,182",0.0,4224.111328125,441.4382629394531,883.6641845703125,20.991556331560364,5472255,"182,218,182",0.0,1389.2730712890625,105.24224853515625,220.36886596679688,20.991556331560364,5406947,"182,218,182",0.0,2893.666015625,160.89764404296875,372.849365234375,20.991556331560364,35267,"182,218,182",3,13953,13953.0,11876.0,11876.0,13953,13953.0,11876,11876.0,0,0.0,0,0.0,0.0016446402674853123,,,,
BraTS-GLI-02954-100,02954,100,6399554,"182,218,182",0.0,2967.94091796875,179.10072326660156,333.132568359375,25.02931713915684,6516224,"182,218,182",0.0,1135.8759765625,120.91874694824219,226.38638305664062,25.02931713915684,6445433,"182,218,182",0.0,941.7802734375,80.51121520996094,152.779052734375,25.02974644067496,6518348,"182,218,182",0.0,2777.315673828125,184.92385864257812,370.0670471191406,25.02931713915684,31654,"182,218,182",3,8076,8076.0,1180.0,1180.0,8076,8076.0,1180,1180.0,0,0.0,0,0.0,0.00016341154560733148,,,,
BraTS-GLI-02955-100,02955,100,5080116,"182,218,182",0.0,9621.4716796875,526.3341064453125,1136.603271484375,19.756289682693552,5169567,"182,218,182",0.0,3959.167724609375,393.14373779296875,849.068115234375,19.756289682693552,5081490,"182,218,182",0.0,2418.297607421875,197.43386840820312,430.6338806152344,19.75606810771646,5148128,"182,218,182",0.0,5540.892578125,278.1025085449219,702.1874389648438,19.756289682693552,38575,"182,218,182",5,16862,16862.0,322.0,322.0,30848,30848.0,322,322.0,1163,1163.0,13986,13986.0,4.4591964140305706e-05,13986.0,13986.0,1163.0,1163.0
BraTS-GLI-02954-101,02954,101,6004460,"182,218,182",0.0,2869.37158203125,145.42054748535156,277.0392761230469,23.910225020467987,6176715,"182,218,182",0.0,1082.749755859375,123.16312408447266,232.56285095214844,23.910225020467987,6109741,"182,218,182",0.0,1430.7174072265625,166.15919494628906,315.59271240234375,23.910225020467987,6166155,"182,218,182",0.0,2143.842529296875,148.2381591796875,303.2395935058594,23.910225020467987,31616,"182,218,182",3,8090,8090.0,935.0,935.0,8090,8090.0,935,935.0,0,0.0,0,0.0,0.00012948287723970757,,,,
BraTS-GLI-02955-101,02955,101,5007170,"182,218,182",0.0,8423.7041015625,415.0835876464844,895.4464721679688,19.491839947531044,5022453,"182,218,182",0.0,4875.3720703125,515.5015869140625,1095.8663330078125,19.491839947531044,4992513,"182,218,182",0.0,2087.96240234375,157.7238006591797,344.7424621582031,19.491839947531044,5026432,"182,218,182",0.0,4467.0185546875,304.34503173828125,691.4290161132812,19.491839947531044,47960,"182,218,182",4,68944,68944.0,,,83042,83042.0,0,0.0,2577,2577.0,14098,14098.0,0.0,14098.0,14098.0,2577.0,2577.0
BraTS-GLI-02957-101,02957,101,5457973,"182,218,182",0.0,7691.56298828125,513.3250122070312,1027.4130859375,21.42287972134731,5562682,"182,218,182",0.0,3474.229736328125,435.1414794921875,877.5974731445312,21.42287972134731,5474485,"182,218,182",0.0,1810.287841796875,171.0830535888672,348.19921875,21.42287972134731,5440012,"182,218,182",0.0,4119.28759765625,291.6683654785156,603.6981811523438,21.42287972134731,32398,"182,218,182",3,5889,5889.0,6007.0,6007.0,5889,5889.0,6007,6007.0,0,0.0,0,0.0,0.0008318755546298645,,,,
BraTS-GLI-02957-100,02957,100,5625667,"182,218,182",0.0,8921.5263671875,702.4595947265625,1375.9344482421875,22.17095838932718,5724690,"182,218,182",0.0,4106.5224609375,539.941650390625,1075.074951171875,22.17095838932718,5677276,"182,218,182",0.0,2064.03271484375,231.14695739746094,465.92437744140625,22.172384778242225,5712548,"182,218,182",0.0,4055.900146484375,296.2286376953125,608.1767578125,22.17095838932718,32681,"182,218,182",3,7055,7055.0,6262.0,6262.0,7055,7055.0,6262,6262.0,0,0.0,0,0.0,0.0008671890666043302,,,,
BraTS-GLI-02958-100,02958,100,4687243,"182,218,182",0.0,5862.15771484375,281.1654968261719,641.0944213867188,18.257556537625096,5297148,"182,218,182",0.0,5763.97314453125,445.8902587890625,997.383544921875,20.09280667915611,4731822,"182,218,182",0.0,2729.968505859375,182.56809997558594,423.3203430175781,18.2568087220774,4744744,"182,218,182",0.0,3632.079833984375,253.146484375,595.5023193359375,18.257556537625096,46200,"182,218,182",5,50735,50735.0,9175.0,9175.0,55419,55419.0,9175,9175.0,40,40.0,4684,4684.0,0.0012705940092773442,4684.0,4684.0,40.0,40.0
BraTS-GLI-02958-101,02958,101,4426206,"182,218,182",0.0,1763.8472900390625,109.87483215332031,244.2278289794922,17.515778908056355,5241773,"182,218,182",0.0,5322.02587890625,445.15582275390625,987.6832885742188,19.958061396210404,4506224,"182,218,182",0.0,2592.888671875,175.1577911376953,407.90386962890625,17.515778908056355,4474076,"182,218,182",0.0,2803.986328125,203.52293395996094,474.2889709472656,17.515778908056355,52957,"182,218,182",5,62515,62515.0,5697.0,5697.0,80385,80385.0,5697,5697.0,2782,2782.0,17870,17870.0,0.0007889454028177689,17870.0,17870.0,2782.0,2782.0
BraTS-GLI-02959-100,02959,100,5434237,"182,218,182",0.0,11104.4873046875,466.6244812011719,984.9705810546875,20.916096203423553,5469277,"182,218,182",0.0,3259.6455078125,396.1794128417969,834.4998168945312,20.916096203423553,5420777,"182,218,182",0.0,2119.679443359375,155.44821166992188,331.74853515625,20.916913261151592,5466542,"182,218,182",0.0,1344.7086181640625,89.75257873535156,208.7510986328125,20.916096203423553,43779,"182,218,182",5,29004,29004.0,7949.0,7949.0,35512,35512.0,7949,7949.0,1537,1537.0,6508,6508.0,0.0011008121830785407,6508.0,6508.0,1537.0,1537.0
BraTS-GLI-02959-101,02959,101,5157473,"182,218,182",0.0,10883.9970703125,599.2833862304688,1266.4371337890625,20.231886522591232,5218394,"182,218,182",0.0,4402.1220703125,489.484619140625,1049.9385986328125,20.155249277388606,5188588,"182,218,182",0.0,2236.732177734375,172.92523193359375,371.4096374511719,20.231886522591232,5197068,"182,218,182",0.0,3913.361083984375,303.7983093261719,665.5098876953125,20.231886522591232,46488,"182,218,182",5,34796,34796.0,6222.0,6222.0,42778,42778.0,6222,6222.0,46,46.0,7982,7982.0,0.000861649692176963,7982.0,7982.0,46.0,46.0
BraTS-GLI-02960-100,02960,100,5713127,"182,218,182",0.0,5918.41650390625,421.169677734375,830.9561157226562,22.016312903751153,5725642,"182,218,182",0.0,3444.639404296875,392.697998046875,775.2303466796875,22.016312903751153,5799935,"182,218,182",0.0,1273.3089599609375,99.7325439453125,206.13912963867188,22.01548199758705,5708470,"182,218,182",0.0,2777.82763671875,193.42495727539062,432.73992919921875,22.016312903751153,45473,"182,218,182",4,45097,45097.0,5772.0,5772.0,47757,47757.0,5772,5772.0,0,0.0,2660,2660.0,0.0007993317298690824,2660.0,2660.0,,
BraTS-GLI-02960-101,02960,101,5572215,"182,218,182",0.0,7527.71240234375,437.3254699707031,864.8223876953125,21.831796341575554,5600078,"182,218,182",0.0,4068.30908203125,375.2525634765625,734.78125,21.831796341575554,5675577,"182,218,182",0.0,1105.822509765625,84.1911849975586,173.82260131835938,21.831796341575554,5572956,"182,218,182",0.0,2880.78271484375,195.4383544921875,437.8763732910156,21.730688909840033,51092,"182,218,182",5,56855,56855.0,7487.0,7487.0,73147,73147.0,7487,7487.0,1423,1423.0,16292,16292.0,0.0010368324084424497,16292.0,16292.0,1423.0,1423.0
BraTS-GLI-02961-100,02961,100,6160437,"182,218,182",0.0,8908.7001953125,534.61474609375,1030.1627197265625,23.764054777765836,6191070,"182,218,182",0.0,3374.656005859375,382.5166320800781,740.8175048828125,23.764054777765836,6102462,"182,218,182",0.0,3024.099853515625,264.21612548828125,516.468505859375,23.76437329179541,6200389,"182,218,182",0.0,5961.27734375,401.5433349609375,916.3099975585938,23.764054777765836,48827,"182,218,182",4,54625,54625.0,8057.0,8057.0,60523,60523.0,8057,8057.0,0,0.0,5898,5898.0,0.001115768494032432,5898.0,5898.0,,
BraTS-GLI-02962-100,02962,100,5384985,"182,218,182",0.0,9314.3720703125,444.94598388671875,927.7163696289062,20.75315550464255,5307249,"182,218,182",0.0,4978.88818359375,564.681396484375,1150.07958984375,20.75315550464255,5333958,"182,218,182",0.0,1986.4033203125,189.34866333007812,397.72686767578125,20.753446321799988,5380269,"182,218,182",0.0,4537.5498046875,321.31463623046875,687.3935546875,20.75315550464255,76621,"182,218,182",5,173180,173180.0,2343.0,2343.0,199422,199422.0,2343,2343.0,5654,5654.0,26242,26242.0,0.0003244688570830319,26242.0,26242.0,5654.0,5654.0
BraTS-GLI-02961-101,02961,101,5942506,"182,218,182",0.0,11025.2724609375,528.0947875976562,1032.8330078125,23.565717476393957,6054574,"182,218,182",0.0,5432.10400390625,653.2227172851562,1234.584228515625,23.565717476393957,6023012,"182,218,182",0.0,2223.645263671875,189.4016571044922,369.1092834472656,23.565717476393957,6089161,"182,218,182",0.0,4858.77197265625,426.78228759765625,866.3226928710938,23.565717476393957,56257,"182,218,182",5,69959,69959.0,5614.0,5614.0,84868,84868.0,5614,5614.0,1265,1265.0,14909,14909.0,0.0007774512008809821,14909.0,14909.0,1265.0,1265.0
BraTS-GLI-02962-101,02962,101,4844599,"182,218,182",0.0,8357.6015625,431.6601257324219,930.9513549804688,19.016603166971148,4909120,"182,218,182",0.0,4208.5400390625,377.787109375,798.09521484375,19.016603166971148,4951697,"182,218,182",0.0,1151.2630615234375,99.33930969238281,215.4956512451172,19.016603166971148,4890087,"182,218,182",0.0,2577.532470703125,150.16160583496094,349.0723876953125,19.016603166971148,70530,"182,218,182",4,148180,148180.0,,,169922,169922.0,0,0.0,4776,4776.0,21742,21742.0,0.0,21742.0,21742.0,4776.0,4776.0
BraTS-GLI-02965-101,02965,101,5200067,"182,218,182",0.0,6458.7119140625,396.54962158203125,808.339599609375,20.432716542455427,5210362,"182,218,182",0.0,4028.886962890625,351.2090759277344,712.1105346679688,20.432716542455427,5303826,"182,218,182",0.0,1452.5885009765625,110.60526275634766,235.65902709960938,20.432716542455427,5259050,"182,218,182",0.0,2629.564697265625,162.28497314453125,368.8258056640625,20.432716542455427,38662,"182,218,182",5,18493,18493.0,7088.0,7088.0,23759,23759.0,7088,7088.0,225,225.0,5266,5266.0,0.0009815771485294624,5266.0,5266.0,225.0,225.0
BraTS-GLI-02965-100,02965,100,5462428,"182,218,182",0.0,6335.6376953125,372.8871765136719,753.0585327148438,21.2240715731491,5367578,"182,218,182",0.0,3350.802001953125,322.3465881347656,649.6333618164062,21.2240715731491,5558577,"182,218,182",0.0,1396.4898681640625,100.86936950683594,211.2318878173828,21.22477784338859,5543469,"182,218,182",0.0,2673.055419921875,160.0738525390625,360.55645751953125,21.2240715731491,38868,"182,218,182",5,20077,20077.0,6983.0,6983.0,26407,26407.0,6983,6983.0,270,270.0,6330,6330.0,0.0009670362906576234,6330.0,6330.0,270.0,270.0
BraTS-GLI-02967-100,02967,100,5985601,"182,218,182",0.0,9193.822265625,485.9037170410156,943.1802978515625,23.09464907509065,5949484,"182,218,182",0.0,4601.81298828125,631.0592651367188,1227.5009765625,23.09464907509065,5900252,"182,218,182",0.0,2315.6552734375,216.221435546875,422.676513671875,23.094898346939882,5949919,"182,218,182",0.0,3884.151123046875,330.21002197265625,653.1868286132812,23.09464907509065,43155,"182,218,182",5,33722,33722.0,2922.0,2922.0,38991,38991.0,2922,2922.0,695,695.0,5269,5269.0,0.00040465130191917164,5269.0,5269.0,695.0,695.0
BraTS-GLI-02968-100,02968,100,5445889,"182,218,182",0.0,6613.5244140625,449.7068786621094,911.4088745117188,21.169411795987056,5445778,"182,218,182",0.0,6577.28759765625,449.5271911621094,911.1389770507812,21.169411795987056,5428675,"182,218,182",0.0,731.8057861328125,53.395660400390625,110.77182006835938,21.16892710072466,5415489,"182,218,182",0.0,2791.413330078125,172.3706512451172,384.9316101074219,21.169411795987056,34003,"182,218,182",4,9749,9749.0,6481.0,6481.0,10055,10055.0,6481,6481.0,0,0.0,306,306.0,0.0008975171415941654,306.0,306.0,,
BraTS-GLI-02967-101,02967,101,5518892,"182,218,182",0.0,6095.25244140625,406.0810546875,790.4287109375,21.8213407723439,5608782,"182,218,182",0.0,3730.12890625,398.0575256347656,770.524658203125,21.8213407723439,5606780,"182,218,182",0.0,1753.2509765625,150.1295623779297,304.312255859375,21.8213407723439,5532127,"182,218,182",0.0,2872.170654296875,185.95181274414062,397.53167724609375,21.8213407723439,49896,"182,218,182",5,59269,59269.0,179.0,179.0,73711,73711.0,179,179.0,1251,1251.0,14442,14442.0,2.478870056246808e-05,14442.0,14442.0,1251.0,1251.0
BraTS-GLI-02968-101,02968,101,5318957,"182,218,182",0.0,7788.48046875,418.1781311035156,847.6354370117188,20.91447593640355,5385726,"182,218,182",0.0,4069.41162109375,391.3558654785156,786.5361328125,20.91447593640355,5421744,"182,218,182",0.0,1560.543701171875,111.00532531738281,230.32374572753906,20.91447593640355,5393681,"182,218,182",0.0,2606.46240234375,152.16134643554688,349.20330810546875,20.91447593640355,34388,"182,218,182",4,11021,11021.0,3281.0,3281.0,11550,11550.0,3281,3281.0,0,0.0,529,529.0,0.000454367187404792,529.0,529.0,,
BraTS-GLI-02969-100,02969,100,4844723,"182,218,182",0.0,6386.93359375,396.1700439453125,881.7785034179688,18.540853994276716,4847861,"182,218,182",0.0,2934.63330078125,290.7684020996094,657.1698608398438,18.540853994276716,4832380,"182,218,182",0.0,1640.0447998046875,118.4251708984375,271.6828308105469,18.541089417689882,4853872,"182,218,182",0.0,5145.1982421875,287.9111328125,743.9366455078125,18.540853994276716,35362,"182,218,182",5,7277,7277.0,1427.0,1427.0,15661,15661.0,1427,1427.0,270,270.0,8384,8384.0,0.00019761718269632373,8384.0,8384.0,270.0,270.0
BraTS-GLI-02969-101,02969,101,4640334,"182,218,182",0.0,7749.712890625,405.180908203125,909.417236328125,18.03317032800852,4691646,"182,218,182",0.0,3468.37744140625,333.9477233886719,753.8208618164062,18.03317032800852,4636366,"182,218,182",0.0,2249.70654296875,153.16790771484375,352.6121826171875,18.03317032800852,4629160,"182,218,182",0.0,3517.1748046875,230.1608428955078,551.625732421875,18.03317032800852,37845,"182,218,182",5,10550,10550.0,271.0,271.0,24376,24376.0,271,271.0,2518,2518.0,13826,13826.0,3.752926174541257e-05,13826.0,13826.0,2518.0,2518.0
BraTS-GLI-02970-100,02970,100,6186579,"182,218,182",0.0,7666.81689453125,488.6180725097656,911.3610229492188,24.04282379582309,6212581,"182,218,182",0.0,3890.08544921875,417.43719482421875,776.4022216796875,24.04282379582309,6243001,"182,218,182",0.0,1286.375732421875,136.54931640625,260.61505126953125,24.042602220845996,6268285,"182,218,182",0.0,2703.3837890625,163.5902557373047,335.2250061035156,24.04282379582309,43520,"182,218,182",4,46856,46856.0,15274.0,15274.0,48396,48396.0,15274,15274.0,0,0.0,1540,1540.0,0.0021152101250901533,1540.0,1540.0,,
BraTS-GLI-02970-101,02970,101,5951399,"182,218,182",0.0,8447.515625,499.0797424316406,937.0702514648438,23.51778803916116,6021691,"182,218,182",0.0,3715.683837890625,414.0669860839844,766.4329223632812,23.51778803916116,6120666,"182,218,182",0.0,1178.4107666015625,108.6687240600586,210.68263244628906,23.51778803916116,5999089,"182,218,182",0.0,2718.8564453125,172.59957885742188,349.5907287597656,23.51778803916116,44970,"182,218,182",4,50771,50771.0,15885.0,15885.0,52369,52369.0,15885,15885.0,0,0.0,1598,1598.0,0.002199824069468187,1598.0,1598.0,,
BraTS-GLI-02972-100,02972,100,5760608,"182,218,182",0.0,6029.89013671875,432.2377014160156,863.0658569335938,22.12607560802943,5776272,"182,218,182",0.0,3333.650634765625,393.0104064941406,784.715087890625,22.12607560802943,5784534,"182,218,182",0.0,999.1118774414062,79.31497955322266,164.5786590576172,22.12541088309815,5721590,"182,218,182",0.0,2819.21484375,197.13319396972656,432.7537536621094,22.12607560802943,93040,"182,218,182",4,165510,165510.0,13466.0,13466.0,178799,178799.0,13466,13466.0,0,0.0,13289,13289.0,0.0018648304009731573,13289.0,13289.0,,
BraTS-GLI-02972-101,02972,101,5457972,"182,218,182",0.0,8552.5458984375,445.75738525390625,894.6432495117188,21.403034912461266,5526103,"182,218,182",0.0,4530.65087890625,419.6999816894531,829.6905517578125,21.403034912461266,5575313,"182,218,182",0.0,1385.5772705078125,112.45386505126953,235.18370056152344,21.403034912461266,5464092,"182,218,182",0.0,2878.734619140625,192.23538208007812,424.885498046875,21.403034912461266,99761,"182,218,182",4,185586,185586.0,15869.0,15869.0,208732,208732.0,15869,15869.0,0,0.0,23146,23146.0,0.00219760831969724,23146.0,23146.0,,
BraTS-GLI-02973-101,02973,101,4934201,"182,218,182",0.0,6412.373046875,376.8097229003906,790.2012329101562,19.377714985891213,4974550,"182,218,182",0.0,3872.939697265625,340.19195556640625,711.583740234375,19.377714985891213,5016317,"182,218,182",0.0,1500.4493408203125,108.34925079345703,237.3994598388672,19.377714985891213,4926987,"182,218,182",0.0,2718.16162109375,154.1776885986328,354.2816467285156,19.377714985891213,45285,"182,218,182",5,32928,32928.0,185.0,185.0,41232,41232.0,185,185.0,2683,2683.0,8304,8304.0,2.5619606726573154e-05,8304.0,8304.0,2683.0,2683.0
BraTS-GLI-02973-100,02973,100,5112882,"182,218,182",0.0,7337.61279296875,403.9190673828125,853.9155883789062,19.806019416615243,5139238,"182,218,182",0.0,4251.7236328125,360.42803955078125,756.6446533203125,19.806019416615243,5140008,"182,218,182",0.0,1520.351806640625,113.27847290039062,248.21307373046875,19.789442838641346,5099359,"182,218,182",0.0,2716.213623046875,155.56317138671875,357.15020751953125,19.806019416615243,46131,"182,218,182",5,41764,41764.0,127.0,127.0,50880,50880.0,127,127.0,2481,2481.0,9116,9116.0,1.758751380689076e-05,9116.0,9116.0,2481.0,2481.0
BraTS-GLI-02976-100,02976,100,5151438,"182,218,182",0.0,10309.484375,554.3211059570312,1171.8388671875,20.180453431033126,5204286,"182,218,182",0.0,4663.03857421875,496.8302307128906,1042.18017578125,20.180453431033126,5257998,"182,218,182",0.0,2013.6708984375,121.72089385986328,264.49462890625,20.181021216911933,5226086,"182,218,182",0.0,3814.6171875,231.59471130371094,549.6998901367188,20.180453431033126,42870,"182,218,182",4,39827,39827.0,4392.0,4392.0,39996,39996.0,4392,4392.0,0,0.0,169,169.0,0.0006082233121249151,169.0,169.0,,
BraTS-GLI-02977-100,02977,100,4668929,"182,218,182",0.0,9272.8876953125,435.5835266113281,969.8465576171875,18.246159274740787,4743692,"182,218,182",0.0,4288.13037109375,372.20172119140625,821.65185546875,18.246159274740787,4773607,"182,218,182",0.0,1345.70458984375,96.6093521118164,218.3253173828125,18.246297759101466,4723456,"182,218,182",0.0,2721.52978515625,138.03018188476562,339.7382507324219,18.246159274740787,35666,"182,218,182",4,10975,10975.0,8252.0,8252.0,11194,11194.0,8252,8252.0,0,0.0,219,219.0,0.0011427729443658468,219.0,219.0,,
BraTS-GLI-02976-101,02976,101,4793083,"182,218,182",0.0,7591.19189453125,377.267822265625,822.4192504882812,18.749605319572048,4856300,"182,218,182",0.0,3968.813720703125,361.7748107910156,779.2796630859375,18.749605319572048,4903828,"182,218,182",0.0,1320.4571533203125,89.20722198486328,201.5013427734375,18.749605319572048,4850193,"182,218,182",0.0,2614.70556640625,155.03929138183594,374.50555419921875,18.749605319572048,50757,"182,218,182",5,68800,68800.0,3479.0,3479.0,74721,74721.0,3479,3479.0,235,235.0,5921,5921.0,0.0004817870908202595,5921.0,5921.0,235.0,235.0
BraTS-GLI-02977-101,02977,101,4482612,"182,218,182",0.0,10156.8701171875,419.17291259765625,945.925537109375,17.672695537147597,4574723,"182,218,182",0.0,4983.85888671875,352.9646911621094,782.3671264648438,17.672695537147597,4620981,"182,218,182",0.0,1209.109130859375,84.08016204833984,192.6067352294922,17.672695537147597,4493585,"182,218,182",0.0,2722.720703125,140.90724182128906,344.08026123046875,17.672695537147597,35887,"182,218,182",3,13574,13574.0,9233.0,9233.0,13574,13574.0,9233,9233.0,0,0.0,0,0.0,0.0012786261021970266,,,,
BraTS-GLI-02978-100,02978,100,5981905,"182,218,182",0.0,3831.324951171875,296.27606201171875,556.0012817382812,23.734294488654808,5993987,"182,218,182",0.0,2273.944091796875,278.2800598144531,521.75634765625,23.734294488654808,6146031,"182,218,182",0.0,1501.640625,135.92333984375,261.05584716796875,23.733352795002155,6055611,"182,218,182",0.0,2062.6416015625,172.3570098876953,333.6922912597656,23.734294488654808,40522,"182,218,182",5,18787,18787.0,9185.0,9185.0,26563,26563.0,9185,9185.0,40,40.0,7776,7776.0,0.001271978852884186,7776.0,7776.0,40.0,40.0
BraTS-GLI-02978-101,02978,101,5853696,"182,218,182",0.0,6953.0009765625,497.6041564941406,938.3635864257812,23.054363974567625,5910788,"182,218,182",0.0,3825.472412109375,419.0086975097656,779.9199829101562,23.054363974567625,5944126,"182,218,182",0.0,1529.3812255859375,136.61138916015625,264.53717041015625,23.054363974567625,5862434,"182,218,182",0.0,2579.338134765625,188.40325927734375,383.68695068359375,23.054363974567625,49610,"182,218,182",5,47178,47178.0,3101.0,3101.0,66745,66745.0,3101,3101.0,1837,1837.0,19567,19567.0,0.00042944000248163974,19567.0,19567.0,1837.0,1837.0
BraTS-GLI-02980-100,02980,100,4542869,"182,218,182",0.0,4850.4111328125,235.90066528320312,539.0206298828125,17.8084517559263,4643303,"182,218,182",0.0,2595.12939453125,283.0362243652344,650.6705322265625,17.8084517559263,4574474,"182,218,182",0.0,2560.622314453125,186.79721069335938,431.01104736328125,17.80827172625741,4615237,"182,218,182",0.0,3803.89892578125,199.87257385253906,494.5113830566406,17.8084517559263,34391,"182,218,182",3,15789,15789.0,6122.0,6122.0,15789,15789.0,6122,6122.0,0,0.0,0,0.0,0.0008478012561085452,,,,
BraTS-GLI-02980-101,02980,101,4314300,"182,218,182",0.0,2176.23779296875,111.734375,261.2939147949219,16.88927566032113,4381461,"182,218,182",0.0,993.617919921875,100.28900909423828,236.65936279296875,16.88927566032113,4340120,"182,218,182",0.0,1633.274658203125,130.49496459960938,307.34918212890625,16.88927566032113,4326658,"182,218,182",0.0,3104.91552734375,144.5848388671875,364.1942138671875,16.88927566032113,33639,"182,218,182",3,15014,15014.0,5820.0,5820.0,15014,15014.0,5820,5820.0,0,0.0,0,0.0,0.000805978979181923,,,,
BraTS-GLI-02981-100,02981,100,4871960,"182,218,182",0.0,6306.4931640625,352.72412109375,781.0825805664062,18.71269923744972,4858618,"182,218,182",0.0,4456.46533203125,480.4411926269531,1075.4334716796875,18.71269923744972,4831290,"182,218,182",0.0,1912.5810546875,145.491943359375,329.47381591796875,18.713336265508865,4827167,"182,218,182",0.0,3953.142578125,251.94361877441406,582.6493530273438,18.71269923744972,36367,"182,218,182",3,8527,8527.0,37986.0,37986.0,8527,8527.0,37986,37986.0,0,0.0,0,0.0,0.005260466924949232,,,,
BraTS-GLI-02981-101,02981,101,4388777,"182,218,182",0.0,8103.0732421875,366.6329650878906,836.257568359375,17.194910644351115,4455900,"182,218,182",0.0,4630.8896484375,336.24981689453125,762.450927734375,17.194910644351115,4467002,"182,218,182",0.0,1390.0091552734375,99.9098892211914,233.73150634765625,17.194910644351115,4442017,"182,218,182",0.0,2736.193115234375,124.67752838134766,317.8279113769531,17.194910644351115,36629,"182,218,182",3,9064,9064.0,36276.0,36276.0,9064,9064.0,36276,36276.0,0,0.0,0,0.0,0.005023658668179285,,,,
BraTS-GLI-02982-100,02982,100,5840322,"182,218,182",0.0,2944.32080078125,166.55259704589844,330.0470275878906,22.881784764283,5966575,"182,218,182",0.0,1007.1473388671875,114.86502075195312,225.30447387695312,22.881784764283,5869098,"182,218,182",0.0,986.3159790039062,79.361083984375,156.5279083251953,22.88110619091565,5979694,"182,218,182",0.0,2040.260986328125,144.42852783203125,297.33642578125,22.881784764283,35665,"182,218,182",3,19806,19806.0,10053.0,10053.0,19806,19806.0,10053,10053.0,0,0.0,0,0.0,0.0013921832779580537,,,,
BraTS-GLI-02982-101,02982,101,5501015,"182,218,182",0.0,3122.146240234375,153.65806579589844,309.7198486328125,22.068701537397978,5708795,"182,218,182",0.0,1135.5223388671875,117.3873062133789,232.04837036132812,22.068701537397978,5583547,"182,218,182",0.0,882.26171875,65.02032470703125,129.4838104248047,22.068701537397978,5691235,"182,218,182",0.0,1900.0914306640625,120.42752075195312,249.92306518554688,22.068701537397978,35489,"182,218,182",3,20206,20206.0,9788.0,9788.0,20206,20206.0,9788,9788.0,0,0.0,0,0.0,0.001355484922376746,,,,
BraTS-GLI-02983-100,02983,100,5480471,"182,218,182",0.0,3936.347412109375,295.31549072265625,580.8546142578125,21.787924496110804,5483804,"182,218,182",0.0,2607.25146484375,251.38766479492188,494.9013366699219,21.787924496110804,5668815,"182,218,182",0.0,1407.606201171875,121.25666046142578,245.5992889404297,21.788118374215763,5628216,"182,218,182",0.0,1795.9722900390625,140.33827209472656,285.1392822265625,21.787924496110804,36445,"182,218,182",4,18101,18101.0,10127.0,10127.0,18586,18586.0,10127,10127.0,0,0.0,485,485.0,0.0014024311206486829,485.0,485.0,,
BraTS-GLI-02983-101,02983,101,5115021,"182,218,182",0.0,9225.359375,443.8773498535156,909.4303588867188,20.26636912840159,5206350,"182,218,182",0.0,4605.95947265625,416.7433776855469,841.8428344726562,20.26636912840159,5239324,"182,218,182",0.0,1490.5986328125,118.90605926513672,248.5849609375,20.26636912840159,5220291,"182,218,182",0.0,2525.084228515625,140.67520141601562,310.7420349121094,20.26636912840159,35917,"182,218,182",4,12301,12301.0,9269.0,9269.0,14146,14146.0,9269,9269.0,0,0.0,1845,1845.0,0.001283611539181657,1845.0,1845.0,,
BraTS-GLI-02984-101,02984,101,5072803,"182,218,182",0.0,10528.912109375,616.6148681640625,1280.10205078125,20.112028308419074,5166653,"182,218,182",0.0,4180.2958984375,499.5717468261719,1032.1025390625,20.112028308419074,5138719,"182,218,182",0.0,1987.7998046875,176.35267639160156,375.1265869140625,20.112028308419074,5154262,"182,218,182",0.0,4222.46240234375,314.6029968261719,672.08349609375,20.112028308419074,56462,"182,218,182",3,90715,90715.0,1508.0,1508.0,90715,90715.0,1508,1508.0,0,0.0,0,0.0,0.00020883441591174225,,,,
BraTS-GLI-02984-100,02984,100,5306213,"182,218,182",0.0,6592.00927734375,431.8121337890625,890.6090698242188,20.4736386710376,5319037,"182,218,182",0.0,2766.1513671875,347.4224853515625,718.0172119140625,20.4736386710376,5307112,"182,218,182",0.0,1292.0423583984375,126.65486907958984,268.4693298339844,20.47391563975897,5256759,"182,218,182",0.0,2360.785888671875,154.88665771484375,336.8775939941406,20.4736386710376,56518,"182,218,182",2,105038,105038.0,,,105038,105038.0,0,0.0,0,0.0,0,0.0,0.0,,,,
BraTS-GLI-02985-101,02985,101,4799260,"182,218,182",0.0,6439.77294921875,387.79888916015625,830.7208251953125,18.758897620173958,4839516,"182,218,182",0.0,3350.654541015625,403.3479919433594,862.4806518554688,18.758897620173958,4886588,"182,218,182",0.0,1443.79541015625,101.3171615600586,226.12501525878906,18.758897620173958,4797992,"182,218,182",0.0,1870.333984375,132.9759521484375,295.5259094238281,18.758897620173958,35266,"182,218,182",3,21339,21339.0,6978.0,6978.0,21339,21339.0,6978,6978.0,0,0.0,0,0.0,0.0009663438688542026,,,,
BraTS-GLI-02985-100,02985,100,5088613,"182,218,182",0.0,3944.315673828125,294.8860168457031,613.2467041015625,20.099218505055788,5086071,"182,218,182",0.0,2632.918212890625,257.8464050292969,538.6614990234375,20.099218505055788,5281393,"182,218,182",0.0,1434.663330078125,105.24602508544922,227.32620239257812,20.154736885254074,5203948,"182,218,182",0.0,1872.68017578125,136.24400329589844,294.8901062011719,20.099218505055788,35141,"182,218,182",4,19987,19987.0,7929.0,7929.0,20057,20057.0,7929,7929.0,0,0.0,70,70.0,0.001098042495864857,70.0,70.0,,
BraTS-GLI-02987-100,02987,100,6098017,"182,218,182",0.0,3865.135009765625,183.3248291015625,355.89764404296875,23.874703781952498,6098551,"182,218,182",0.0,1571.4500732421875,199.883056640625,378.7296142578125,23.874703781952498,6165928,"182,218,182",0.0,2275.13427734375,175.56051635742188,346.2703857421875,23.87468993351643,6130415,"182,218,182",0.0,3134.586181640625,219.80380249023438,452.9112548828125,23.874703781952498,53685,"182,218,182",4,68473,68473.0,15515.0,15515.0,86023,86023.0,15515,15515.0,0,0.0,17550,17550.0,0.0021485848560150404,17550.0,17550.0,,
BraTS-GLI-02988-101,02988,101,5802523,"182,218,182",0.0,10447.71484375,768.634521484375,1453.127197265625,23.070940552541522,5907536,"182,218,182",0.0,4988.25341796875,636.8509521484375,1214.2685546875,23.070940552541522,5854260,"182,218,182",0.0,2343.597900390625,219.6434783935547,423.59417724609375,23.070940552541522,5937298,"182,218,182",0.0,5598.751953125,424.16424560546875,838.6605834960938,23.070940552541522,35626,"182,218,182",4,18174,18174.0,14253.0,14253.0,18516,18516.0,14253,14253.0,0,0.0,342,342.0,0.0019738175928316064,342.0,342.0,,
BraTS-GLI-02988-100,02988,100,6091882,"182,218,182",0.0,6771.15087890625,642.9172973632812,1203.145751953125,23.88377450757731,6213867,"182,218,182",0.0,3098.475830078125,440.2964172363281,835.8556518554688,23.88377450757731,6128563,"182,218,182",0.0,1780.63427734375,169.60653686523438,323.7061767578125,23.8844807778168,6111427,"182,218,182",0.0,3724.87255859375,283.7829284667969,553.167236328125,23.88377450757731,35763,"182,218,182",4,19214,19214.0,11746.0,11746.0,20372,20372.0,11746,11746.0,0,0.0,1158,1158.0,0.001626637300596369,1158.0,1158.0,,
BraTS-GLI-02987-101,02987,101,5796445,"182,218,182",0.0,2841.0654296875,144.47264099121094,281.9134521484375,23.155097498529294,5900008,"182,218,182",0.0,1361.9210205078125,177.42601013183594,336.6556396484375,23.155097498529294,5970011,"182,218,182",0.0,1807.89501953125,136.87435913085938,271.2540283203125,23.155097498529294,5855691,"182,218,182",0.0,3413.426025390625,227.54388427734375,477.90679931640625,23.155097498529294,51616,"182,218,182",5,37708,37708.0,26339.0,26339.0,63377,63377.0,26339,26339.0,1841,1841.0,25669,25669.0,0.0036475395760605963,25669.0,25669.0,1841.0,1841.0
BraTS-GLI-02989-100,02989,100,4699264,"182,218,182",0.0,10679.591796875,662.0355224609375,1454.3568115234375,18.489891749544938,4749477,"182,218,182",0.0,5337.921875,616.2152709960938,1372.9127197265625,18.489891749544938,4752277,"182,218,182",0.0,2712.31103515625,196.5214385986328,444.6568603515625,18.489573235515365,4856808,"182,218,182",0.0,6004.58154296875,380.73516845703125,879.2590942382812,18.489891749544938,36151,"182,218,182",4,16649,16649.0,1960.0,1960.0,17366,17366.0,1960,1960.0,0,0.0,717,717.0,0.00027142934694099124,717.0,717.0,,
BraTS-GLI-02991-100,02991,100,5686368,"182,218,182",0.0,6626.53857421875,458.7861022949219,906.7533569335938,21.974615262749147,5694215,"182,218,182",0.0,3759.913330078125,373.50762939453125,737.6122436523438,21.974615262749147,5745585,"182,218,182",0.0,1333.5435791015625,117.82832336425781,240.1227264404297,21.97338275193906,5759863,"182,218,182",0.0,2486.791748046875,138.57064819335938,301.1195068359375,21.974615262749147,39177,"182,218,182",5,13399,13399.0,45.0,45.0,25051,25051.0,45,45.0,8360,8360.0,11652,11652.0,6.2317962307880645e-06,11652.0,11652.0,8360.0,8360.0
BraTS-GLI-02989-101,02989,101,4521111,"182,218,182",0.0,9195.287109375,458.42034912109375,1041.604736328125,17.724294809938524,4603608,"182,218,182",0.0,3727.612060546875,389.6492614746094,890.4442138671875,17.724294809938524,4557270,"182,218,182",0.0,1844.226806640625,127.96493530273438,294.7604675292969,17.724294809938524,4583422,"182,218,182",0.0,5451.6533203125,297.6058349609375,713.8088989257812,17.724294809938524,38901,"182,218,182",5,21565,21565.0,1479.0,1479.0,24697,24697.0,1479,1479.0,266,266.0,3132,3132.0,0.00020481836945190107,3132.0,3132.0,266.0,266.0
BraTS-GLI-02992-101,02992,101,4625034,"182,218,182",0.0,6270.97802734375,316.7799377441406,700.2894287109375,18.262708155842546,4700584,"182,218,182",0.0,4412.00048828125,513.4603881835938,1143.4063720703125,18.262708155842546,4667417,"182,218,182",0.0,1965.50927734375,140.0200958251953,314.49847412109375,18.262708155842546,4631162,"182,218,182",0.0,3412.923583984375,209.8100128173828,480.9508056640625,18.262708155842546,33805,"182,218,182",3,18303,18303.0,1100.0,1100.0,18303,18303.0,1100,1100.0,0,0.0,0,0.0,0.00015233279675259714,,,,
BraTS-GLI-02992-100,02992,100,4821792,"182,218,182",0.0,8430.7001953125,478.16851806640625,1043.776123046875,18.850754296615772,4915957,"182,218,182",0.0,3680.887451171875,407.1955261230469,904.8418579101562,18.850754296615772,4853641,"182,218,182",0.0,2027.9239501953125,143.02398681640625,317.7030334472656,18.850920477848597,4914455,"182,218,182",0.0,5670.23046875,292.6198425292969,680.014404296875,18.850754296615772,33665,"182,218,182",3,19067,19067.0,1341.0,1341.0,19067,19067.0,1341,1341.0,0,0.0,0,0.0,0.00018570752767748432,,,,
BraTS-GLI-02991-101,02991,101,5471749,"182,218,182",0.0,7759.201171875,459.69427490234375,919.8206176757812,21.46464660452966,5490842,"182,218,182",0.0,3754.369140625,361.5880126953125,712.55517578125,21.46464660452966,5580743,"182,218,182",0.0,1193.2196044921875,93.46359252929688,193.52029418945312,21.46464660452966,5543395,"182,218,182",0.0,2529.60595703125,149.14047241210938,328.1810302734375,21.46464660452966,36719,"182,218,182",4,9103,9103.0,,,17013,17013.0,0,0.0,9121,9121.0,7910,7910.0,0.0,7910.0,7910.0,9121.0,9121.0
BraTS-GLI-02993-101,02993,101,4785136,"182,218,182",0.0,11575.2109375,562.8560180664062,1223.6580810546875,19.053384613168866,4935468,"182,218,182",0.0,3918.047607421875,429.9544372558594,941.6632080078125,19.053384613168866,4874756,"182,218,182",0.0,1934.04638671875,149.78929138183594,328.3928527832031,19.053384613168866,4868330,"182,218,182",0.0,4311.51123046875,269.996826171875,612.2492065429688,19.053384613168866,32295,"182,218,182",4,5215,5215.0,2256.0,2256.0,6380,6380.0,2256,2256.0,0,0.0,1165,1165.0,0.0003124207177035083,1165.0,1165.0,,
BraTS-GLI-02993-100,02993,100,5195911,"182,218,182",0.0,8462.7041015625,438.689208984375,937.9633178710938,19.99793104365138,5143738,"182,218,182",0.0,4941.90234375,621.3388061523438,1317.104248046875,19.99793104365138,5161461,"182,218,182",0.0,2113.714599609375,150.64134216308594,325.3584899902344,19.997958740523515,5167062,"182,218,182",0.0,4482.07666015625,283.1056213378906,628.0540161132812,19.99793104365138,32470,"182,218,182",4,5794,5794.0,1595.0,1595.0,7801,7801.0,1595,1595.0,0,0.0,2007,2007.0,0.00022088255529126584,2007.0,2007.0,,
BraTS-GLI-02994-100,02994,100,5360500,"182,218,182",0.0,7532.123046875,510.8518981933594,1080.4273681640625,20.623367961809336,6052628,"182,218,182",0.0,5920.87353515625,421.135498046875,893.2308349609375,22.875677603976825,5351686,"182,218,182",0.0,2857.634033203125,206.22967529296875,451.5563049316406,20.622966357163353,5392104,"182,218,182",0.0,3775.97314453125,342.5758361816406,750.9468383789062,20.623367961809336,45779,"182,218,182",3,56598,56598.0,19069.0,19069.0,56598,56598.0,19069,19069.0,0,0.0,0,0.0,0.0026407582738866135,,,,
BraTS-GLI-02994-101,02994,101,4798688,"182,218,182",0.0,11015.7861328125,467.4782409667969,1035.357666015625,18.850934326284662,4881043,"182,218,182",0.0,4648.16796875,326.3564758300781,705.09423828125,18.850934326284662,4881080,"182,218,182",0.0,2967.794921875,188.5093536376953,433.436279296875,18.850934326284662,4890276,"182,218,182",0.0,3066.983642578125,196.51341247558594,488.66754150390625,18.850934326284662,45546,"182,218,182",3,42938,42938.0,18007.0,18007.0,42938,42938.0,18007,18007.0,0,0.0,0,0.0,0.002493687882840015,,,,
BraTS-GLI-02995-101,02995,101,5701942,"182,218,182",0.0,3513.262939453125,161.88497924804688,329.23779296875,22.596479284401454,5865509,"182,218,182",0.0,1218.802490234375,109.6270751953125,218.3335723876953,22.596479284401454,5796696,"182,218,182",0.0,813.6136474609375,68.37024688720703,138.68482971191406,22.596479284401454,5831508,"182,218,182",0.0,2730.850830078125,172.9796905517578,380.405029296875,22.596479284401454,56659,"182,218,182",5,60219,60219.0,7978.0,7978.0,79016,79016.0,7978,7978.0,6112,6112.0,18797,18797.0,0.0011048282295383818,18797.0,18797.0,6112.0,6112.0
BraTS-GLI-02995-100,02995,100,6025441,"182,218,182",0.0,3468.560302734375,178.41078186035156,352.1125793457031,23.378500469185013,6094811,"182,218,182",0.0,1273.7510986328125,128.04876708984375,254.0695343017578,23.378500469185013,6097240,"182,218,182",0.0,933.5516967773438,81.73814392089844,164.03738403320312,23.379192890988435,6084059,"182,218,182",0.0,3301.205078125,226.0657501220703,483.6458435058594,23.378500469185013,55449,"182,218,182",5,65546,65546.0,6258.0,6258.0,89230,89230.0,6258,6258.0,7038,7038.0,23684,23684.0,0.0008666351291615936,23684.0,23684.0,7038.0,7038.0
BraTS-GLI-02997-100,02997,100,4832236,"182,218,182",0.0,3972.274658203125,170.5272979736328,384.31390380859375,18.836324226232485,4881014,"182,218,182",0.0,1870.8843994140625,129.30703735351562,287.26971435546875,18.836324226232485,4892216,"182,218,182",0.0,947.48974609375,66.28221893310547,149.68508911132812,18.836227287180005,4942874,"182,218,182",0.0,2591.054931640625,135.03343200683594,327.09259033203125,18.836324226232485,53197,"182,218,182",5,81012,81012.0,20881.0,20881.0,88698,88698.0,20881,20881.0,407,407.0,7686,7686.0,0.0028916919354463463,7686.0,7686.0,407.0,407.0
BraTS-GLI-02996-100,02996,100,6274516,"182,218,182",0.0,8665.3896484375,490.1693115234375,932.57763671875,24.277083940356448,6121670,"182,218,182",0.0,3362.295654296875,351.4871826171875,649.409912109375,24.277083940356448,6297066,"182,218,182",0.0,1690.3040771484375,158.69618225097656,307.7030334472656,24.282692556964157,6265319,"182,218,182",0.0,3118.50244140625,267.7581787109375,566.2767333984375,24.277083940356448,75684,"182,218,182",5,178603,178603.0,27734.0,27734.0,214487,214487.0,27734,27734.0,542,542.0,35884,35884.0,0.0038407252592150263,35884.0,35884.0,542.0,542.0
BraTS-GLI-02996-101,02996,101,6087960,"182,218,182",0.0,9512.5205078125,644.3405151367188,1236.1927490234375,23.853626462256365,6164923,"182,218,182",0.0,4098.14990234375,452.5617370605469,869.43359375,23.853626462256365,6131178,"182,218,182",0.0,2046.65478515625,168.10153198242188,336.1536560058594,23.853626462256365,6133203,"182,218,182",0.0,3916.83154296875,400.4033508300781,802.8305053710938,23.853626462256365,56743,"182,218,182",5,65550,65550.0,24701.0,24701.0,84251,84251.0,24701,24701.0,296,296.0,18701,18701.0,0.003420702193259911,18701.0,18701.0,296.0,296.0
BraTS-GLI-02997-101,02997,101,4682003,"182,218,182",0.0,3157.8232421875,157.9532928466797,353.08599853515625,18.618626811236954,4793982,"182,218,182",0.0,1580.431884765625,120.16276550292969,263.03643798828125,18.618626811236954,4850253,"182,218,182",0.0,1247.968994140625,76.37821197509766,172.18597412109375,18.618626811236954,4831317,"182,218,182",0.0,2406.055908203125,122.49445343017578,292.429931640625,18.618626811236954,56096,"182,218,182",5,92094,92094.0,18767.0,18767.0,106262,106262.0,18767,18767.0,372,372.0,14168,14168.0,0.0025989359969599913,14168.0,14168.0,372.0,372.0
BraTS-GLI-02999-100,02999,100,5419443,"182,218,182",0.0,8311.6982421875,508.1100158691406,1042.5943603515625,21.023130765796356,5506693,"182,218,182",0.0,3248.6884765625,389.5859375,820.3158569335938,21.023130765796356,5414495,"182,218,182",0.0,2005.7415771484375,159.4781494140625,332.504638671875,21.022590676789687,5412524,"182,218,182",0.0,3681.333740234375,269.7011413574219,574.8440551757812,21.023130765796356,36149,"182,218,182",4,25191,25191.0,246.0,246.0,25771,25771.0,246,246.0,0,0.0,580,580.0,3.4067152728308086e-05,580.0,580.0,,
BraTS-GLI-02999-101,02999,101,5199250,"182,218,182",0.0,10230.115234375,562.4082641601562,1170.5665283203125,20.464346370435692,5312456,"182,218,182",0.0,3637.180419921875,417.78094482421875,876.6898803710938,20.464346370435692,5225215,"182,218,182",0.0,2433.5947265625,187.90927124023438,394.8327331542969,20.464346370435692,5275895,"182,218,182",0.0,5821.00390625,378.8108215332031,830.7788696289062,20.464346370435692,36940,"182,218,182",4,27934,27934.0,297.0,297.0,28385,28385.0,297,297.0,0,0.0,451,451.0,4.1129855123201224e-05,451.0,451.0,,
BraTS-GLI-03000-100,03000,100,4740013,"182,218,182",0.0,3996.468505859375,136.0159454345703,311.095947265625,18.531700178035493,4796253,"182,218,182",0.0,1406.8709716796875,125.39291381835938,278.9032897949219,18.531700178035493,4811133,"182,218,182",0.0,1106.96044921875,67.1041030883789,152.34263610839844,18.53164478429122,4797000,"182,218,182",0.0,2140.486083984375,129.39520263671875,295.9198303222656,18.531700178035493,63064,"182,218,182",5,105633,105633.0,10440.0,10440.0,132692,132692.0,10440,10440.0,361,361.0,27059,27059.0,0.001445776725542831,27059.0,27059.0,361.0,361.0
BraTS-GLI-03000-101,03000,101,4472626,"182,218,182",0.0,3911.234619140625,151.076416015625,345.07855224609375,17.84398684287786,4638820,"182,218,182",0.0,1376.642578125,95.24140167236328,214.82455444335938,17.84398684287786,4537492,"182,218,182",0.0,1069.1583251953125,50.73945999145508,116.23299407958984,17.84398684287786,4599946,"182,218,182",0.0,2226.9970703125,129.82101440429688,306.00946044921875,17.84398684287786,55279,"182,218,182",5,68401,68401.0,9386.0,9386.0,81808,81808.0,9386,9386.0,398,398.0,13407,13407.0,0.001299814209381706,13407.0,13407.0,398.0,398.0
BraTS-GLI-03001-100,03001,100,5914888,"182,218,182",0.0,6852.013671875,511.45953369140625,998.4486083984375,22.853215440673853,6545931,"182,218,182",0.0,3662.85107421875,493.91302490234375,967.0704345703125,24.918003410038896,5852478,"182,218,182",0.0,2736.617431640625,228.53700256347656,454.5137023925781,22.853700135936247,5945333,"182,218,182",0.0,5442.958984375,373.86639404296875,782.8914184570312,22.853215440673853,40184,"182,218,182",4,36141,36141.0,1958.0,1958.0,36879,36879.0,1958,1958.0,0,0.0,738,738.0,0.0002711523782196229,738.0,738.0,,
BraTS-GLI-03001-101,03001,101,5589570,"182,218,182",0.0,8910.5927734375,594.8580932617188,1176.052978515625,22.08120667516776,5710263,"182,218,182",0.0,3758.179931640625,431.245361328125,852.433349609375,22.08120667516776,5630950,"182,218,182",0.0,2515.931640625,220.8120574951172,442.1026916503906,22.08120667516776,5699705,"182,218,182",0.0,5261.2431640625,429.89068603515625,851.0617065429688,22.08120667516776,40887,"182,218,182",4,38958,38958.0,2124.0,2124.0,39744,39744.0,2124,2124.0,0,0.0,786,786.0,0.00029414078209319666,786.0,786.0,,
BraTS-GLI-03005-100,03005,100,4758496,"182,218,182",0.0,10125.6455078125,396.03460693359375,893.2160034179688,18.335800201411654,4756602,"182,218,182",0.0,5069.08984375,525.5187377929688,1189.5333251953125,18.335800201411654,4749833,"182,218,182",0.0,2072.465576171875,148.20042419433594,340.6986389160156,18.336478774779007,4771509,"182,218,182",0.0,4409.51416015625,289.9334716796875,672.5966186523438,18.335800201411654,45040,"182,218,182",5,56927,56927.0,273.0,273.0,60236,60236.0,273,273.0,17,17.0,3309,3309.0,3.7806230466780924e-05,3309.0,3309.0,17.0,17.0
BraTS-GLI-03005-101,03005,101,4454280,"182,218,182",0.0,8525.751953125,359.3096008300781,816.1384887695312,17.430541784055244,4507575,"182,218,182",0.0,4309.94091796875,324.4299011230469,728.0635986328125,17.430541784055244,4532020,"182,218,182",0.0,1548.9703369140625,98.74345397949219,231.6317596435547,17.430541784055244,4435102,"182,218,182",0.0,2941.9052734375,158.28643798828125,397.0291748046875,17.430541784055244,43789,"182,218,182",4,45356,45356.0,272.0,272.0,47452,47452.0,272,272.0,0,0.0,2096,2096.0,3.766774610609675e-05,2096.0,2096.0,,
BraTS-GLI-03006-100,03006,100,4661295,"182,218,182",0.0,5481.69287109375,367.964599609375,816.5423583984375,18.008658596167418,4679362,"182,218,182",0.0,3522.40625,335.9996643066406,746.2462158203125,18.008658596167418,4657225,"182,218,182",0.0,1965.96875,128.58358764648438,295.61505126953125,18.00854780867887,4665057,"182,218,182",0.0,2721.56787109375,141.8191680908203,344.5629577636719,18.008658596167418,45111,"182,218,182",5,41360,41360.0,5071.0,5071.0,55847,55847.0,5071,5071.0,1092,1092.0,14487,14487.0,0.0007022541930294728,14487.0,14487.0,1092.0,1092.0
BraTS-GLI-03006-101,03006,101,4372283,"182,218,182",0.0,8492.5810546875,394.2460632324219,907.9874877929688,17.173334780956516,4420433,"182,218,182",0.0,4109.3173828125,343.8276672363281,768.8217163085938,17.173334780956516,4451273,"182,218,182",0.0,1542.265380859375,104.66954040527344,244.20603942871094,17.173334780956516,4338498,"182,218,182",0.0,2937.26025390625,143.50247192382812,347.5100402832031,17.173334780956516,57478,"182,218,182",5,98574,98574.0,5620.0,5620.0,121567,121567.0,5620,5620.0,874,874.0,22993,22993.0,0.0007782821070450871,22993.0,22993.0,874.0,874.0
BraTS-GLI-03007-100,03007,100,5733993,"182,218,182",0.0,7104.42626953125,457.9553527832031,903.0678100585938,22.175168313891973,5629217,"182,218,182",0.0,3705.054931640625,354.01611328125,690.5802001953125,22.175168313891973,5788740,"182,218,182",0.0,1432.1317138671875,112.50967407226562,227.18162536621094,22.174655921757445,5723063,"182,218,182",0.0,2593.591552734375,174.39439392089844,376.8727111816406,22.175168313891973,39603,"182,218,182",5,17137,17137.0,7641.0,7641.0,25537,25537.0,7641,7641.0,53,53.0,8400,8400.0,0.0010581589999878133,8400.0,8400.0,53.0,53.0
BraTS-GLI-03007-101,03007,101,5429484,"182,218,182",0.0,8342.8603515625,470.3815612792969,940.7054443359375,21.35041085540128,5483359,"182,218,182",0.0,4008.511962890625,391.3929138183594,767.5496826171875,21.35041085540128,5533848,"182,218,182",0.0,1472.0107421875,114.55335235595703,234.80316162109375,21.35041085540128,5477874,"182,218,182",0.0,2569.496337890625,169.7662811279297,371.8282165527344,21.35041085540128,41421,"182,218,182",5,24463,24463.0,6783.0,6783.0,30941,30941.0,6783,6783.0,168,168.0,6478,6478.0,0.0009393394185207877,6478.0,6478.0,168.0,168.0
BraTS-GLI-03008-100,03008,100,5898140,"182,218,182",0.0,5475.24609375,394.116455078125,747.7478637695312,23.19920476740721,5861896,"182,218,182",0.0,3100.17041015625,363.2268981933594,686.3258666992188,23.19920476740721,6051890,"182,218,182",0.0,1765.376953125,121.67372131347656,237.10328674316406,23.19858158778413,5956052,"182,218,182",0.0,3015.990234375,183.45912170410156,384.4093322753906,23.19920476740721,59081,"182,218,182",5,52371,52371.0,29420.0,29420.0,76364,76364.0,29420,29420.0,1216,1216.0,23993,23993.0,0.004074209891328552,23993.0,23993.0,1216.0,1216.0
BraTS-GLI-03008-101,03008,101,5681617,"182,218,182",0.0,6432.99267578125,461.4809265136719,885.6841430664062,22.359643330759372,5757054,"182,218,182",0.0,4129.7353515625,434.9044189453125,829.2380981445312,22.359643330759372,5786160,"182,218,182",0.0,1510.3115234375,119.30598449707031,233.99681091308594,22.359643330759372,5740346,"182,218,182",0.0,2501.6669921875,155.98846435546875,323.0452575683594,22.359643330759372,54407,"182,218,182",5,42622,42622.0,27356.0,27356.0,68399,68399.0,27356,27356.0,7303,7303.0,25777,25777.0,0.0037883781708764066,25777.0,25777.0,7303.0,7303.0
BraTS-GLI-03009-100,03009,100,4771092,"182,218,182",0.0,9093.4443359375,381.08953857421875,855.0651245117188,18.3878287757207,4758619,"182,218,182",0.0,3836.44091796875,302.46197509765625,667.3750610351562,18.3878287757207,4821683,"182,218,182",0.0,1777.8709716796875,95.20259857177734,218.7498779296875,18.387524110127195,4758097,"182,218,182",0.0,2857.85498046875,174.2045440673828,434.5862121582031,18.3878287757207,45905,"182,218,182",5,24528,24528.0,7111.0,7111.0,35658,35658.0,7111,7111.0,2088,2088.0,11130,11130.0,0.0009847622888251985,11130.0,11130.0,2088.0,2088.0
BraTS-GLI-03009-101,03009,101,4470198,"182,218,182",0.0,7960.4873046875,391.3457336425781,884.0011596679688,17.507829905753084,4530851,"182,218,182",0.0,4572.3720703125,322.20721435546875,722.1878662109375,17.507829905753084,4536074,"182,218,182",0.0,1716.6077880859375,103.96646881103516,244.83041381835938,17.507829905753084,4478278,"182,218,182",0.0,2733.787841796875,166.023681640625,420.1827087402344,17.507829905753084,44931,"182,218,182",5,27964,27964.0,9253.0,9253.0,34457,34457.0,9253,9253.0,987,987.0,6493,6493.0,0.0012813957894107103,6493.0,6493.0,987.0,987.0
BraTS-GLI-03010-100,03010,100,5792769,"182,218,182",0.0,6511.96630859375,437.7725830078125,851.94775390625,22.46617934943371,5804050,"182,218,182",0.0,3411.30029296875,401.3455505371094,775.0010986328125,22.46617934943371,5852879,"182,218,182",0.0,1299.139892578125,122.58686065673828,246.89825439453125,22.465916229148412,5794432,"182,218,182",0.0,2552.814208984375,166.13059997558594,346.4960021972656,22.46617934943371,36909,"182,218,182",3,10007,10007.0,27041.0,27041.0,10007,10007.0,27041,27041.0,0,0.0,0,0.0,0.0037447555972608903,,,,
BraTS-GLI-03010-101,03010,101,5468378,"182,218,182",0.0,6796.7705078125,447.01080322265625,880.4576416015625,21.56215344288739,5419692,"182,218,182",0.0,3711.3525390625,355.8782653808594,692.1443481445312,21.56215344288739,5604494,"182,218,182",0.0,1374.5096435546875,117.40972900390625,240.10723876953125,21.56215344288739,5550041,"182,218,182",0.0,2560.990234375,155.99742126464844,335.53985595703125,21.56215344288739,36903,"182,218,182",3,10015,10015.0,25585.0,25585.0,10015,10015.0,25585,25585.0,0,0.0,0,0.0,0.003543122368104725,,,,
BraTS-GLI-03011-100,03011,100,6341641,"182,218,182",0.0,8999.7822265625,566.76708984375,1067.6351318359375,24.538528564892108,6406307,"182,218,182",0.0,3689.063232421875,476.17523193359375,903.2088012695312,24.538528564892108,6286418,"182,218,182",0.0,2583.546875,251.81796264648438,478.575927734375,24.538583958636384,6354630,"182,218,182",0.0,4285.7744140625,377.17059326171875,744.2645874023438,24.538528564892108,56435,"182,218,182",5,85370,85370.0,43.0,43.0,94772,94772.0,43,43.0,2607,2607.0,9402,9402.0,5.954827509419706e-06,9402.0,9402.0,2607.0,2607.0
BraTS-GLI-03011-101,03011,101,6161969,"182,218,182",0.0,9985.0458984375,594.6328125,1125.8623046875,24.202191598098445,6267154,"182,218,182",0.0,3803.998046875,447.1897888183594,835.7739868164062,24.202191598098445,6189887,"182,218,182",0.0,1763.154296875,193.74771118164062,366.95477294921875,24.202191598098445,6173859,"182,218,182",0.0,3867.298583984375,352.8658447265625,688.505859375,24.202191598098445,71255,"182,218,182",4,116744,116744.0,,,130343,130343.0,0,0.0,5010,5010.0,13599,13599.0,0.0,13599.0,13599.0,5010.0,5010.0
BraTS-GLI-03013-100,03013,100,5144628,"182,218,182",0.0,4337.43603515625,215.39381408691406,464.57958984375,20.06143997146114,5153907,"182,218,182",0.0,2200.54931640625,217.4645233154297,469.2052001953125,20.06143997146114,5182374,"182,218,182",0.0,2882.869873046875,272.2345275878906,593.7171020507812,20.059238070126266,5145033,"182,218,182",0.0,2438.97119140625,170.71348571777344,373.1545104980469,20.06143997146114,67460,"182,218,182",5,108360,108360.0,12044.0,12044.0,126732,126732.0,12044,12044.0,3746,3746.0,18372,18372.0,0.0016679056400802545,18372.0,18372.0,3746.0,3746.0
BraTS-GLI-03013-101,03013,101,5028250,"182,218,182",0.0,3552.890625,148.357666015625,321.1633605957031,19.96436243462153,5149280,"182,218,182",0.0,1655.174072265625,127.82492065429688,270.9060974121094,19.96436243462153,5216078,"182,218,182",0.0,1000.1392211914062,78.82788848876953,174.40811157226562,19.96436243462153,5117506,"182,218,182",0.0,2450.437255859375,162.186767578125,366.2869567871094,19.96436243462153,65266,"182,218,182",5,122917,122917.0,11684.0,11684.0,130387,130387.0,11684,11684.0,973,973.0,7470,7470.0,0.00161805127023395,7470.0,7470.0,973.0,973.0
BraTS-GLI-03014-100,03014,100,6441337,"182,218,182",0.0,8081.681640625,705.3656616210938,1283.7735595703125,25.25137681151392,6575905,"182,218,182",0.0,4014.159912109375,517.4932250976562,956.3591918945312,25.25137681151392,6486274,"182,218,182",0.0,2798.50048828125,252.5187530517578,476.78302001953125,25.251875355212384,6563811,"182,218,182",0.0,5484.62255859375,398.90411376953125,779.3150634765625,25.25137681151392,53303,"182,218,182",4,75008,75008.0,2070.0,2070.0,80918,80918.0,2070,2070.0,0,0.0,5910,5910.0,0.000286662626616251,5910.0,5910.0,,
BraTS-GLI-03015-100,03015,100,5993459,"182,218,182",0.0,12239.72265625,660.315673828125,1286.2015380859375,23.345042647643716,6067238,"182,218,182",0.0,4064.0205078125,511.6144104003906,1001.9892578125,23.345042647643716,6039383,"182,218,182",0.0,2101.72998046875,164.3964080810547,327.0265808105469,23.342937685361317,6054446,"182,218,182",0.0,4520.95361328125,370.7586669921875,758.2367553710938,23.345042647643716,36964,"182,218,182",4,13652,13652.0,10781.0,10781.0,13844,13844.0,10781,10781.0,0,0.0,192,192.0,0.0014929998925361362,192.0,192.0,,
BraTS-GLI-03014-101,03014,101,6282421,"182,218,182",0.0,9564.419921875,595.75634765625,1099.7757568359375,24.721881858437964,6388892,"182,218,182",0.0,3734.171630859375,529.0428466796875,970.9939575195312,24.721881858437964,6320496,"182,218,182",0.0,3187.989990234375,247.2188262939453,469.4526672363281,24.721881858437964,6377920,"182,218,182",0.0,5787.13671875,462.43817138671875,880.376708984375,24.721881858437964,54202,"182,218,182",4,74365,74365.0,3111.0,3111.0,76924,76924.0,3111,3111.0,0,0.0,2559,2559.0,0.0004308248460884815,2559.0,2559.0,,
BraTS-GLI-03015-101,03015,101,5665126,"182,218,182",0.0,11123.60546875,618.1312255859375,1236.687255859375,22.333622119386813,5788512,"182,218,182",0.0,3990.64453125,448.9917907714844,901.6318969726562,22.333622119386813,5732682,"182,218,182",0.0,1958.029052734375,154.5509033203125,312.8500061035156,22.333622119386813,5732596,"182,218,182",0.0,4384.40625,353.62713623046875,737.7371215820312,22.333622119386813,38010,"182,218,182",4,14963,14963.0,10190.0,10190.0,15156,15156.0,10190,10190.0,0,0.0,193,193.0,0.001411155635371786,193.0,193.0,,
BraTS-GLI-03017-101,03017,101,5117031,"182,218,182",0.0,9605.9482421875,545.9171142578125,1137.574951171875,20.18751613342802,5205553,"182,218,182",0.0,3852.629150390625,468.920166015625,983.2522583007812,20.18751613342802,5161903,"182,218,182",0.0,2138.572509765625,159.95091247558594,340.61431884765625,20.18751613342802,5162353,"182,218,182",0.0,4405.02490234375,300.79815673828125,654.8017578125,20.18751613342802,40589,"182,218,182",3,24817,24817.0,15784.0,15784.0,24817,24817.0,15784,15784.0,0,0.0,0,0.0,0.002185837149039085,,,,
BraTS-GLI-03017-100,03017,100,5437826,"182,218,182",0.0,5270.02490234375,509.567626953125,1038.5220947265625,21.106387563439686,5478872,"182,218,182",0.0,3773.682373046875,470.9968566894531,974.107421875,21.106387563439686,5438214,"182,218,182",0.0,2122.460693359375,163.53414916992188,342.7079162597656,21.077416635184555,5447159,"182,218,182",0.0,4131.4892578125,289.3473205566406,618.4017333984375,21.106387563439686,41043,"182,218,182",3,29342,29342.0,15777.0,15777.0,29342,29342.0,15777,15777.0,0,0.0,0,0.0,0.0021848677585142953,,,,
BraTS-GLI-03018-100,03018,100,6171477,"182,218,182",0.0,10364.65234375,720.2838134765625,1358.05908203125,24.127036135555137,6241008,"182,218,182",0.0,4192.6611328125,609.614990234375,1163.8468017578125,24.127036135555137,6224513,"182,218,182",0.0,1843.19384765625,165.1917266845703,318.877685546875,24.128102465132407,6238379,"182,218,182",0.0,4299.7998046875,388.8294372558594,760.2166748046875,24.127036135555137,33943,"182,218,182",5,12156,12156.0,1774.0,1774.0,14193,14193.0,1774,1774.0,37,37.0,2037,2037.0,0.0002456712558537339,2037.0,2037.0,37.0,37.0
BraTS-GLI-03018-101,03018,101,5921148,"182,218,182",0.0,10505.5830078125,635.9842529296875,1220.2176513671875,23.367297084405664,6026590,"182,218,182",0.0,3860.93505859375,520.3810424804688,1005.5299682617188,23.367297084405664,5959020,"182,218,182",0.0,2141.410400390625,176.3299560546875,343.5111999511719,23.367297084405664,5989500,"182,218,182",0.0,4639.1533203125,393.7078552246094,787.8748779296875,23.367297084405664,35048,"182,218,182",5,12279,12279.0,2215.0,2215.0,14337,14337.0,2215,2215.0,82,82.0,2058,2058.0,0.00030674285891545697,2058.0,2058.0,82.0,82.0
BraTS-GLI-03019-100,03019,100,5882070,"182,218,182",0.0,8845.2158203125,624.7725219726562,1224.2242431640625,22.960679304564778,5937096,"182,218,182",0.0,4395.27392578125,570.6543579101562,1118.5029296875,22.960679304564778,5921493,"182,218,182",0.0,2392.84228515625,201.02159118652344,408.4314270019531,22.960069973377767,5935522,"182,218,182",0.0,4497.59912109375,348.64166259765625,722.9298095703125,22.960679304564778,59076,"182,218,182",5,29168,29168.0,104469.0,104469.0,38598,38598.0,104469,104469.0,329,329.0,9430,9430.0,0.014467322676315519,9430.0,9430.0,329.0,329.0
BraTS-GLI-03019-101,03019,101,5646028,"182,218,182",0.0,8133.1240234375,497.105224609375,997.9544067382812,22.036102318892922,5724108,"182,218,182",0.0,3634.7880859375,431.31317138671875,862.8479614257812,22.036102318892922,5630985,"182,218,182",0.0,2626.279541015625,226.4425048828125,465.4259948730469,22.036102318892922,5723966,"182,218,182",0.0,5575.98388671875,447.7745361328125,897.4954833984375,22.036102318892922,74854,"182,218,182",5,37854,37854.0,93278.0,93278.0,74609,74609.0,93278,93278.0,2699,2699.0,36755,36755.0,0.01291754419589887,36755.0,36755.0,2699.0,2699.0
BraTS-GLI-03020-100,03020,100,5948742,"182,218,182",0.0,3904.622802734375,246.93902587890625,476.7790832519531,23.404466286813296,6050674,"182,218,182",0.0,1842.9136962890625,163.2911834716797,317.20989990234375,23.404466286813296,6058758,"182,218,182",0.0,935.67919921875,79.16342163085938,156.62075805664062,23.413246195280674,6138110,"182,218,182",0.0,3474.13232421875,181.42335510253906,396.4119873046875,23.404466286813296,42545,"182,218,182",5,41371,41371.0,403.0,403.0,55003,55003.0,403,403.0,1489,1489.0,13632,13632.0,5.5809197355724225e-05,13632.0,13632.0,1489.0,1489.0
BraTS-GLI-03020-101,03020,101,5649475,"182,218,182",0.0,4627.6513671875,242.6302032470703,478.1636657714844,22.524065812199698,5744964,"182,218,182",0.0,2145.210205078125,171.63180541992188,336.1949768066406,22.524065812199698,5825792,"182,218,182",0.0,1091.743896484375,88.28152465820312,176.60414123535156,22.524065812199698,5796744,"182,218,182",0.0,3591.760986328125,175.63645935058594,396.4782409667969,22.524065812199698,51792,"182,218,182",5,53807,53807.0,343.0,343.0,76312,76312.0,343,343.0,8232,8232.0,22505,22505.0,4.750013571467347e-05,22505.0,22505.0,8232.0,8232.0
BraTS-GLI-03021-100,03021,100,5063283,"182,218,182",0.0,5997.47265625,365.6712341308594,778.3683471679688,19.497988653145423,4969560,"182,218,182",0.0,3493.272216796875,306.4158630371094,651.2117309570312,19.497988653145423,5129673,"182,218,182",0.0,1259.5162353515625,88.19496154785156,193.49176025390625,19.49706080792884,5042806,"182,218,182",0.0,2716.564697265625,152.41510009765625,358.3644714355469,19.497988653145423,36383,"182,218,182",5,14719,14719.0,260.0,260.0,22456,22456.0,260,260.0,39,39.0,7737,7737.0,3.6005933777886596e-05,7737.0,7737.0,39.0,39.0
BraTS-GLI-03022-100,03022,100,5178065,"182,218,182",0.0,8364.66796875,491.7154235839844,1040.3424072265625,20.132316267259306,5251916,"182,218,182",0.0,3551.452392578125,432.29547119140625,923.169189453125,20.132316267259306,5196083,"182,218,182",0.0,1657.966064453125,133.09393310546875,284.8630676269531,20.131970056357595,5175291,"182,218,182",0.0,3518.97705078125,227.25930786132812,502.2884216308594,20.132316267259306,31526,"182,218,182",4,8447,8447.0,503.0,503.0,10561,10561.0,503,503.0,0,0.0,2114,2114.0,6.965763342414215e-05,2114.0,2114.0,,
BraTS-GLI-03021-101,03021,101,4829305,"182,218,182",0.0,9767.2255859375,572.0811767578125,1244.6016845703125,18.99138516489056,4902826,"182,218,182",0.0,4618.78076171875,495.33074951171875,1081.1717529296875,18.99138516489056,4857619,"182,218,182",0.0,2319.474853515625,149.05294799804688,327.7530822753906,18.99138516489056,4887903,"182,218,182",0.0,4684.62841796875,310.7334289550781,704.1549072265625,18.99138516489056,37792,"182,218,182",5,18248,18248.0,581.0,581.0,24558,24558.0,581,581.0,283,283.0,6310,6310.0,8.045941355750813e-05,6310.0,6310.0,283.0,283.0
BraTS-GLI-03022-101,03022,101,4918212,"182,218,182",0.0,9757.5712890625,536.8994140625,1150.4244384765625,19.412640741655764,5015034,"182,218,182",0.0,3801.96484375,445.8763122558594,960.5974731445312,19.412640741655764,4990671,"182,218,182",0.0,1739.660400390625,120.91940307617188,261.1791687011719,19.412640741655764,4903497,"182,218,182",0.0,3297.631103515625,207.8505096435547,469.0074157714844,19.412640741655764,31149,"182,218,182",4,4587,4587.0,428.0,428.0,6975,6975.0,428,428.0,0,0.0,2388,2388.0,5.927130637282871e-05,2388.0,2388.0,,
BraTS-GLI-03023-101,03023,101,5475941,"182,218,182",0.0,7534.72900390625,412.9159240722656,827.4320678710938,21.51767226623563,5502332,"182,218,182",0.0,4554.8154296875,364.5928649902344,719.8463745117188,21.51767226623563,5588603,"182,218,182",0.0,1553.7501220703125,113.15374755859375,238.4221954345703,21.51767226623563,5498991,"182,218,182",0.0,2916.628173828125,188.3095703125,428.45770263671875,21.51767226623563,44051,"182,218,182",3,16424,16424.0,77627.0,77627.0,16424,16424.0,77627,77627.0,0,0.0,0,0.0,0.01075012546683078,,,,
BraTS-GLI-03023-100,03023,100,5781912,"182,218,182",0.0,6080.6513671875,388.62255859375,769.3820190429688,22.348356855363612,5730453,"182,218,182",0.0,2698.1982421875,350.1588134765625,688.8634033203125,22.348356855363612,5883221,"182,218,182",0.0,1365.17822265625,104.5829086303711,218.60256958007812,22.348329158491474,5795695,"182,218,182",0.0,2577.161865234375,191.78016662597656,426.7488098144531,22.348356855363612,43125,"182,218,182",3,17249,17249.0,58026.0,58026.0,17249,17249.0,58026,58026.0,0,0.0,0,0.0,0.008035693513060183,,,,
BraTS-GLI-03024-100,03024,100,5414280,"182,218,182",0.0,10228.3720703125,538.6939697265625,1130.9432373046875,20.985809230591972,5469135,"182,218,182",0.0,3979.0185546875,473.70574951171875,999.8579711914062,20.985809230591972,5438828,"182,218,182",0.0,1996.047607421875,159.0085906982422,340.83319091796875,20.98529683845744,5507976,"182,218,182",0.0,5978.9794921875,406.9548034667969,903.8206787109375,20.985809230591972,35392,"182,218,182",3,15819,15819.0,6416.0,6416.0,15819,15819.0,6416,6416.0,0,0.0,0,0.0,0.0008885156581496938,,,,
BraTS-GLI-03024-101,03024,101,5155108,"182,218,182",0.0,8534.830078125,503.6417541503906,1063.2523193359375,20.195783649760866,5247252,"182,218,182",0.0,3691.35400390625,419.6536560058594,897.0153198242188,20.195783649760866,5185415,"182,218,182",0.0,2061.70947265625,152.4203338623047,331.3792419433594,20.195783649760866,5245272,"182,218,182",0.0,6163.32861328125,458.2073974609375,995.703125,20.195783649760866,35286,"182,218,182",3,17917,17917.0,6198.0,6198.0,17917,17917.0,6198,6198.0,0,0.0,0,0.0,0.0008583260675205427,,,,
BraTS-GLI-03025-100,03025,100,6445016,"182,218,182",0.0,6580.3359375,575.15966796875,1062.9002685546875,24.95892553862107,6502727,"182,218,182",0.0,3391.421630859375,455.1555480957031,854.9859008789062,24.952195198691822,6399344,"182,218,182",0.0,2054.605224609375,204.7973175048828,382.83526611328125,24.97339715431257,6445750,"182,218,182",0.0,4905.3359375,351.1524963378906,687.8810424804688,24.94276441372923,33037,"182,218,182",4,8314,8314.0,3527.0,3527.0,8893,8893.0,3527,3527.0,0,0.0,579,579.0,0.0004884343401331001,579.0,579.0,,
BraTS-GLI-03025-101,03025,101,6065200,"182,218,182",0.0,8368.44921875,617.1813354492188,1151.31298828125,24.014877651837022,6202411,"182,218,182",0.0,3595.829345703125,458.6595153808594,857.6979370117188,24.014877651837022,6149135,"182,218,182",0.0,1926.45947265625,165.3990478515625,315.5979919433594,24.014877651837022,6178004,"182,218,182",0.0,5591.44482421875,441.7787170410156,850.189697265625,24.014877651837022,33338,"182,218,182",4,10184,10184.0,2853.0,2853.0,10950,10950.0,2853,2853.0,0,0.0,766,766.0,0.0003950958810319633,766.0,766.0,,
BraTS-GLI-03026-101,03026,101,5820513,"182,218,182",0.0,9379.4677734375,757.9635620117188,1451.4703369140625,22.995868180614625,5908686,"182,218,182",0.0,4482.18896484375,590.6212768554688,1141.1744384765625,22.995868180614625,5879872,"182,218,182",0.0,2256.531005859375,184.8715057373047,368.561279296875,22.995868180614625,5897685,"182,218,182",0.0,6728.56298828125,408.7544250488281,879.1181030273438,22.995868180614625,56952,"182,218,182",5,73867,73867.0,18918.0,18918.0,78193,78193.0,18918,18918.0,71,71.0,4326,4326.0,0.0026198471354233026,4326.0,4326.0,71.0,71.0
BraTS-GLI-03026-100,03026,100,6123037,"182,218,182",0.0,9626.0556640625,647.0736694335938,1230.255615234375,23.928172593612658,6219011,"182,218,182",0.0,3836.21875,521.4656982421875,999.3700561523438,23.928172593612658,6251198,"182,218,182",0.0,1812.91455078125,144.27577209472656,284.7845764160156,23.928491107642234,6262362,"182,218,182",0.0,6152.50830078125,490.9059143066406,982.6630859375,23.928172593612658,58995,"182,218,182",5,77410,77410.0,17490.0,17490.0,81915,81915.0,17490,17490.0,63,63.0,4505,4505.0,0.0024220914683662944,4505.0,4505.0,63.0,63.0
BraTS-GLI-03027-100,03027,100,5572864,"182,218,182",0.0,6642.03515625,448.2382507324219,897.7052612304688,21.561751838241403,5455561,"182,218,182",0.0,3208.19921875,324.07867431640625,644.2173461914062,21.561751838241403,5656857,"182,218,182",0.0,1180.4891357421875,89.84879302978516,185.72569274902344,21.56136408203149,5564281,"182,218,182",0.0,2613.966796875,170.0814208984375,372.4022521972656,21.561751838241403,34719,"182,218,182",4,4534,4534.0,13891.0,13891.0,6412,6412.0,13891,13891.0,0,0.0,1878,1878.0,0.0019236862542639334,1878.0,1878.0,,
BraTS-GLI-03028-100,03028,100,4812890,"182,218,182",0.0,3277.84521484375,157.9938201904297,351.7822265625,18.79090135592807,4879358,"182,218,182",0.0,1526.0499267578125,121.00752258300781,268.4836730957031,18.79090135592807,4842391,"182,218,182",0.0,3424.79541015625,187.90057373046875,425.7454528808594,18.790056601327898,4912106,"182,218,182",0.0,2021.273681640625,123.28057098388672,284.6827392578125,18.79090135592807,42682,"182,218,182",4,35280,35280.0,10570.0,10570.0,44662,44662.0,10570,10570.0,0,0.0,9382,9382.0,0.0014637796924317744,9382.0,9382.0,,
BraTS-GLI-03027-101,03027,101,5265291,"182,218,182",0.0,5955.7177734375,419.562744140625,853.84375,20.47320936951948,5137430,"182,218,182",0.0,3953.7763671875,328.5185546875,664.4527587890625,20.47320936951948,5325968,"182,218,182",0.0,1192.1507568359375,87.67083740234375,184.7230987548828,20.47320936951948,5207191,"182,218,182",0.0,2705.810546875,169.99978637695312,381.26263427734375,20.47320936951948,34050,"182,218,182",4,4499,4499.0,17232.0,17232.0,5274,5274.0,17232,17232.0,0,0.0,775,775.0,0.002386362503309776,775.0,775.0,,
BraTS-GLI-03028-101,03028,101,4491403,"182,218,182",0.0,4144.68212890625,162.08407592773438,366.9712219238281,17.975823954249197,4600595,"182,218,182",0.0,1809.569091796875,136.8831329345703,305.34375,17.975823954249197,4602342,"182,218,182",0.0,2498.146728515625,179.7582550048828,410.0660095214844,17.975823954249197,4652505,"182,218,182",0.0,1887.2679443359375,109.66197967529297,255.86643981933594,17.975823954249197,56377,"182,218,182",5,85334,85334.0,2608.0,2608.0,109567,109567.0,2608,2608.0,1511,1511.0,24233,24233.0,0.0003611672126643394,24233.0,24233.0,1511.0,1511.0
BraTS-GLI-03029-101,03029,101,4939177,"182,218,182",0.0,9276.8193359375,532.6021728515625,1132.95361328125,19.503985025963047,5041685,"182,218,182",0.0,3729.51708984375,447.2437438964844,955.4586791992188,19.503985025963047,4956880,"182,218,182",0.0,2614.3779296875,200.7698974609375,429.5327453613281,19.503985025963047,4934703,"182,218,182",0.0,3814.2666015625,235.89892578125,516.3367919921875,19.503985025963047,41728,"182,218,182",5,42771,42771.0,1323.0,1323.0,44907,44907.0,1323,1323.0,318,318.0,2136,2136.0,0.0001832148091851691,2136.0,2136.0,318.0,318.0
BraTS-GLI-03029-100,03029,100,5171343,"182,218,182",0.0,9564.8544921875,537.35400390625,1127.4263916015625,20.242632908980323,5294789,"182,218,182",0.0,3287.544677734375,413.4500732421875,880.3504028320312,20.242632908980323,5198589,"182,218,182",0.0,2014.085205078125,156.3637237548828,331.2425231933594,20.242812938649212,5193891,"182,218,182",0.0,3858.2109375,238.68759155273438,516.8056030273438,20.242632908980323,45191,"182,218,182",5,47938,47938.0,3406.0,3406.0,53312,53312.0,3406,3406.0,1022,1022.0,5374,5374.0,0.0004716777324903144,5374.0,5374.0,1022.0,1022.0
BraTS-GLI-03030-100,03030,100,5443313,"182,218,182",0.0,8871.9013671875,611.977294921875,1241.6849365234375,21.29926858100061,5555433,"182,218,182",0.0,3592.478515625,454.82305908203125,931.019287109375,21.29926858100061,5492943,"182,218,182",0.0,2987.127197265625,240.4510040283203,507.0885009765625,21.2991854903842,5585817,"182,218,182",0.0,7204.6484375,521.4647827148438,1124.2757568359375,21.29926858100061,49948,"182,218,182",3,66760,66760.0,88.0,88.0,66760,66760.0,88,88.0,0,0.0,0,0.0,1.218662374020777e-05,,,,
BraTS-GLI-03031-100,03031,100,6370697,"182,218,182",0.0,2757.56982421875,176.74644470214844,324.0419921875,25.084392369400938,6426106,"182,218,182",0.0,1188.906005859375,186.57891845703125,344.1612548828125,25.084392369400938,6405224,"182,218,182",0.0,1563.54248046875,207.62960815429688,383.9635009765625,25.086663512916157,6430805,"182,218,182",0.0,2799.60107421875,207.6475830078125,402.10150146484375,25.084392369400938,38076,"182,218,182",4,18266,18266.0,8686.0,8686.0,18975,18975.0,8686,8686.0,0,0.0,709,709.0,0.0012028751569027806,709.0,709.0,,
BraTS-GLI-03030-101,03030,101,5242790,"182,218,182",0.0,11107.1552734375,685.7796020507812,1414.3206787109375,20.707497210924977,5324136,"182,218,182",0.0,5046.46435546875,631.2860107421875,1303.8787841796875,20.707497210924977,5307557,"182,218,182",0.0,2598.347412109375,193.389404296875,410.47027587890625,20.707497210924977,5365174,"182,218,182",0.0,6750.96435546875,441.42529296875,981.5448608398438,20.707497210924977,50462,"182,218,182",3,68826,68826.0,95.0,95.0,68826,68826.0,95,95.0,0,0.0,0,0.0,1.3156014264997025e-05,,,,
BraTS-GLI-03031-101,03031,101,6051583,"182,218,182",0.0,2724.568603515625,180.22056579589844,335.8521423339844,24.11669135381203,6142430,"182,218,182",0.0,1232.5897216796875,188.56546020507812,352.24615478515625,24.11669135381203,6113313,"182,218,182",0.0,1930.317138671875,223.25540161132812,417.9849853515625,24.11669135381203,6068562,"182,218,182",0.0,3279.16796875,222.9967803955078,441.73150634765625,24.11669135381203,38297,"182,218,182",4,16567,16567.0,8208.0,8208.0,17184,17184.0,8208,8208.0,0,0.0,617,617.0,0.001136679632495743,617.0,617.0,,
BraTS-GLI-03032-101,03032,101,5555557,"182,218,182",0.0,4256.80810546875,207.28097534179688,421.9729919433594,22.072856068218506,5710809,"182,218,182",0.0,1517.3890380859375,121.78761291503906,244.9429473876953,22.072856068218506,5730541,"182,218,182",0.0,1096.6053466796875,85.44464874267578,174.90061950683594,22.072856068218506,5671103,"182,218,182",0.0,3505.669921875,182.73944091796875,404.9112548828125,22.072856068218506,78409,"182,218,182",5,153704,153704.0,342.0,342.0,201702,201702.0,342,342.0,8918,8918.0,47998,47998.0,4.736165135398929e-05,47998.0,47998.0,8918.0,8918.0
BraTS-GLI-03032-100,03032,100,5829562,"182,218,182",0.0,2676.139892578125,140.15907287597656,285.7962341308594,22.50625672341571,5867169,"182,218,182",0.0,1284.777099609375,120.62353515625,243.41842651367188,22.50625672341571,5853283,"182,218,182",0.0,910.736083984375,71.79106903076172,147.9075927734375,22.507281507684773,5879180,"182,218,182",0.0,2524.073486328125,166.253662109375,357.2722473144531,22.50625672341571,67191,"182,218,182",5,111487,111487.0,723.0,723.0,133344,133344.0,723,723.0,4893,4893.0,21857,21857.0,0.00010012419277466157,21857.0,21857.0,4893.0,4893.0
BraTS-GLI-03049-100,03049,100,4185781,"182,218,182",0.0,700.7760009765625,29.706655502319336,68.81387329101562,16.499940728693627,4276886,"182,218,182",0.0,347.31494140625,24.88364028930664,58.555267333984375,16.499940728693627,4196737,"182,218,182",0.0,183.3255157470703,11.483278274536133,27.03399085998535,16.499774547460806,4199407,"182,218,182",0.0,929.825439453125,41.5904655456543,101.80885314941406,16.49991303182149,268736,"182,218,182",3,13864,13864.0,21099.0,21099.0,13864,13864.0,21099,21099.0,0,0.0,0,0.0,0.0029218815260754973,,,,
BraTS-GLI-03049-101,03049,101,4173167,"182,218,182",0.0,757.3751831054688,29.892908096313477,70.2082290649414,16.44960166358493,4265058,"182,218,182",0.0,430.197021484375,24.6776065826416,58.34361267089844,16.44960166358493,4196244,"182,218,182",0.0,247.4399871826172,11.145730972290039,26.778528213500977,16.449310846427494,4190846,"182,218,182",0.0,944.4058227539062,39.00342559814453,96.37864685058594,16.449546269840653,269036,"182,218,182",4,5356,5356.0,12255.0,12255.0,14515,14515.0,12255,12255.0,0,0.0,9159,9159.0,0.0016971258401846162,9159.0,9159.0,,
BraTS-GLI-03050-100,03050,100,6035944,"182,218,182",0.0,1142.749755859375,55.89848327636719,106.36407470703125,23.78319331641239,6063448,"182,218,182",0.0,571.3134155273438,49.605003356933594,93.42237091064453,23.78319331641239,6136419,"182,218,182",0.0,250.810791015625,23.593748092651367,45.028072357177734,23.781143747874264,6121124,"182,218,182",0.0,1366.298095703125,82.64390563964844,170.7123565673828,23.78293019612709,55255,"182,218,182",4,44697,44697.0,,,85497,85497.0,0,0.0,16180,16180.0,40800,40800.0,0.0,40800.0,40800.0,16180.0,16180.0
BraTS-GLI-03050-101,03050,101,5914902,"182,218,182",0.0,2352.032470703125,74.42716217041016,142.96864318847656,23.35613524493452,5933281,"182,218,182",0.0,669.7879028320312,61.41923141479492,117.30673217773438,23.35613524493452,6070855,"182,218,182",0.0,246.94313049316406,25.150449752807617,49.02533721923828,23.356121396498448,6069350,"182,218,182",0.0,1620.93896484375,104.11625671386719,217.5554962158203,23.355456671567165,63885,"182,218,182",4,73000,73000.0,,,120092,120092.0,0,0.0,16774,16774.0,47092,47092.0,0.0,47092.0,47092.0,16774.0,16774.0
BraTS-GLI-03051-100,03051,100,4537935,"182,218,182",0.0,896.2697143554688,31.609127044677734,70.46790313720703,17.87509043028753,4658251,"182,218,182",0.0,285.0137023925781,24.25089454650879,55.21011734008789,17.87509043028753,4558666,"182,218,182",0.0,142.22052001953125,10.927581787109375,24.64777946472168,17.874896552182566,4542412,"182,218,182",0.0,701.6978149414062,40.84687805175781,95.48946380615234,17.87506273341539,46418,"182,218,182",5,37650,37650.0,31723.0,31723.0,42294,42294.0,31723,31723.0,1648,1648.0,4644,4644.0,0.004393139373984218,4644.0,4644.0,1648.0,1648.0
BraTS-GLI-03050-102,03050,102,5932434,"182,218,182",0.0,1115.9906005859375,47.022254943847656,90.3094253540039,23.289842781475002,6009932,"182,218,182",0.0,456.7242736816406,38.50861358642578,74.97560119628906,23.289842781475002,5974971,"182,218,182",0.0,145.26300048828125,15.81018352508545,31.260337829589844,23.289302692468333,5962223,"182,218,182",0.0,864.7849731445312,70.4278793334961,143.1946563720703,23.28970429711432,68122,"182,218,182",4,80907,80907.0,,,121716,121716.0,0,0.0,17262,17262.0,40809,40809.0,0.0,40809.0,40809.0,17262.0,17262.0
BraTS-GLI-03051-101,03051,101,4570210,"182,218,182",0.0,1061.6507568359375,35.6510009765625,81.62319946289062,17.87762469408805,4604321,"182,218,182",0.0,335.4578552246094,30.862537384033203,69.293212890625,17.87762469408805,4571856,"182,218,182",0.0,301.3541564941406,15.948716163635254,35.94769287109375,17.877195392569924,4581374,"182,218,182",0.0,982.661865234375,47.6922721862793,116.5342025756836,17.87762469408805,43870,"182,218,182",5,9264,9264.0,20873.0,20873.0,45102,45102.0,20873,20873.0,979,979.0,35838,35838.0,0.0028905840605608726,35838.0,35838.0,979.0,979.0
BraTS-GLI-03052-100,03052,100,4651325,"182,218,182",0.0,1197.749755859375,47.2064323425293,104.47966766357422,18.375102062973824,4689784,"182,218,182",0.0,587.336181640625,40.0338249206543,88.31376647949219,18.375102062973824,4758524,"182,218,182",0.0,267.5903625488281,20.104808807373047,44.505794525146484,18.373786461547326,4737384,"182,218,182",0.0,1305.97119140625,63.993858337402344,149.77346801757812,18.374728155199975,33431,"182,218,182",3,17418,17418.0,,,18032,18032.0,0,0.0,0,0.0,614,614.0,0.0,614.0,614.0,,
BraTS-GLI-03051-102,03051,102,4484826,"182,218,182",0.0,1063.8626708984375,35.875972747802734,82.20571899414062,17.516720601709007,4530179,"182,218,182",0.0,196.9307098388672,15.772956848144531,36.704383850097656,17.516720601709007,4602491,"182,218,182",0.0,98.34713745117188,5.7680253982543945,13.699823379516602,17.516595965784393,4578914,"182,218,182",0.0,565.7992553710938,28.936038970947266,72.4721908569336,17.516720601709007,60651,"182,218,182",5,65659,65659.0,17261.0,17261.0,104977,104977.0,17261,17261.0,7884,7884.0,39318,39318.0,0.0023903785497696173,39318.0,39318.0,7884.0,7884.0
BraTS-GLI-03052-101,03052,101,4643738,"182,218,182",0.0,937.1843872070312,40.8896598815918,89.17816925048828,18.338680676113885,4709340,"182,218,182",0.0,357.3987731933594,35.181949615478516,77.77725982666016,18.338680676113885,4680728,"182,218,182",0.0,159.54116821289062,13.792625427246094,30.860395431518555,18.338611433933544,4674604,"182,218,182",0.0,813.8055419921875,46.668060302734375,107.18396759033203,18.338556040189268,36408,"182,218,182",4,26210,26210.0,,,29209,29209.0,0,0.0,88,88.0,2999,2999.0,0.0,2999.0,2999.0,88.0,88.0
BraTS-GLI-03052-102,03052,102,4673430,"182,218,182",0.0,751.1644897460938,38.17304229736328,82.82603454589844,18.444427333932325,4758207,"182,218,182",0.0,375.4924011230469,31.581823348999023,69.94135284423828,18.444427333932325,4706525,"182,218,182",0.0,148.02532958984375,12.745621681213379,28.343486785888672,18.444427333932325,4713815,"182,218,182",0.0,875.8607788085938,51.184104919433594,117.80438995361328,18.444178062083093,52637,"182,218,182",4,110782,110782.0,,,115651,115651.0,0,0.0,4474,4474.0,4869,4869.0,0.0,4869.0,4869.0,4474.0,4474.0
BraTS-GLI-03053-100,03053,100,5824461,"182,218,182",0.0,811.19091796875,52.88865280151367,99.56429290771484,23.16364198358351,5926506,"182,218,182",0.0,403.1022033691406,43.7000732421875,84.35880279541016,23.16364198358351,5873436,"182,218,182",0.0,185.96572875976562,16.780439376831055,32.39928436279297,23.16311574301291,5882996,"182,218,182",0.0,1022.6156005859375,65.92298889160156,131.16641235351562,23.163586589839234,40827,"182,218,182",4,35732,35732.0,24512.0,24512.0,38848,38848.0,24512,24512.0,0,0.0,3116,3116.0,0.003394528649090601,3116.0,3116.0,,
BraTS-GLI-03053-101,03053,101,5614839,"182,218,182",0.0,1971.292236328125,62.094459533691406,123.46971130371094,22.22711379758461,5668148,"182,218,182",0.0,541.331787109375,52.9586181640625,104.87137603759766,22.22711379758461,5731985,"182,218,182",0.0,215.5349578857422,20.779478073120117,41.74044418334961,22.226712192938628,5753686,"182,218,182",0.0,1481.3155517578125,90.11254119873047,193.8261260986328,22.227099949148542,48121,"182,218,182",4,62723,62723.0,6096.0,6096.0,75132,75132.0,6096,6096.0,0,0.0,12409,12409.0,0.0008442006627307565,12409.0,12409.0,,
BraTS-GLI-03053-102,03053,102,5750614,"182,218,182",0.0,1028.4681396484375,51.16994094848633,99.39864349365234,22.66066678557857,5824723,"182,218,182",0.0,324.5040283203125,41.838260650634766,82.49738311767578,22.66066678557857,5778605,"182,218,182",0.0,170.77420043945312,16.126649856567383,31.939970016479492,22.660639088706432,5784312,"182,218,182",0.0,877.91748046875,65.49943542480469,133.6443328857422,22.66066678557857,51341,"182,218,182",5,40745,40745.0,6735.0,6735.0,63092,63092.0,6735,6735.0,953,953.0,22347,22347.0,0.000932692169207947,22347.0,22347.0,953.0,953.0
BraTS-GLI-03054-100,03054,100,5690540,"182,218,182",0.0,776.5481567382812,45.4194450378418,87.95449829101562,22.44945043866306,5789934,"182,218,182",0.0,418.0651550292969,35.638328552246094,70.5167007446289,22.44945043866306,5729053,"182,218,182",0.0,233.86305236816406,15.028035163879395,30.12289810180664,22.449145773069556,5713571,"182,218,182",0.0,943.4453125,61.353702545166016,126.29192352294922,22.44943659022699,43227,"182,218,182",4,75300,75300.0,,,82662,82662.0,0,0.0,2597,2597.0,7362,7362.0,0.0,7362.0,7362.0,2597.0,2597.0
BraTS-GLI-03054-101,03054,101,5623909,"182,218,182",0.0,1213.010498046875,58.356910705566406,115.37541198730469,22.173783470285134,5668290,"182,218,182",0.0,573.4428100585938,49.95882034301758,98.9441146850586,22.173783470285134,5726902,"182,218,182",0.0,229.88629150390625,22.495670318603516,45.02867889404297,22.173617289052313,5744016,"182,218,182",0.0,1496.8048095703125,90.90769958496094,200.804931640625,22.173741924976927,48685,"182,218,182",4,76209,76209.0,,,89010,89010.0,0,0.0,3302,3302.0,12801,12801.0,0.0,12801.0,12801.0,3302.0,3302.0
BraTS-GLI-03055-100,03055,100,4758302,"182,218,182",0.0,822.4410400390625,38.97382354736328,83.45086669921875,18.827544317765106,4837676,"182,218,182",0.0,371.45635986328125,31.428619384765625,68.66145324707031,18.827544317765106,4780100,"182,218,182",0.0,139.7475128173828,13.247786521911621,28.94729995727539,18.827488924020834,4778204,"182,218,182",0.0,880.7872924804688,48.381004333496094,107.842041015625,18.827461227148696,39780,"182,218,182",4,44725,44725.0,1794.0,1794.0,45570,45570.0,1794,1794.0,0,0.0,845,845.0,0.0002484409430674175,845.0,845.0,,
BraTS-GLI-03054-102,03054,102,5674994,"182,218,182",0.0,1153.5108642578125,54.09367370605469,107.50423431396484,22.300565902491503,5708011,"182,218,182",0.0,451.6574401855469,44.646026611328125,87.96846008300781,22.300565902491503,5807575,"182,218,182",0.0,208.1533966064453,21.268817901611328,43.60833740234375,22.283103024609225,5780083,"182,218,182",0.0,1400.4097900390625,90.77371978759766,196.5847625732422,22.300565902491503,67671,"182,218,182",4,190757,190757.0,,,209858,209858.0,0,0.0,5919,5919.0,19101,19101.0,0.0,19101.0,19101.0,5919.0,5919.0
BraTS-GLI-03056-100,03056,100,4772957,"182,218,182",0.0,614.7633056640625,29.63979721069336,66.35780334472656,18.52876430958899,4619469,"182,218,182",0.0,626.4513549804688,50.745113372802734,108.48055267333984,18.52876430958899,4778513,"182,218,182",0.0,552.4037475585938,30.080074310302734,67.90654754638672,18.52876430958899,4768691,"182,218,182",0.0,852.4050903320312,60.2303466796875,138.92230224609375,18.52876430958899,72410,"182,218,182",5,159255,159255.0,26747.0,26747.0,171341,171341.0,26747,26747.0,1642,1642.0,12086,12086.0,0.0037040411952197413,12086.0,12086.0,1642.0,1642.0
BraTS-GLI-03056-101,03056,101,4716967,"182,218,182",0.0,606.7930297851562,28.06402587890625,64.05912017822266,18.20250900425313,4586294,"182,218,182",0.0,593.5108642578125,60.97650146484375,133.34161376953125,18.20250900425313,4717231,"182,218,182",0.0,411.92657470703125,31.34046745300293,72.3223876953125,18.20250900425313,4686574,"182,218,182",0.0,735.0467529296875,58.02022933959961,133.86631774902344,18.20250900425313,66762,"182,218,182",4,105388,105388.0,33778.0,33778.0,111188,111188.0,33778,33778.0,0,0.0,5800,5800.0,0.004677724735190206,5800.0,5800.0,,
BraTS-GLI-03059-100,03059,100,5667928,"182,218,182",0.0,1164.60693359375,59.890785217285156,115.10562133789062,22.485290191208126,5727708,"182,218,182",0.0,493.4516906738281,48.02510070800781,93.76220703125,22.485290191208126,5770850,"182,218,182",0.0,264.0320739746094,21.454423904418945,42.35719299316406,22.485234797463853,5764570,"182,218,182",0.0,1264.693603515625,81.0319595336914,167.21656799316406,22.485207100591715,48004,"182,218,182",4,88973,88973.0,26596.0,26596.0,89749,89749.0,26596,26596.0,0,0.0,776,776.0,0.0036831300567564305,776.0,776.0,,
BraTS-GLI-03059-101,03059,101,5583528,"182,218,182",0.0,1115.6995849609375,48.41259765625,95.96490478515625,21.980874755852074,5653317,"182,218,182",0.0,383.45477294921875,41.08220672607422,83.0411605834961,21.980874755852074,5631770,"182,218,182",0.0,162.08535766601562,16.948877334594727,34.7391242980957,21.980486999642157,5642522,"182,218,182",0.0,1039.850830078125,71.41390228271484,153.10284423828125,21.98045930277002,39894,"182,218,182",3,18157,18157.0,34172.0,34172.0,18157,18157.0,34172,34172.0,0,0.0,0,0.0,0.004732287573299772,,,,
BraTS-GLI-03060-101,03060,101,4313850,"182,218,182",0.0,1480.7900390625,47.38161849975586,110.88911437988281,16.925530865948247,4267177,"182,218,182",0.0,887.5429077148438,45.80134963989258,104.32772827148438,16.925530865948247,4363408,"182,218,182",0.0,569.3046875,28.91657066345215,68.4976806640625,16.925530865948247,4407858,"182,218,182",0.0,1080.2615966796875,71.59877014160156,173.83624267578125,16.92550316907611,39793,"182,218,182",4,52239,52239.0,2715.0,2715.0,53037,53037.0,2715,2715.0,0,0.0,798,798.0,0.00037598503925754655,798.0,798.0,,
BraTS-GLI-03060-100,03060,100,4269207,"182,218,182",0.0,1318.5262451171875,64.09907531738281,147.77359008789062,16.799745521138806,4225100,"182,218,182",0.0,656.9224853515625,52.44489669799805,119.69039916992188,16.799745521138806,4298551,"182,218,182",0.0,852.25048828125,29.347862243652344,69.7042236328125,16.799745521138806,4378781,"182,218,182",0.0,1712.45458984375,75.8947982788086,202.30422973632812,16.79971782426667,37352,"182,218,182",4,27110,27110.0,7387.0,7387.0,32838,32838.0,7387,7387.0,0,0.0,5728,5728.0,0.0010229839723740319,5728.0,5728.0,,
BraTS-GLI-03060-102,03060,102,4183525,"182,218,182",0.0,755.1612548828125,29.803075790405273,71.01864624023438,16.27479285509329,4237650,"182,218,182",0.0,380.04180908203125,24.137283325195312,58.75423049926758,16.27479285509329,4216250,"182,218,182",0.0,130.35377502441406,9.831270217895508,24.422561645507812,16.273449556794652,4172074,"182,218,182",0.0,671.3004760742188,41.692909240722656,103.73170471191406,16.27479285509329,42239,"182,218,182",4,58099,58099.0,3478.0,3478.0,59106,59106.0,3478,3478.0,0,0.0,1007,1007.0,0.0004816486064595753,1007.0,1007.0,,
BraTS-GLI-03061-100,03061,100,4687607,"182,218,182",0.0,970.8967895507812,48.644920349121094,105.50301361083984,18.57481035951648,4731596,"182,218,182",0.0,609.2866821289062,39.73643493652344,87.20661163330078,18.57481035951648,4772090,"182,218,182",0.0,301.22247314453125,18.10965347290039,40.06674575805664,18.574685723591863,4758401,"182,218,182",0.0,1218.065185546875,64.9683837890625,152.0260009765625,18.57474111733614,51514,"182,218,182",5,77622,77622.0,52634.0,52634.0,79099,79099.0,52634,52634.0,3,3.0,1477,1477.0,0.007288985840251089,1477.0,1477.0,3.0,3.0
BraTS-GLI-03061-101,03061,101,4716161,"182,218,182",0.0,1169.9666748046875,57.07344055175781,123.74810028076172,18.659078092992804,4745603,"182,218,182",0.0,464.15374755859375,40.68841552734375,88.13483428955078,18.659078092992804,4863240,"182,218,182",0.0,246.4358367919922,20.947431564331055,46.764991760253906,18.65889806332391,4834544,"182,218,182",0.0,1372.942138671875,78.80358123779297,184.4998779296875,18.659078092992804,326261,"182,218,182",5,110443,110443.0,12885.0,12885.0,141678,141678.0,12885,12885.0,6007,6007.0,31235,31235.0,0.0017843709874156492,31235.0,31235.0,6007.0,6007.0
BraTS-GLI-03061-102,03061,102,4601019,"182,218,182",0.0,1049.5045166015625,38.681541442871094,87.99879455566406,17.991805049472156,4635745,"182,218,182",0.0,470.1709899902344,32.7403678894043,73.8526840209961,17.991805049472156,4680216,"182,218,182",0.0,271.803466796875,17.734619140625,40.81060028076172,17.989270785671632,4657307,"182,218,182",0.0,1202.2767333984375,65.46334075927734,162.54635620117188,17.991805049472156,336701,"182,218,182",4,108516,108516.0,23171.0,23171.0,112941,112941.0,23171,23171.0,0,0.0,4425,4425.0,0.0032088211214131167,4425.0,4425.0,,
BraTS-GLI-03062-100,03062,100,5111415,"182,218,182",0.0,1516.50830078125,68.86971282958984,143.6221923828125,20.188471675516737,5093374,"182,218,182",0.0,967.6439819335938,57.92215347290039,119.02800750732422,20.188471675516737,5165714,"182,218,182",0.0,431.2642822265625,31.037174224853516,64.7548599243164,20.18820855523144,5213410,"182,218,182",0.0,1923.6116943359375,86.77490997314453,193.78114318847656,20.1884024333364,46904,"182,218,182",5,42902,42902.0,12327.0,12327.0,61567,61567.0,12327,12327.0,4656,4656.0,18665,18665.0,0.0017070967141538773,18665.0,18665.0,4656.0,4656.0
BraTS-GLI-03063-100,03063,100,4460144,"182,218,182",0.0,774.7463989257812,33.0985107421875,75.56178283691406,17.46672774750202,4518962,"182,218,182",0.0,401.530029296875,26.5222110748291,61.02479553222656,17.46672774750202,4466620,"182,218,182",0.0,147.79248046875,11.968521118164062,27.683204650878906,17.46602147726253,4485390,"182,218,182",0.0,937.8985595703125,52.921852111816406,128.5115509033203,17.46663080844954,51724,"182,218,182",5,47872,47872.0,47516.0,47516.0,54845,54845.0,47516,47516.0,1133,1133.0,6973,6973.0,0.00658022288226946,6973.0,6973.0,1133.0,1133.0
BraTS-GLI-03064-100,03064,100,5397339,"182,218,182",0.0,737.3140258789062,38.41392517089844,77.06910705566406,21.24419335075651,5492532,"182,218,182",0.0,305.9700927734375,31.497182846069336,64.54165649414062,21.24419335075651,5451664,"182,218,182",0.0,130.8030242919922,13.03516960144043,27.26258087158203,21.2430162336907,5406042,"182,218,182",0.0,832.60009765625,55.10841369628906,116.01655578613281,21.244082563267966,45418,"182,218,182",4,72367,72367.0,2527.0,2527.0,75220,75220.0,2527,2527.0,0,0.0,2853,2853.0,0.0003499499794489209,2853.0,2853.0,,
